dataset,factor2,head,head_index,idiv_per_mass,logcosh,m,method,output_nmse,row_l1,seed_count,seed_max,seed_mean,seed_median,seed_min,source
internal,,L14H0,0,,,16,SVD,,,1,0.00030880854252854747,0.00030880854252854747,0.00030880854252854747,0.00030880854252854747,product
internal,,L14H6,1,,,16,SVD,,,1,0.0038513020263825615,0.0038513020263825615,0.0038513020263825615,0.0038513020263825615,product
internal,,L27H0,2,,,16,SVD,,,1,0.006495540906288104,0.006495540906288104,0.006495540906288104,0.006495540906288104,product
internal,,L27H6,3,,,16,SVD,,,1,0.028237610859026128,0.028237610859026128,0.028237610859026128,0.028237610859026128,product
internal,,L14H0,0,,,16,NMF,,,1,0.0003118334694116016,0.0003118334694116016,0.0003118334694116016,0.0003118334694116016,product
internal,,L14H6,1,,,16,NMF,,,1,0.0039937168812417614,0.0039937168812417614,0.0039937168812417614,0.0039937168812417614,product
internal,,L27H0,2,,,16,NMF,,,1,0.0071540546514648915,0.0071540546514648915,0.0071540546514648915,0.0071540546514648915,product
internal,,L27H6,3,,,16,NMF,,,1,0.031491594475141806,0.031491594475141806,0.031491594475141806,0.031491594475141806,product
internal,0.008028411865234375,L14H0,0,11.548431932140918,8.884836028501361,16,aderf_orf,,,10,7.3356987691433595,1.768419555069468,1.002972530153501,0.9987131100616644,product
internal,0.013320732116699218,L14H6,1,8.631982091774017,7.5269437762166165,16,aderf_orf,,,10,4006.9810693225863,429.43381225009296,13.536593389530989,1.0146709201542634,product
internal,0.04022970199584961,L27H0,2,11.169855961760003,5.097352068219875,16,aderf_orf,,,10,12.16489409663439,2.89848120244031,1.0961690018196855,1.0004918886681005,product
internal,0.0067923545837402345,L27H6,3,15.929820918489352,8.756153541274392,16,aderf_orf,,,10,325914.41170707927,32592.507956447003,1.0008169384608374,0.9999884928160225,product
internal,0.010971546173095703,L14H0,0,9.854397811834971,7.527645385117704,16,balanced_orf,,,10,96.43002490344021,10.949187852040753,0.9994361035102846,0.994766230926796,product
internal,0.018277549743652345,L14H6,1,7.814905762186244,6.338044322562409,16,balanced_orf,,,10,9.688557449019353,2.0706993317012623,1.0509056079572239,0.9870137941458617,product
internal,0.08564319610595703,L27H0,2,4.786051812360645,2.810866909227588,16,balanced_orf,,,10,77.52442489979805,19.07712552072648,4.793654094322791,1.2112301487197044,product
internal,0.08807716369628907,L27H6,3,4.380202339459164,2.831510257125406,16,balanced_orf,,,10,1523.367206067782,202.75521553374918,31.313428146181252,1.1497852058501636,product
internal,0.014199256896972656,L14H0,0,10.669485822213197,8.059282038926035,16,balanced_sderf_orf,,,10,13.196400871664725,2.6769509433694636,1.0614629433698042,0.9942703771110858,product
internal,0.017940807342529296,L14H6,1,9.049866861631987,7.1985060623072075,16,balanced_sderf_orf,,,10,1782.1111049895505,215.11120765893943,3.998789092753068,1.1324933704765159,product
internal,0.08730516433715821,L27H0,2,4.929173984767569,2.9736947559264535,16,balanced_sderf_orf,,,10,508.9625521446709,72.73326215893627,11.93288840094627,1.644689389347192,product
internal,0.07814216613769531,L27H6,3,4.735229059757323,3.191384219320842,16,balanced_sderf_orf,,,10,11733.637785617566,1257.6990579108315,52.78100077590089,2.1772921025325997,product
internal,0.013126754760742187,L14H0,0,11.314268947061874,8.057591520772197,16,balanced_sderf_sobol,,,10,1277.6420942633774,131.13133673869754,1.9941018044104786,0.9987450234309591,product
internal,0.020224380493164062,L14H6,1,8.79166715721244,6.755671353786456,16,balanced_sderf_sobol,,,10,401.69599642964937,50.71926117569508,2.1893770630240894,1.0532914354524716,product
internal,0.08032407760620117,L27H0,2,8.306456966382534,2.909059422529426,16,balanced_sderf_sobol,,,10,327767.1520832067,32911.53789124211,92.00772410857158,3.071740301452118,product
internal,0.08529796600341796,L27H6,3,4.294651999701036,2.884351245125827,16,balanced_sderf_sobol,,,10,827.491185152677,129.4882191643689,63.44962627668366,2.7139652421233755,product
internal,0.06439943313598633,L14H0,0,11.700658241412302,4.7087190246422335,16,balanced_sderf_sobol_mass,,,10,372440.2030891386,40304.118184756066,3368.153831223415,31.3435575316443,product
internal,0.05892810821533203,L14H6,1,8.010257199819682,4.697773382745798,16,balanced_sderf_sobol_mass,,,10,17471.140529630437,2055.2644417222677,205.62207604568124,7.471745470839394,product
internal,0.10298166275024415,L27H0,2,12.642338040231781,2.7635521092610906,16,balanced_sderf_sobol_mass,,,10,1595602.7395724223,159741.30623793413,87.60530309955031,2.7831092852236443,product
internal,0.09194202423095703,L27H6,3,4.3780190987798715,2.871437208336282,16,balanced_sderf_sobol_mass,,,10,445.70672464339043,145.3717618154015,72.08461399484017,1.8546617327478299,product
internal,6.923675537109374e-05,L14H0,0,19.50614222018094,21.522884421385346,16,favor_orf,,,10,0.9999996088529156,0.9999328603383535,0.9999931695725583,0.9997277148876593,product
internal,0.0009104728698730469,L14H6,1,16.904020851738906,17.439311171695373,16,favor_orf,,,10,1.1984089567070586,1.0333816723363847,0.9995720188187249,0.9962260011296304,product
internal,0.0005594253540039063,L27H0,2,19.221568913354684,14.579156288196026,16,favor_orf,,,10,1.0003328230345736,1.0000329496512896,0.9999999610600686,0.9999842005836735,product
internal,0.00032901763916015625,L27H6,3,18.681104280455408,14.686664940483297,16,favor_orf,,,10,1.0003358485623652,1.0000296883901785,0.9999992913232914,0.9999801674943419,product
internal,0.04118919372558594,L14H0,0,6.709089382107358,5.527796106484039,16,learned_shared,,,3,13745.326455430955,5167.624266736671,1422.7663053364297,334.78003944262844,product
internal,0.046889940897623696,L14H6,1,7.48477127911213,5.010645551010854,16,learned_shared,,,3,40036.46679518303,23213.85598924107,24525.181897996146,5079.919274544043,product
internal,0.12514559427897134,L27H0,2,2.7992285605061547,2.2839314694257844,16,learned_shared,,,3,42.11267205717146,18.115257128892065,9.395582434061488,2.8375168954432515,product
internal,0.10641225179036458,L27H6,3,2.993507447030544,2.5815919737889175,16,learned_shared,,,3,198.24122842900553,83.65095931275494,28.931602852552217,23.780046656707043,product
internal,0.04459857940673828,L14H0,0,7.3522809100856605,5.411495423927707,16,learned_untied,,,3,10131.116539411527,4527.42871643126,2045.5439753374062,1405.6256345448462,product
internal,0.050065040588378906,L14H6,1,9.887285643653348,4.905601252377674,16,learned_untied,,,3,240234.7110858037,95011.19060292664,24366.44782877619,20432.412894200017,product
internal,0.11762428283691406,L27H0,2,2.7885665896738367,2.2738539485609532,16,learned_untied,,,3,40.57214893879926,17.928553215126183,9.71226887973334,3.5012418268459475,product
internal,0.10240364074707031,L27H6,3,3.036571647125857,2.531854379108767,16,learned_untied,,,3,336.2862265258796,124.54411278127118,19.699583102706605,17.646528715227372,product
internal,0.0017917633056640625,L14H0,0,14.441733588413456,18.041209069452773,16,sderf_orf,,,10,135.6279277350675,18.94457505410924,1.0012191778345159,0.9971855775912559,product
internal,0.0012823104858398437,L14H6,1,18.120477553880782,18.57632743881437,16,sderf_orf,,,10,26.3419657265893,5.376366645642076,1.0599875297430543,0.9993859776391,product
internal,0.016783905029296876,L27H0,2,10.737267980545502,7.996639934331138,16,sderf_orf,,,10,117.88270854329863,23.155429345745443,1.3093478884515468,1.010724990750967,product
internal,0.020198631286621093,L27H6,3,9.532738320869777,7.819291513260817,16,sderf_orf,,,10,1755.2304206031524,274.2538563075528,60.32286583887815,2.6543523242745697,product
internal,,L14H0,0,,,32,SVD,,,1,7.743376391120902e-05,7.743376391120902e-05,7.743376391120902e-05,7.743376391120902e-05,product
internal,,L14H6,1,,,32,SVD,,,1,0.0013653310932836985,0.0013653310932836985,0.0013653310932836985,0.0013653310932836985,product
internal,,L27H0,2,,,32,SVD,,,1,0.002207177449237345,0.002207177449237345,0.002207177449237345,0.002207177449237345,product
internal,,L27H6,3,,,32,SVD,,,1,0.009385797026466592,0.009385797026466592,0.009385797026466592,0.009385797026466592,product
internal,,L14H0,0,,,32,NMF,,,1,8.008208032489367e-05,8.008208032489367e-05,8.008208032489367e-05,8.008208032489367e-05,product
internal,,L14H6,1,,,32,NMF,,,1,0.0014561699599676924,0.0014561699599676924,0.0014561699599676924,0.0014561699599676924,product
internal,,L27H0,2,,,32,NMF,,,1,0.002750485987902428,0.002750485987902428,0.002750485987902428,0.002750485987902428,product
internal,,L27H6,3,,,32,NMF,,,1,0.011908604835961992,0.011908604835961992,0.011908604835961992,0.011908604835961992,product
internal,0.01097698211669922,L14H0,0,9.240703652553105,7.516453193827774,32,aderf_orf,,,10,153.12048717238946,18.75602350867775,1.8098893596322583,0.9956112431743397,product
internal,0.018602371215820312,L14H6,1,7.028283959316276,6.256168374287407,32,aderf_orf,,,10,1002.4883799698914,110.62771009533961,4.814384468746664,1.0929535029468749,product
internal,0.04604759216308594,L27H0,2,10.071852653372805,4.2301134007167045,32,aderf_orf,,,10,3.7898532412985064,1.4773441836469627,1.0277075965171036,1.0003612513615803,product
internal,0.010207557678222656,L27H6,3,13.54163346723306,7.399371392702593,32,aderf_orf,,,10,81478.57633493979,8148.85237555333,1.007417471269696,1.0000081913222414,product
internal,0.01537942886352539,L14H0,0,8.611420635751491,6.393708394639561,32,balanced_orf,,,10,24.746261067672798,3.6373028588262946,0.9998394947845544,0.9871731425462427,product
internal,0.022087955474853517,L14H6,1,6.70933642340852,5.4651714290627265,32,balanced_orf,,,10,148.33167118685955,17.26628790675632,1.2364073308364834,0.9864695609041796,product
internal,0.10813798904418945,L27H0,2,4.097995469102165,2.2606152116875093,32,balanced_orf,,,10,137.5838982229951,22.57955280462587,7.547983793498602,1.124973119393155,product
internal,0.11658935546875,L27H6,3,3.6104506714010802,2.2183990660817785,32,balanced_orf,,,10,676.5021851748972,155.06844333065894,39.15613917047635,1.7024971583119268,product
internal,0.018761920928955077,L14H0,0,9.103516492842243,6.73561578044603,32,balanced_sderf_orf,,,10,6.613877686000476,2.340675652123727,1.0127407563904467,0.9950530211016989,product
internal,0.029029655456542968,L14H6,1,19.327249880854794,5.5347042758121985,32,balanced_sderf_orf,,,10,43968876.96800142,4396968.384318274,32.48891486604548,2.271424729688223,product
internal,0.12171144485473633,L27H0,2,3.804255788347164,2.190789817620462,32,balanced_sderf_orf,,,10,128.24580735438892,26.41912685476126,13.288596270550105,2.755221746139788,product
internal,0.10629901885986329,L27H6,3,3.8222862481733357,2.4176319709962244,32,balanced_sderf_orf,,,10,2934.2604913335663,645.3630995146515,63.55422259100996,1.986678798013852,product
internal,0.018358707427978516,L14H0,0,9.858306275911662,6.6367134928052,32,balanced_sderf_sobol,,,10,318.6735005909092,33.824473367488025,1.319489504403558,0.9988471403641349,product
internal,0.027898406982421874,L14H6,1,7.590434385556698,5.478276887797127,32,balanced_sderf_sobol,,,10,845.4506036433584,99.39784134348106,2.7932570814284308,1.0732856664846535,product
internal,0.10984277725219727,L27H0,2,5.440157114840469,2.1964873043624835,32,balanced_sderf_sobol,,,10,81910.94937306583,8245.12956585101,69.21614712471181,4.9214990234492815,product
internal,0.11467828750610351,L27H6,3,3.360990768105009,2.2137954225696705,32,balanced_sderf_sobol,,,10,208.6237374819686,39.0899817026531,30.35648751697329,2.231553891963177,product
internal,0.1004323959350586,L14H0,0,9.731076715876924,3.359576804359392,32,balanced_sderf_sobol_mass,,,10,263230.84194836835,28333.133806644026,2000.9963000120295,21.979618230225867,product
internal,0.08013296127319336,L14H6,1,6.9838389197078925,3.702313336108454,32,balanced_sderf_sobol_mass,,,10,10459.807446299896,1889.1130787020907,278.39223218969573,3.1542644531077038,product
internal,0.1333308219909668,L27H0,2,6.81291711483258,2.0891921053342917,32,balanced_sderf_sobol_mass,,,10,252926.3868307486,25374.206539044815,84.4409055159275,2.633330600037507,product
internal,0.11748905181884765,L27H6,3,3.40921575591763,2.2353019544531167,32,balanced_sderf_sobol_mass,,,10,246.8628647663696,51.917820124588864,13.13672933595732,2.449250153702451,product
internal,0.00012407302856445312,L14H0,0,18.132364457681398,19.230809687270078,32,favor_orf,,,10,0.9999990400414507,0.9999529494217431,0.9999686962271449,0.9998603912911337,product
internal,0.0007706642150878906,L14H6,1,15.94460486672499,16.41959825450315,32,favor_orf,,,10,1.032924360842642,1.0077282312268612,0.9997030043636719,0.9976614255670628,product
internal,0.0008815765380859375,L27H0,2,16.734041735568958,12.597167870629065,32,favor_orf,,,10,1.2291454521998215,1.0229189878304576,0.9999999448114936,0.9999857707262539,product
internal,0.0026540756225585938,L27H6,3,16.34680028809289,12.531603256993838,32,favor_orf,,,10,164.22975287134227,17.322980150819493,0.9999982174255976,0.9999882587215718,product
internal,0.06548468271891277,L14H0,0,6.18475710120218,4.170068515025542,32,learned_shared,,,3,8973.782500991942,4613.43554865496,2485.5982782021642,2380.925866770776,product
internal,0.06968307495117188,L14H6,1,5.708293452528665,3.9116959279732058,32,learned_shared,,,3,16178.402501017688,8090.581994600419,4532.638646939256,3560.7048358443135,product
internal,0.15689404805501303,L27H0,2,2.422587079754915,1.7929551354527122,32,learned_shared,,,3,39.21038535438691,21.071662408995536,22.26969434906754,1.7349075235321636,product
internal,0.14187208811442056,L27H6,3,2.5106774641893352,1.9671330986489715,32,learned_shared,,,3,61.45007335985028,41.33707711313075,46.26457677876417,16.296581200777805,product
internal,0.06950441996256511,L14H0,0,7.271021966634323,4.074151356329879,32,learned_untied,,,3,6403.440877105041,5041.341621826626,5418.107344340997,3302.47664403384,product
internal,0.07288932800292969,L14H6,1,8.147683340218824,3.8263374674064927,32,learned_untied,,,3,191353.71347139016,71026.4423520863,12904.552159783481,8821.061425085278,product
internal,0.15150864919026694,L27H0,2,2.3555348690110898,1.7644193654399782,32,learned_untied,,,3,37.00940941981287,15.8765173728493,8.781938441188979,1.8382042575460495,product
internal,0.1380910873413086,L27H6,3,2.5404155405219324,1.9152430876363002,32,learned_untied,,,3,96.52776441023825,59.76237798558566,66.76770610368371,15.991663442835046,product
internal,0.002635765075683594,L14H0,0,12.522951800337259,14.902719004439444,32,sderf_orf,,,10,34.52354396706501,5.580263358497147,1.1018341180415185,0.9998348772977043,product
internal,0.0021078109741210936,L14H6,1,15.73067191885178,15.251913973072055,32,sderf_orf,,,10,7.2464705800836695,2.1060722742216926,1.0442929850810057,0.9997879431840383,product
internal,0.03827314376831055,L27H0,2,7.27868687444423,5.215726048297374,32,sderf_orf,,,10,433.5826013551316,65.68276766730399,12.936172372844377,3.2034869653809035,product
internal,0.02924175262451172,L27H6,3,7.4743214416677,6.000612552122101,32,sderf_orf,,,10,851.1308267938055,164.4084442360276,31.44948360461644,4.119772562867331,product
internal,,L14H0,0,,,64,SVD,,,1,1.2830191956682384e-05,1.2830191956682384e-05,1.2830191956682384e-05,1.2830191956682384e-05,product
internal,,L14H6,1,,,64,SVD,,,1,0.00034648655075953955,0.00034648655075953955,0.00034648655075953955,0.00034648655075953955,product
internal,,L27H0,2,,,64,SVD,,,1,0.0004914956043600333,0.0004914956043600333,0.0004914956043600333,0.0004914956043600333,product
internal,,L27H6,3,,,64,SVD,,,1,0.002274984613191454,0.002274984613191454,0.002274984613191454,0.002274984613191454,product
internal,,L14H0,0,,,64,NMF,,,1,1.4864162863356797e-05,1.4864162863356797e-05,1.4864162863356797e-05,1.4864162863356797e-05,product
internal,,L14H6,1,,,64,NMF,,,1,0.00040687801081908624,0.00040687801081908624,0.00040687801081908624,0.00040687801081908624,product
internal,,L27H0,2,,,64,NMF,,,1,0.0008072949364350986,0.0008072949364350986,0.0008072949364350986,0.0008072949364350986,product
internal,,L27H6,3,,,64,NMF,,,1,0.0037103965289483768,0.0037103965289483768,0.0037103965289483768,0.0037103965289483768,product
internal,0.014067268371582032,L14H0,0,8.15762922611256,6.5010903760979915,64,aderf_orf,,,10,408.5265872104779,45.96463881251215,1.210539949214533,0.9956522961589751,product
internal,0.023258686065673828,L14H6,1,6.157529575815561,5.346646382310429,64,aderf_orf,,,10,1039.413583308714,132.1674894025063,2.849318449277244,1.1306524392626724,product
internal,0.05344867706298828,L27H0,2,9.253848301684569,3.5594728083250162,64,aderf_orf,,,10,12.259564046650821,2.3280565818753183,1.0900430061180053,1.0094897843131132,product
internal,0.016066265106201173,L27H6,3,11.523885777721773,6.04018889457309,64,aderf_orf,,,10,20370.006629403684,2625.728524774723,1.016863516615357,1.0000021843140683,product
internal,0.020257091522216795,L14H0,0,7.972006484387691,5.455997791863117,64,balanced_orf,,,10,7.499558045347184,1.8278389090925635,1.0547079330220992,0.9871254157200606,product
internal,0.029857158660888672,L14H6,1,5.564834536971995,4.574725469698017,64,balanced_orf,,,10,254.79850964482728,30.479711588413334,1.189851209018208,0.9850335329118438,product
internal,0.14401988983154296,L27H0,2,3.3064646676505376,1.7508414127856256,64,balanced_orf,,,10,109.47107032617735,19.95524686093794,6.471236658991213,1.2883304480557922,product
internal,0.14352569580078126,L27H6,3,2.9630607680314553,1.7792938391352977,64,balanced_orf,,,10,170.80548235048474,51.57124298485619,32.09990142432769,3.4172589369776847,product
internal,0.02391986846923828,L14H0,0,8.317454108857806,5.641975013525214,64,balanced_sderf_orf,,,10,19.453274556224677,3.1555941142129136,1.3407994643107708,0.9972089953026609,product
internal,0.0357757568359375,L14H6,1,12.210054764498963,4.631145422240526,64,balanced_sderf_orf,,,10,10992325.742581971,1099355.1885221952,20.139893169044054,2.096071297434559,product
internal,0.15929708480834961,L27H0,2,2.98571413911123,1.643141104104607,64,balanced_sderf_orf,,,10,284.9620164485081,47.424029388502404,9.406994658221073,2.247303645620219,product
internal,0.14452285766601564,L27H6,3,2.906217431731247,1.7701559088610896,64,balanced_sderf_orf,,,10,2020.2356649718818,296.73882955260945,24.242012787733245,3.3297894396791565,product
internal,0.023847103118896484,L14H0,0,8.263219058211114,5.538862413086312,64,balanced_sderf_sobol,,,10,496.69821884212286,60.8931596723319,2.092882855867225,1.040654833677675,product
internal,0.03720006942749023,L14H6,1,7.747418559078203,4.484792362711858,64,balanced_sderf_sobol,,,10,184929.22080096,18521.24011007304,6.700664097329914,1.1492018300595692,product
internal,0.14699268341064453,L27H0,2,3.709070340567414,1.6488478794733132,64,balanced_sderf_sobol,,,10,20466.672225524322,2065.406724466813,22.255714483224487,2.645786257763799,product
internal,0.14861736297607422,L27H6,3,2.6688411470035023,1.6884482456073289,64,balanced_sderf_sobol,,,10,64.21015433051356,27.620111168078505,14.084594239624838,2.553925839446923,product
internal,0.12223920822143555,L14H0,0,10.563882144332142,2.716781111374905,64,balanced_sderf_sobol_mass,,,10,436501.39033185405,57053.77659074792,1864.8188641142115,34.72049237574044,product
internal,0.09256105422973633,L14H6,1,5.927698204078522,3.242294516267253,64,balanced_sderf_sobol_mass,,,10,11211.615138374409,1536.7396496046754,252.6088140915956,22.96468707684796,product
internal,0.17411403656005858,L27H0,2,3.7228585427165655,1.5528915054747507,64,balanced_sderf_sobol_mass,,,10,20795.10039174014,2109.1160758293872,31.80444877842097,3.513746676290053,product
internal,0.16816720962524415,L27H6,3,2.678794124988488,1.5901167614199656,64,balanced_sderf_sobol_mass,,,10,138.09572198649852,43.62371563495573,27.71774940655829,7.181068034485999,product
internal,0.07916037241617839,L14H0,0,18.3133298466788,3.59494986375859,64,beta15_shared,,,3,254703.94939281757,87216.0730408015,3982.568399295635,2961.701330291266,product
internal,0.04641532897949219,L14H6,1,5.088138751458165,4.104906138744514,64,beta15_shared,,,3,2477.3711673877224,1392.1977155805737,967.3752228952131,731.8467564587854,product
internal,0.11036332448323567,L27H0,2,2.358835794108917,1.9063038529919176,64,beta15_shared,,,3,5.444317582678932,2.6249685401053635,1.3396463954884423,1.0909416421487164,product
internal,0.0966326395670573,L27H6,3,2.526969016072901,2.112945174921503,64,beta15_shared,,,3,41.08997946439826,16.088879613073413,5.409284789377583,1.7673745854443879,product
internal,0.08405049641927083,L14H0,0,17.20451884397389,3.5043980488688917,64,beta15_untied,,,3,192326.24043942144,65674.4670983689,3273.895366929042,1423.265488756245,product
internal,0.04963334401448568,L14H6,1,4.681974800599817,4.016384467076096,64,beta15_untied,,,3,1473.560948913325,1110.5679348279766,1353.30733861612,504.8355169544846,product
internal,0.11397711435953777,L27H0,2,2.367913754112973,1.8446773715792066,64,beta15_untied,,,3,8.306076631448304,3.595019203620948,1.3846733805109026,1.094307598903636,product
internal,0.09827613830566406,L27H6,3,2.5834347547573384,2.053645413542016,64,beta15_untied,,,3,87.93282179490592,31.441358924995182,4.289257379904313,2.101997600175312,product
internal,0.00016574859619140626,L14H0,0,16.949977690680477,17.725408216127374,64,favor_orf,,,10,0.999998748786392,0.9999486680740668,0.9999773679721848,0.9997770886811269,product
internal,0.0014082908630371094,L14H6,1,14.105241562817193,14.826659189130066,64,favor_orf,,,10,4.222817259425967,1.3516759968834284,0.9996990545211102,0.9909097282472236,product
internal,0.0012628555297851563,L27H0,2,14.827061035171713,10.953642977008519,64,favor_orf,,,10,1.0569761575268461,1.005695579504506,0.9999986213611809,0.9999886837534917,product
internal,0.002387523651123047,L27H6,3,14.90321271925614,11.322306377592897,64,favor_orf,,,10,41.704967635161275,5.071862998948151,1.000001060990847,0.9999911438856736,product
internal,0.09574667612711589,L14H0,0,10.429481901870767,3.1916545423345397,64,learned_shared,,,3,129074.94240659183,43393.289206816255,831.4449399864727,273.4802738704677,product
internal,0.0785992940266927,L14H6,1,4.919998795503745,3.2833589946998942,64,learned_shared,,,3,8523.49578337894,4536.215360760555,4092.4891505138235,992.6611483889044,product
internal,0.2099297841389974,L27H0,2,1.9087921806998611,1.318234436156034,64,learned_shared,,,3,25.123111332274288,11.7362491782458,7.176967886165534,2.9086683162975806,product
internal,0.1901699701944987,L27H6,3,2.244227535259062,1.4657372041972991,64,learned_shared,,,3,370.1895223077576,139.80698948475015,36.08798460222589,13.143461544266914,product
internal,0.10016886393229167,L14H0,0,9.964826162265636,3.12161442150896,64,learned_untied,,,3,107286.59927314307,36452.925315399036,1383.592220938775,688.584452115243,product
internal,0.07970937093098958,L14H6,1,5.345501927584427,3.260599969149423,64,learned_untied,,,3,37618.27187040763,14721.8820678204,3364.157257534489,3183.217075519079,product
internal,0.20362281799316406,L27H0,2,1.8878785492241008,1.298613917572492,64,learned_untied,,,3,21.16595133365143,9.654874962343383,4.218781086108711,3.579892467270006,product
internal,0.1859890619913737,L27H6,3,2.2942219253327902,1.4278122608991033,64,learned_untied,,,3,449.0951683577296,172.36511843835737,39.33798414764217,28.662202809700254,product
internal,0.003735065460205078,L14H0,0,9.57853417382566,12.624093347322432,64,sderf_orf,,,10,1650.6963465163249,172.82298499391248,1.3248258035710796,0.9946865935911708,product
internal,0.0026635169982910157,L14H6,1,13.92917154644887,13.283606838069108,64,sderf_orf,,,10,7.053864725290737,1.8760019447964187,1.0543006566823219,1.003546819161328,product
internal,0.04479856491088867,L27H0,2,6.105675847587987,4.3479312301863935,64,sderf_orf,,,10,133.90994103679407,32.104047647883384,7.00696393273442,2.55141070259765,product
internal,0.0388371467590332,L27H6,3,5.813596582132324,4.724690268707264,64,sderf_orf,,,10,381.2201480989946,85.11310784062884,32.82579238896752,3.1524647437600715,product
internal,,L14H0,0,,,128,SVD,,,1,1.3668515681648884e-06,1.3668515681648884e-06,1.3668515681648884e-06,1.3668515681648884e-06,product
internal,,L14H6,1,,,128,SVD,,,1,5.6028148694258186e-05,5.6028148694258186e-05,5.6028148694258186e-05,5.6028148694258186e-05,product
internal,,L27H0,2,,,128,SVD,,,1,6.0517998418665286e-05,6.0517998418665286e-05,6.0517998418665286e-05,6.0517998418665286e-05,product
internal,,L27H6,3,,,128,SVD,,,1,0.00033222340286271436,0.00033222340286271436,0.00033222340286271436,0.00033222340286271436,product
internal,,L14H0,0,,,128,NMF,,,1,2.206802899358607e-06,2.206802899358607e-06,2.206802899358607e-06,2.206802899358607e-06,product
internal,,L14H6,1,,,128,NMF,,,1,8.661900115347596e-05,8.661900115347596e-05,8.661900115347596e-05,8.661900115347596e-05,product
internal,,L27H0,2,,,128,NMF,,,1,0.00018138905696561653,0.00018138905696561653,0.00018138905696561653,0.00018138905696561653,product
internal,,L27H6,3,,,128,NMF,,,1,0.0008933261960122757,0.0008933261960122757,0.0008933261960122757,0.0008933261960122757,product
internal,0.020850181579589844,L14H0,0,6.707576338776663,5.377785973561008,128,aderf_orf,,,10,186.13611971381297,42.6611698174233,7.505752698856773,1.0128930977212547,product
internal,0.031081485748291015,L14H6,1,5.025106729958086,4.47786632233584,128,aderf_orf,,,10,260.0038147794315,39.41153758300776,4.767990002564031,1.6686243238391896,product
internal,0.0692671775817871,L27H0,2,8.007580460632024,2.8808693898128945,128,aderf_orf,,,10,14.727689553628448,4.081560445888762,1.191301386424108,1.0478327239443894,product
internal,0.018576622009277344,L27H6,3,10.412994238629306,5.336689900112029,128,aderf_orf,,,10,5093.057915326733,657.1220629892789,1.006718148886622,0.9999715707010058,product
internal,0.026282024383544923,L14H0,0,6.542102574210273,4.6395011201557335,128,balanced_orf,,,10,3.2541805779154567,1.4608756919806916,1.10878101379026,0.9889979934738756,product
internal,0.038948345184326175,L14H6,1,4.901010893593368,3.875999502785958,128,balanced_orf,,,10,64.0871646757616,9.74239461089579,1.5339286271837564,1.0288682136953893,product
internal,0.18482179641723634,L27H0,2,2.7126578808442643,1.3499838921642433,128,balanced_orf,,,10,573.4237323826477,68.605137988542,6.443865468221708,1.2237551614194402,product
internal,0.17280130386352538,L27H6,3,2.4705570765018594,1.4413805058833833,128,balanced_orf,,,10,133.25521846032206,24.86349215103159,12.299720273522396,3.5853783450704904,product
internal,0.03215646743774414,L14H0,0,7.106311240640406,4.6403081454029245,128,balanced_sderf_orf,,,10,342.7848570869196,42.265499237825814,1.3183724142391413,1.017331761524297,product
internal,0.04902572631835937,L14H6,1,8.014690980486014,3.717256556540265,128,balanced_sderf_orf,,,10,2749975.166173163,275040.41034396115,17.181078882126165,3.959722867822398,product
internal,0.20723428726196289,L27H0,2,2.215935679123909,1.2180183227649064,128,balanced_sderf_orf,,,10,206.60643423367065,33.76332140488783,4.325165284094862,1.5275342011985191,product
internal,0.1998427391052246,L27H6,3,2.2555825443885515,1.2744048971409838,128,balanced_sderf_orf,,,10,510.79136328882544,139.20288721393342,82.1455729913849,4.193674463240031,product
internal,0.031262683868408206,L14H0,0,7.351924593551206,4.643445342291924,128,balanced_sderf_sobol,,,10,1762.5672952650616,193.4988959702124,4.956161014717825,1.0085810463005855,product
internal,0.0500640869140625,L14H6,1,6.015793269402956,3.646672548645906,128,balanced_sderf_sobol,,,10,46220.25983376545,4669.995292150122,21.186170989020866,1.4927016596335663,product
internal,0.1966522216796875,L27H0,2,2.577710396608291,1.224652039424407,128,balanced_sderf_sobol,,,10,5110.348567181304,523.3886283620199,9.529594126028506,3.484469182483531,product
internal,0.19712038040161134,L27H6,3,2.2034663416361386,1.2683264008405615,128,balanced_sderf_sobol,,,10,1481.0894545611145,197.62199853654542,20.405253328155048,5.374973526512866,product
internal,0.14578847885131835,L14H0,0,8.06291883204893,2.3286524846325833,128,balanced_sderf_sobol_mass,,,10,55751.439474595434,10877.324421083918,2362.0333516260043,28.04330373489367,product
internal,0.12599802017211914,L14H6,1,5.165371654988324,2.4699286496105968,128,balanced_sderf_sobol_mass,,,10,10331.11947588742,2183.5011519591485,504.2260368701761,60.08138053866252,product
internal,0.22284040451049805,L27H0,2,2.7137782377320976,1.1547635849431468,128,balanced_sderf_sobol_mass,,,10,8499.529135619749,867.6814457954848,11.561652539740104,2.936831473600873,product
internal,0.22378129959106446,L27H6,3,2.1913266952074637,1.1748170029942324,128,balanced_sderf_sobol_mass,,,10,1064.7922570141718,187.95595552782964,27.7972591904528,5.169985225826228,product
internal,0.0001392364501953125,L14H0,0,15.851773048502242,16.9566449594603,128,favor_orf,,,10,0.9999938454619917,0.9999171510685094,0.9999517451185973,0.9997394750922978,product
internal,0.0014806747436523437,L14H6,1,12.9112468008672,13.685485133887628,128,favor_orf,,,10,1.8296764567384114,1.10751987914269,0.9996104854012562,0.9889693724410029,product
internal,0.0012343406677246093,L27H0,2,13.926923138601959,10.353615239101213,128,favor_orf,,,10,1.0140889818177181,1.0014067246960665,0.9999979817933058,0.9999910142676061,product
internal,0.002816009521484375,L27H6,3,13.472264931418854,10.118995645752356,128,favor_orf,,,10,11.124989309250179,2.013116346003432,1.0000204481628068,0.999831935371649,product
internal,0.12773895263671875,L14H0,0,9.655830790648947,2.428340706492886,128,learned_shared,,,3,144464.5133363236,48960.888897797246,2221.1775386132945,196.97581845482998,product
internal,0.11078739166259766,L14H6,1,4.115451556000746,2.4950735438093883,128,learned_shared,,,3,2862.931564351992,1595.8369260949155,1606.0260994175092,318.5531145152455,product
internal,0.27102915445963544,L27H0,2,1.5290436084515215,0.9816835665090867,128,learned_shared,,,3,8.412219902577197,5.521548616373255,4.35377904160817,3.7986469049343965,product
internal,0.23296324412027994,L27H6,3,2.5282260612208276,1.13799933385792,128,learned_shared,,,3,5269.069422216662,2054.8206141501855,835.5672946058754,59.82512562801811,product
internal,0.1320962905883789,L14H0,0,10.233301724387138,2.376005139859227,128,learned_untied,,,3,167638.07881560604,56809.90014116731,2656.7558323105586,134.8657755853302,product
internal,0.11246617635091145,L14H6,1,4.319322673537237,2.4649352626438588,128,learned_untied,,,3,3729.090019028048,2102.7966298475512,2055.84456220977,523.4553083048353,product
internal,0.26427427927652997,L27H0,2,1.5253707086897739,0.9671739532609948,128,learned_untied,,,3,5.931775138834002,4.496757922095598,4.242112792119501,3.3163858353332913,product
internal,0.22764078776041666,L27H6,3,2.4990365511608883,1.1178439421362907,128,learned_untied,,,3,5813.806293737434,2205.691090123805,743.4731607636875,59.793815870293415,product
internal,0.0053500175476074215,L14H0,0,8.426259412382773,10.744262494918479,128,sderf_orf,,,10,413.0103480160369,44.38765663895622,1.8309567136208238,0.9946579949469665,product
internal,0.00420074462890625,L14H6,1,13.2184060181667,10.95695694719453,128,sderf_orf,,,10,895640.2149469338,89566.89683596979,1.9737796708204445,1.003212785713448,product
internal,0.05921516418457031,L27H0,2,4.9627177055073,3.5194048754292924,128,sderf_orf,,,10,85.27193288314498,28.540858965348416,6.9192259245149215,2.3556043375908127,product
internal,0.05872783660888672,L27H6,3,4.550789546989428,3.544319665242643,128,sderf_orf,,,10,181.82850284520967,33.94759493583997,13.503118651037191,4.4270470684362495,product
internal,,L14H0,0,,,16,SVD,,,1,0.10797897356220032,0.10797897356220032,0.10797897356220032,0.10797897356220032,same_context
internal,,L14H6,1,,,16,SVD,,,1,0.05775822758764504,0.05775822758764504,0.05775822758764504,0.05775822758764504,same_context
internal,,L27H0,2,,,16,SVD,,,1,0.010735560176917156,0.010735560176917156,0.010735560176917156,0.010735560176917156,same_context
internal,,L27H6,3,,,16,SVD,,,1,0.013269678074909358,0.013269678074909358,0.013269678074909358,0.013269678074909358,same_context
internal,,L14H0,0,,,16,NMF,,,1,0.10808106431889246,0.10808106431889246,0.10808106431889246,0.10808106431889246,same_context
internal,,L14H6,1,,,16,NMF,,,1,0.05879773254726,0.05879773254726,0.05879773254726,0.05879773254726,same_context
internal,,L27H0,2,,,16,NMF,,,1,0.01117630359660184,0.01117630359660184,0.01117630359660184,0.01117630359660184,same_context
internal,,L27H6,3,,,16,NMF,,,1,0.01376113187505364,0.01376113187505364,0.01376113187505364,0.01376113187505364,same_context
internal,0.007498645782470703,L14H0,0,15.53423949278428,9.392922601672412,16,aderf_orf,4.23602297592352,1.2643026961686805,10,1.0867942065743952,1.0212529949053497,1.0161682462720119,0.9999810124213083,same_context
internal,0.011351490020751953,L14H6,1,19.073667777857636,8.329783292303823,16,aderf_orf,1.8549588458221116,1.3387076921977439,10,2.2649364765147224,1.1538337299521344,1.0061847147769056,1.0000503635064257,same_context
internal,0.038294410705566405,L27H0,2,13.115968923281653,5.444073620147093,16,aderf_orf,0.9344910345621835,1.5592889649778803,10,12.455247275884702,2.605853107966395,1.0018449528145417,1.0000154916794222,same_context
internal,0.0051554679870605465,L27H6,3,17.001886642908403,9.471507894587088,16,aderf_orf,4.109257635906597,1.6622764898202775,10,4.5374448197160575,1.3689853635052585,1.00028759187142,0.9999999986093542,same_context
internal,0.01002330780029297,L14H0,0,14.367440754359952,7.9534436804492215,16,balanced_orf,2.970769845365555,1.0296416286074235,10,10.199785747623896,1.9312051154416323,1.0130897399446592,0.9994726542970862,same_context
internal,0.013080596923828125,L14H6,1,17.765481621019198,7.274236602465196,16,balanced_orf,1.6415159368130898,1.3344196311648955,10,1.0118957100132573,1.0030806370175116,1.0001890615693525,0.9990926152401227,same_context
internal,0.07949819564819335,L27H0,2,6.2393674880178,3.0205272042464895,16,balanced_orf,0.5275618100012118,1.270116195802641,10,42.59788598057619,6.694542369882886,1.1820183436101963,1.003026162863814,same_context
internal,0.0778839111328125,L27H6,3,5.789894009449207,3.139256060233818,16,balanced_orf,0.9585034554696954,1.2485282016973829,10,24.624090144765816,6.8234144437214805,1.924155317088129,1.0012885107647969,same_context
internal,0.012464141845703125,L14H0,0,14.677482101992075,8.538653626843342,16,balanced_sderf_orf,4.410369910440435,1.282725479790416,10,241.84765860283136,25.15510964286942,1.0448409489206831,0.9992351007643834,same_context
internal,0.014479923248291015,L14H6,1,17.812828834653814,8.013778936048846,16,balanced_sderf_orf,2.2229608283147937,1.5020614139873887,10,1.0945997469789632,1.025002415112915,1.0018536969795464,0.9999469167739938,same_context
internal,0.08773832321166992,L27H0,2,6.019646458362589,3.0827700609547235,16,balanced_sderf_orf,0.6854239280396589,1.3414247945734874,10,28.36585102390597,8.3394338079029,6.286339553638184,1.0821410517073253,same_context
internal,0.06805286407470704,L27H6,3,5.971764252214734,3.4970566311404716,16,balanced_sderf_orf,1.3888873309680871,1.3323018497369528,10,90.51999919137893,21.708288946798262,5.201483819147567,1.008567187233563,same_context
internal,0.012354373931884766,L14H0,0,14.551126585382914,8.35853051765577,16,balanced_sderf_sobol,4.836897728901209,1.3832136124367078,10,391.9766891477194,40.28189521799246,1.1093286845450643,1.0005266806694733,same_context
internal,0.017642784118652343,L14H6,1,16.261502105975804,7.3469516234226715,16,balanced_sderf_sobol,2.54889910859887,1.5885551094610844,10,1.1488408793941611,1.024361941296603,1.0107850305278432,0.9996574795609866,same_context
internal,0.07690448760986328,L27H0,2,6.111127076221246,3.0387197527430096,16,balanced_sderf_sobol,0.6986955101834503,1.3389348479384986,10,2936.6579846454456,313.1602730690626,17.643760316583634,1.38886742673747,same_context
internal,0.07796392440795899,L27H6,3,5.785178491314843,3.10552785334307,16,balanced_sderf_sobol,1.4066560305478177,1.3262299930648447,10,390.11022384528815,48.3011839832156,3.0380771659266532,1.0274706881017024,same_context
internal,0.061086082458496095,L14H0,0,13.23156478944646,4.995570603734545,16,balanced_sderf_sobol_mass,4.836897728901209,1.3832136124367078,10,113647.74021833517,12010.959427320295,84.47311173363599,1.285442331275388,same_context
internal,0.051401710510253905,L14H6,1,14.247657063310902,5.254846126627629,16,balanced_sderf_sobol_mass,2.54889910859887,1.5885551094610844,10,32.34771829235408,5.671029738879101,2.0281166575762906,1.008263441841949,same_context
internal,0.09820938110351562,L27H0,2,6.613158350075976,2.885109091320923,16,balanced_sderf_sobol_mass,0.6986955101834504,1.3389348479384986,10,14300.283803459803,1470.667785380167,26.490614719921567,1.147595811372146,same_context
internal,0.08426027297973633,L27H6,3,6.0229596722524645,3.0899381414514457,16,balanced_sderf_sobol_mass,1.4066560305478175,1.3262299930648447,10,1819.5493080939275,188.25455349676278,5.337520702482365,1.0007307687896236,same_context
internal,4.596710205078125e-05,L14H0,0,30.044406130738025,23.22866677752437,16,favor_orf,1.6974181777734512,0.5772268081513372,10,0.9999999385098485,0.9999894431038581,0.9999980486697702,0.9999449002239876,same_context
internal,0.0012830734252929688,L14H6,1,39.934882821702445,19.12102066497426,16,favor_orf,1.5533443072424309,1.1011490255332794,10,18.058605687183075,2.706929032950021,1.0000004603943673,0.9999984051048507,same_context
internal,0.00046987533569335936,L27H0,2,22.349072731371667,15.278855836540748,16,favor_orf,1.3930062391626308,1.6403433259072078,10,1.0019207122574987,1.000191706471057,0.9999999590877926,0.9999974018383996,same_context
internal,0.00021963119506835939,L27H6,3,21.819259054825515,15.635607704610972,16,favor_orf,4.890132391011997,1.7041981902371557,10,1.0000839803369221,1.00000720294448,0.9999999275469263,0.9999897442729693,same_context
internal,0.03381474812825521,L14H0,0,19.173416302386425,6.143712364125875,16,learned_shared,1.24128248355429,0.4188627069668658,3,328422.4667963932,114451.80026747232,13078.610351265856,1854.3236547578556,same_context
internal,0.044640541076660156,L14H6,1,13.384584880152824,5.342244365322805,16,learned_shared,1.319190732552975,0.9779923801973283,3,2.184628665580694,1.7585372131876624,1.8811767702564552,1.209806203725837,same_context
internal,0.11745134989420573,L27H0,2,4.056677498237148,2.451872010015629,16,learned_shared,0.4335144999626322,1.192588391738816,3,79.78694038550934,29.178771887839304,6.732145616839209,1.0172296611693725,same_context
internal,0.10152435302734375,L27H6,3,4.574119047453978,2.7515529991742618,16,learned_shared,1.556087253805902,1.2368097996787986,3,191.09932507035268,64.92138645068484,2.0800084727256523,1.5848258089761746,same_context
internal,0.037650744120279946,L14H0,0,18.643750382066674,5.9556448269705795,16,learned_untied,1.2578182396188435,0.4250913169898167,3,280319.4635033899,96658.37596026242,5412.907895274008,4242.756482123365,same_context
internal,0.049254417419433594,L14H6,1,13.22854436468127,5.169249732063213,16,learned_untied,1.3075451037302754,0.9789346451151127,3,1.9845002286813893,1.7274401985362218,1.9544003959254406,1.2434199710018354,same_context
internal,0.10901864369710286,L27H0,2,4.080585342447247,2.4381956640276123,16,learned_untied,0.4726249179519935,1.205372763383835,3,107.45809884707829,37.60897960763155,4.355437732342986,1.0134022434733694,same_context
internal,0.09931755065917969,L27H6,3,4.607373096812435,2.65282899053839,16,learned_untied,1.8513946093695945,1.2394090398248017,3,174.76836855453908,59.99892103643924,3.6294851805733463,1.598909374205294,same_context
internal,0.0017859458923339844,L14H0,0,22.978755208336786,18.922473153907486,16,sderf_orf,3.330941589254722,0.9239518235401445,10,31.90981247038583,4.324347739896907,0.999987590822222,0.9991189026730686,same_context
internal,0.0010698318481445312,L14H6,1,35.87018091443521,20.256299995283626,16,sderf_orf,2.2300510613674716,1.3362838345162118,10,1.1056376663965901,1.013084156369847,1.0000740963717,0.9999986229737625,same_context
internal,0.015375709533691407,L27H0,2,12.60988219302991,8.382906040115557,16,sderf_orf,0.9002470600542374,1.570249509302209,10,207.60989412231132,25.12822376772747,1.0611782569805608,1.0040754629776019,same_context
internal,0.01982879638671875,L27H6,3,11.29761245742979,7.938045034833756,16,sderf_orf,2.1775651170664525,1.6478712063006569,10,594.2320936253888,65.87077819480763,1.732185756420298,1.0698595887543965,same_context
internal,,L14H0,0,,,32,SVD,,,1,0.04987468676774653,0.04987468676774653,0.04987468676774653,0.04987468676774653,same_context
internal,,L14H6,1,,,32,SVD,,,1,0.01216865476998134,0.01216865476998134,0.01216865476998134,0.01216865476998134,same_context
internal,,L27H0,2,,,32,SVD,,,1,0.0024405435131461383,0.0024405435131461383,0.0024405435131461383,0.0024405435131461383,same_context
internal,,L27H6,3,,,32,SVD,,,1,0.003418642677488849,0.003418642677488849,0.003418642677488849,0.003418642677488849,same_context
internal,,L14H0,0,,,32,NMF,,,1,0.05000702748594987,0.05000702748594987,0.05000702748594987,0.05000702748594987,same_context
internal,,L14H6,1,,,32,NMF,,,1,0.013910387438998483,0.013910387438998483,0.013910387438998483,0.013910387438998483,same_context
internal,,L27H0,2,,,32,NMF,,,1,0.002759995978580236,0.002759995978580236,0.002759995978580236,0.002759995978580236,same_context
internal,,L27H6,3,,,32,NMF,,,1,0.0038838756661323972,0.0038838756661323972,0.0038838756661323972,0.0038838756661323972,same_context
internal,0.010369873046875,L14H0,0,13.299935679891718,7.945444295741758,32,aderf_orf,3.077339235921797,0.9941196540237701,10,176.5336796740733,19.62629403948066,1.007795029027237,0.9997706961129038,same_context
internal,0.016237163543701173,L14H6,1,16.754700302344926,6.933108258805078,32,aderf_orf,1.672548197245781,1.2554048795489157,10,10.100365686610644,1.9440688254616252,1.0015892743098413,1.0004424703188555,same_context
internal,0.04369640350341797,L27H0,2,11.713362329050057,4.528526048374504,32,aderf_orf,0.8201077705477277,1.51374997531667,10,3.8620703407353356,1.4010455652019496,1.008266969371905,0.9999930013194727,same_context
internal,0.009448719024658204,L27H6,3,14.809472498599188,7.9530398532406466,32,aderf_orf,3.1307702537106556,1.6030222531276288,10,1.8834785707289519,1.1194255726376268,1.0011823064929546,0.9999996370466296,same_context
internal,0.013798236846923828,L14H0,0,12.784724888218127,6.820692944646225,32,balanced_orf,2.916282315055274,0.9756438566776258,10,12.993040737526442,2.43682024984176,1.0124690327946113,1.0000267531192708,same_context
internal,0.015934085845947264,L14H6,1,15.744537365753567,6.344727816832186,32,balanced_orf,1.4622289620165627,1.234627072652447,10,1.4358116051877647,1.0515006438673655,1.0045487166095628,0.9993482926832852,same_context
internal,0.10100460052490234,L27H0,2,5.297443219295717,2.42791741996938,32,balanced_orf,0.4618896371020774,1.1978961731688156,10,11.451706535946753,2.650516728499011,1.2408791648588093,0.9979576325749889,same_context
internal,0.10465278625488281,L27H6,3,4.8128482358319165,2.4511623922164234,32,balanced_orf,0.8442444863241549,1.171725919308748,10,6.880458565078948,2.7459676081535784,1.8304958801180642,1.0131832369086953,same_context
internal,0.016096878051757812,L14H0,0,12.609247563993065,7.179843865661195,32,balanced_sderf_orf,3.975375198012628,1.2017148195492886,10,61.095777932270146,7.610843615083516,1.059973310261983,1.0006688428351298,same_context
internal,0.02306060791015625,L14H6,1,14.833092671841026,6.299609110835279,32,balanced_sderf_orf,1.8790642950453589,1.367398192935634,10,83.30838712111768,9.312864302138971,1.013154901310887,1.0000861098135925,same_context
internal,0.11977148056030273,L27H0,2,4.819888240941635,2.288143454649725,32,balanced_sderf_orf,0.6803955730646203,1.2615604063172141,10,11.721566799975779,4.548482021287834,3.2796883530333587,1.0795725455193381,same_context
internal,0.09813528060913086,L27H6,3,4.822799441003087,2.611091634779684,32,balanced_sderf_orf,1.230577229891931,1.2457298376227122,10,46.66810316853703,12.385078229354068,8.685288451047025,1.133025569130229,same_context
internal,0.016838264465332032,L14H0,0,12.930508803859865,6.976797917003713,32,balanced_sderf_sobol,4.557644474496136,1.381220419387919,10,98.66754405569125,11.522795389274147,1.022907962874683,1.000108643497105,same_context
internal,0.02466888427734375,L14H6,1,14.103559171810508,6.0150080519637,32,balanced_sderf_sobol,2.4032191241255885,1.558245140391911,10,15.141718300223307,2.7776086360639747,1.0169209661011398,1.0003491367176909,same_context
internal,0.10651884078979493,L27H0,2,4.85661804894644,2.3047982293587603,32,balanced_sderf_sobol,0.6029728346879306,1.2409606850754675,10,734.0227165443084,88.28046164356932,8.100102740560688,1.876953568918063,same_context
internal,0.10783052444458008,L27H6,3,5.6345010466425105,2.353427966090886,32,balanced_sderf_sobol,1.20497021973449,1.2414744874128576,10,48124.36564359813,4824.11694506468,2.033754067296737,1.1814352440163145,same_context
internal,0.093414306640625,L14H0,0,11.488483428604187,3.6454342518297276,32,balanced_sderf_sobol_mass,4.557644474496136,1.381220419387919,10,80327.2428131031,8394.127244753725,206.2111341725344,4.591256139984812,same_context
internal,0.07010202407836914,L14H6,1,12.791326813247496,4.20287296674213,32,balanced_sderf_sobol_mass,2.4032191241255885,1.558245140391911,10,2467.80065956933,298.644460916022,1.3796871202980685,1.0314808230642514,same_context
internal,0.12824687957763672,L27H0,2,5.040544698897075,2.190442595750599,32,balanced_sderf_sobol_mass,0.6029728346879307,1.2409606850754675,10,2266.5298310202184,265.9814814812474,17.736727319436387,1.1340326861000158,same_context
internal,0.1100851058959961,L27H6,3,5.33375029988112,2.369943838203507,32,balanced_sderf_sobol_mass,1.20497021973449,1.2414744874128576,10,20091.29823603956,2055.698581024382,2.493970523585551,1.0477490109604857,same_context
internal,8.106231689453125e-05,L14H0,0,27.944970593841436,20.785926815892935,32,favor_orf,2.16859671919648,0.6806737181834137,10,0.9999998473447419,0.9999917510065547,0.9999933573584814,0.9999712573177332,same_context
internal,0.001065540313720703,L14H6,1,37.61982248636006,17.92394957364687,32,favor_orf,1.5141929562270813,1.0785854970808635,10,5.2631147924835116,1.4265803166369921,0.9999999379103656,0.9999989332851952,same_context
internal,0.0007708549499511718,L27H0,2,19.830304500044477,13.160121078694806,32,favor_orf,1.2668537233878747,1.5884612904692155,10,1.000469638242639,1.0000665176221832,0.999999940301509,0.9999984102554531,same_context
internal,0.0025656700134277345,L27H6,3,19.298149134990787,13.155626539285162,32,favor_orf,4.688332148623649,1.6709041491751004,10,9.221063147193371,1.8221069550359636,0.9999999017941886,0.9999931052140895,same_context
internal,0.05666542053222656,L14H0,0,11.738888300848506,4.615627187300274,32,learned_shared,1.25215188239004,0.43729787612767423,3,14606.864058262465,7645.2681804474405,7608.7338958068,720.206587273058,same_context
internal,0.0643167495727539,L14H6,1,12.500613489221442,4.2317494460872505,32,learned_shared,1.2467707222850226,0.9654442260603485,3,39.64141020241408,14.236465460665036,2.0061884399519316,1.0617977396290912,same_context
internal,0.14633496602376303,L27H0,2,3.458763685481953,1.9295927831987651,32,learned_shared,0.4460956895246988,1.139416677671584,3,13.441515223443215,8.190657787795304,9.88009647979953,1.2503616601431693,same_context
internal,0.13266499837239584,L27H6,3,3.857727110392713,2.111225597605731,32,learned_shared,1.369367621950718,1.1865040248493115,3,64.25335832596397,27.46982326170641,16.68977159017525,1.4663398689799998,same_context
internal,0.0620123545328776,L14H0,0,11.700846788832303,4.4557750333099655,32,learned_untied,1.2513726955128976,0.4416627453096424,3,15876.57598614081,6396.72945666292,1729.2845706790831,1584.3278131688687,same_context
internal,0.06838575998942058,L14H6,1,12.34015748982548,4.1145729866658085,32,learned_untied,1.2603294105338512,0.9727608748550147,3,15.347762109455685,6.0942312317219764,1.8764294307084193,1.058502155001825,same_context
internal,0.14006614685058594,L27H0,2,3.461414194233513,1.8975109486144,32,learned_untied,0.47646395704084893,1.1391924624590264,3,20.345433952822802,10.954405367731999,11.229967025082297,1.287815125290896,same_context
internal,0.13084634145100912,L27H6,3,3.7759664143912346,2.025968524955098,32,learned_untied,1.5340012176982885,1.184378423503884,3,45.00998373494091,19.222084097399144,10.618655804090846,2.037612753165674,same_context
internal,0.002694988250732422,L14H0,0,18.97064540939016,15.254593547638233,32,sderf_orf,3.9517706085377027,1.046996989876884,10,8.72543178889953,2.3229646926369076,1.049869266463591,0.9999467971864591,same_context
internal,0.0016942977905273437,L14H6,1,30.87515036838723,16.677171995335023,32,sderf_orf,2.356732540591831,1.4372433649661547,10,29.84103197990161,3.8874354778078235,1.000340140004005,1.0000012194134316,same_context
internal,0.03697977066040039,L27H0,2,9.023813514737013,5.422721250033364,32,sderf_orf,0.7277833353658806,1.4970882438739133,10,69.02753072414626,14.818448254641073,2.0694140649665886,1.0257999362882113,same_context
internal,0.027124309539794923,L27H6,3,9.122642215749126,6.257322721465395,32,sderf_orf,2.635427179235695,1.6013627071553056,10,149.31028707875805,19.05060029300846,2.4106658294439374,1.2694879918847783,same_context
internal,,L14H0,0,,,64,SVD,,,1,0.012730747801002437,0.012730747801002437,0.012730747801002437,0.012730747801002437,same_context
internal,,L14H6,1,,,64,SVD,,,1,0.0011259238976928192,0.0011259238976928192,0.0011259238976928192,0.0011259238976928192,same_context
internal,,L27H0,2,,,64,SVD,,,1,0.0003267284245664322,0.0003267284245664322,0.0003267284245664322,0.0003267284245664322,same_context
internal,,L27H6,3,,,64,SVD,,,1,0.0005910830040151419,0.0005910830040151419,0.0005910830040151419,0.0005910830040151419,same_context
internal,,L14H0,0,,,64,NMF,,,1,0.012774626453488811,0.012774626453488811,0.012774626453488811,0.012774626453488811,same_context
internal,,L14H6,1,,,64,NMF,,,1,0.0013663501564173488,0.0013663501564173488,0.0013663501564173488,0.0013663501564173488,same_context
internal,,L27H0,2,,,64,NMF,,,1,0.00047599987812130853,0.00047599987812130853,0.00047599987812130853,0.00047599987812130853,same_context
internal,,L27H6,3,,,64,NMF,,,1,0.0008125138135726495,0.0008125138135726495,0.0008125138135726495,0.0008125138135726495,same_context
internal,0.012831592559814453,L14H0,0,12.056024033316206,6.916966898535956,64,aderf_orf,2.6952554857754683,0.8889002284224352,10,928.8477335218216,102.47941000609487,1.0437576199165737,0.9988813905510903,same_context
internal,0.02066030502319336,L14H6,1,14.354491128215816,5.879522677772973,64,aderf_orf,1.575197001444953,1.2209439218946643,10,3.2799188776175985,1.2691221473253127,1.0186132183264924,1.0001593324325753,same_context
internal,0.05292291641235351,L27H0,2,10.510910432929371,3.7368416472299506,64,aderf_orf,0.8035015472111635,1.4708721094989237,10,1.7817558978277999,1.2375343503631329,1.0847994135071553,1.0048280202531061,same_context
internal,0.015172481536865234,L27H6,3,12.734011787225985,6.429349208863644,64,aderf_orf,2.6884645119302886,1.5666103786668848,10,4.824738813637961,1.5232715556985528,1.011901642862369,0.999999210317525,same_context
internal,0.018069076538085937,L14H0,0,11.690129160765478,5.8778231887976204,64,balanced_orf,2.676928746596591,0.9650519238208008,10,3.996774121760774,1.3569973638090043,1.003225320105738,0.9978178375959188,same_context
internal,0.023952484130859375,L14H6,1,13.767934954928956,5.242901845611035,64,balanced_orf,1.384290395189065,1.1658330538819475,10,1.1093253037712982,1.0156344606148835,1.0026168348566848,0.9996098402841209,same_context
internal,0.13189735412597656,L27H0,2,4.437132620684755,1.9336880631792641,64,balanced_orf,0.4644687282165939,1.1483144734567854,10,26.592498679769506,4.254055583867718,1.442601683787473,1.0628234186094156,same_context
internal,0.13245315551757814,L27H6,3,4.1776338116422815,1.958015860818864,64,balanced_orf,0.8383991596217004,1.1091490959304122,10,44.60868789569731,6.305031097336008,1.4674739269218224,1.1681620399424721,same_context
internal,0.021738815307617187,L14H0,0,11.067796675677432,5.966258757387992,64,balanced_sderf_orf,3.8365693517951507,1.2169842013230183,10,15.965030629880241,2.7460572008849202,1.0403036168339823,1.0079799936503453,same_context
internal,0.030602073669433592,L14H6,1,12.534704699462944,5.1925386856689455,64,balanced_sderf_orf,1.8202630932091028,1.3296918345248916,10,21.529521271993264,3.235742478795114,1.0442778567806363,1.0007301556131798,same_context
internal,0.14866533279418945,L27H0,2,3.9219078663379916,1.7872325555913686,64,balanced_sderf_orf,0.620179034661688,1.1813931390494559,10,26.928039372446662,7.331879212357907,3.64901202363077,1.4401999265675247,same_context
internal,0.13958568572998048,L27H6,3,3.8872699726294306,1.8897056321271102,64,balanced_sderf_orf,1.113720163154841,1.1591493710925713,10,130.52556242440735,27.0060589009809,6.0069440608322,1.6114022569307405,same_context
internal,0.02157115936279297,L14H0,0,11.083591220308696,5.876049930287068,64,balanced_sderf_sobol,3.8418732311070807,1.219648812576793,10,84.76787282166126,12.279360199127359,1.4561148033275648,1.009384878081836,same_context
internal,0.0319270133972168,L14H6,1,12.84261351153015,5.005345365577527,64,balanced_sderf_sobol,2.1247369810949572,1.4462284883024046,10,30.073622477871584,4.395917429274332,1.0796649113426937,1.0016318920522795,same_context
internal,0.13844614028930663,L27H0,2,3.903569159342928,1.7673144211541298,64,balanced_sderf_sobol,0.5713721773274723,1.1613729644965805,10,183.8440022331845,23.078364131912316,3.4904665728687703,1.429272426933037,same_context
internal,0.1373663902282715,L27H6,3,4.17593578211182,1.8265929039744244,64,balanced_sderf_sobol,1.1112735583382398,1.1569653330078495,10,12027.448647549558,1207.0860442630192,1.8228854303550472,1.079494845174276,same_context
internal,0.1127476692199707,L14H0,0,10.614031534354336,2.9877831943437236,64,balanced_sderf_sobol_mass,3.8418732311070807,1.219648812576793,10,36142.46969426048,6505.353457882051,1049.2008767518946,3.2494338389780952,same_context
internal,0.07956151962280274,L14H6,1,11.636895452527018,3.723855155789161,64,balanced_sderf_sobol_mass,2.1247369810949572,1.4462284883024046,10,474.89061343232487,55.58957389100866,2.059477763779354,1.0808210728850558,same_context
internal,0.16383037567138672,L27H0,2,3.8803970617556436,1.6631878838749294,64,balanced_sderf_sobol_mass,0.5713721773274723,1.1613729644965805,10,186.7849889583206,29.51542937267679,4.645590665178622,1.1204073757138164,same_context
internal,0.1555354118347168,L27H6,3,4.007998100815938,1.7208756275343664,64,balanced_sderf_sobol_mass,1.1112735583382398,1.1569653330078495,10,7036.468722065377,713.7993036738942,2.812434670435212,1.05693791201227,same_context
internal,0.06892108917236328,L14H0,0,22.504064081601204,4.002269595657555,64,beta15_shared,1.1338043359460197,0.3921864998217912,3,743434.5184140773,256855.74413331435,26879.969855143954,252.74413072180167,same_context
internal,0.039535840352376304,L14H6,1,13.19071117833228,4.643652741924467,64,beta15_shared,1.279170930722449,0.9074365565907788,3,2082.5894295552894,706.7199020789858,31.19611826147562,6.374158420192476,same_context
internal,0.0998226801554362,L27H0,2,3.7069583029271738,2.0801459532464115,64,beta15_shared,0.36077006392483874,1.0782926895335707,3,1.1724440807949352,1.0192900793140798,0.9937050328675037,0.8917211242798002,same_context
internal,0.08110427856445312,L27H6,3,3.9060608681899094,2.3334330530661305,64,beta15_shared,0.9307658566886038,1.0999833809962298,3,1.4123889925706108,1.2100190521844707,1.1662356207585312,1.0514325432242697,same_context
internal,0.07444222768147786,L14H0,0,19.041684265016595,3.8755661129076344,64,beta15_untied,1.1402301905261567,0.39478899057232963,3,326141.95938929287,116306.72237578755,21750.11548761373,1028.0922504560335,same_context
internal,0.04380989074707031,L14H6,1,12.42851671591346,4.486346761217274,64,beta15_untied,1.289638628463422,0.9098055676319822,3,527.2829020388932,186.88373917383305,23.960882632906625,9.407432849699326,same_context
internal,0.1032876968383789,L27H0,2,3.6882931945500785,2.016922638821924,64,beta15_untied,0.3675319671174873,1.077688315002533,3,1.1455499408831133,1.0176755804241306,0.9947834042063545,0.9126933961829244,same_context
internal,0.08380730946858723,L27H6,3,3.8930756670312676,2.2627714496637896,64,beta15_untied,0.9635923252738801,1.0983521797934435,3,1.3820384863392925,1.226893334572485,1.2601197356011975,1.0385217817769656,same_context
internal,0.00020008087158203126,L14H0,0,26.33005174165792,19.22608745614758,64,favor_orf,2.1668871790919626,0.6800162491059366,10,1.0000297029830194,0.9999951789494694,0.9999974099947753,0.9999665189518883,same_context
internal,0.0017180442810058594,L14H6,1,35.251031801300414,16.32941446540019,64,favor_orf,1.463504943469532,1.0402911505681138,10,2.065007785233045,1.1107749005041008,1.0000097300902229,0.9999977113854724,same_context
internal,0.001119518280029297,L27H0,2,17.584401743978304,11.472413632368536,64,favor_orf,1.0464956621271937,1.5338970804819771,10,1.000110983842765,1.0000145311878677,0.9999998426244652,0.999995420850038,same_context
internal,0.002157306671142578,L27H6,3,17.8384956882524,11.952806957983052,64,favor_orf,4.129043537157462,1.6407670188098589,10,3.0519234700790823,1.2051996016743645,0.9999997532215126,0.9999930572062962,same_context
internal,0.08466053009033203,L14H0,0,9.48892667861574,3.544296780527434,64,learned_shared,1.2289389852760837,0.45184126958279736,3,6368.964906563656,3295.6349748400794,3259.04465100055,258.89536695603164,same_context
internal,0.07297611236572266,L14H6,1,10.340374653480545,3.582351152339997,64,learned_shared,1.2344629750010332,0.9587925071277392,3,96.50830428514705,41.00720650129316,16.805343277287,9.707971941445445,same_context
internal,0.19400755564371744,L27H0,2,2.8197802616365926,1.4500999313037397,64,learned_shared,0.41665661850276353,1.0791181310958078,3,5.897965098002407,3.2702556151584172,2.812529379694664,1.1002723677781803,same_context
internal,0.17342472076416016,L27H6,3,3.1675448869846385,1.605959992562049,64,learned_shared,1.1179790576184783,1.1154963548630488,3,18.84401837766655,8.698249259585515,5.267086717457136,1.9836426836328565,same_context
internal,0.09047953287760417,L14H0,0,9.539466815787703,3.4277441268565956,64,learned_untied,1.246968844551781,0.4629070277917446,3,4697.57030631103,2397.3265887286975,2044.746536236474,449.66292363858815,same_context
internal,0.07633113861083984,L14H6,1,10.249466316893466,3.4934677265768954,64,learned_untied,1.211740240219663,0.9598247913873341,3,71.84745019163009,47.16117386462807,63.30315251646218,6.332918885791945,same_context
internal,0.187287966410319,L27H0,2,2.829323717703987,1.4277478302930422,64,learned_untied,0.4334792807836614,1.0808747756351071,3,5.156860315049252,3.6916354436555188,4.7890861251468575,1.1289598907704477,same_context
internal,0.17136255900065103,L27H6,3,3.136004277304975,1.5508670102982072,64,learned_untied,1.1573841709713586,1.1144642333916215,3,13.385076688317756,6.783792475164265,4.489513227788282,2.476787509386757,same_context
internal,0.0037929534912109373,L14H0,0,15.793343426868091,12.949853190801926,64,sderf_orf,2.3681112712780092,0.7385790638057604,10,35.392972177621786,5.108094873703158,1.0684373328220642,1.0014201246700294,same_context
internal,0.002089977264404297,L14H6,1,27.367622757153775,14.545762945621775,64,sderf_orf,2.4855638266739772,1.4704526901908577,10,8.20902321799339,1.9372725340614494,1.000736292941389,1.0000085414289421,same_context
internal,0.04193572998046875,L27H0,2,7.905036184096765,4.575943389583409,64,sderf_orf,0.6921285221145418,1.437734753727744,10,440.6360545823904,56.725586125474265,2.955994800259216,1.013970474915075,same_context
internal,0.0360468864440918,L27H6,3,7.321335979908044,4.948712488204868,64,sderf_orf,2.140190176534116,1.5488406190218689,10,155.8221794914444,37.21483924568113,6.499182548329166,1.3643121681997332,same_context
internal,,L14H0,0,,,128,SVD,,,1,0.0017171575643599635,0.0017171575643599635,0.0017171575643599635,0.0017171575643599635,same_context
internal,,L14H6,1,,,128,SVD,,,1,2.5800293802734512e-05,2.5800293802734512e-05,2.5800293802734512e-05,2.5800293802734512e-05,same_context
internal,,L27H0,2,,,128,SVD,,,1,2.1533149980569632e-05,2.1533149980569632e-05,2.1533149980569632e-05,2.1533149980569632e-05,same_context
internal,,L27H6,3,,,128,SVD,,,1,4.433265049823244e-05,4.433265049823244e-05,4.433265049823244e-05,4.433265049823244e-05,same_context
internal,,L14H0,0,,,128,NMF,,,1,0.001736256848193436,0.001736256848193436,0.001736256848193436,0.001736256848193436,same_context
internal,,L14H6,1,,,128,NMF,,,1,8.287980616539557e-05,8.287980616539557e-05,8.287980616539557e-05,8.287980616539557e-05,same_context
internal,,L27H0,2,,,128,NMF,,,1,5.616531104684909e-05,5.616531104684909e-05,5.616531104684909e-05,5.616531104684909e-05,same_context
internal,,L27H6,3,,,128,NMF,,,1,0.00010834145623340869,0.00010834145623340869,0.00010834145623340869,0.00010834145623340869,same_context
internal,0.019173812866210938,L14H0,0,10.468300826111525,5.734100383353078,128,aderf_orf,2.131872379873402,0.7615297899025397,10,232.66883308919907,50.153174986102336,5.838265612637811,0.9993891632178996,same_context
internal,0.027239894866943358,L14H6,1,13.029030437612818,4.988996636894244,128,aderf_orf,1.3766647549031625,1.1323400029572988,10,1.5739663355404176,1.1247039336893525,1.0194322498617985,1.0012388057012769,same_context
internal,0.06377506256103516,L27H0,2,9.16912524482005,3.102503784913755,128,aderf_orf,0.7729631104275795,1.4305534882709317,10,2.4415645843383347,1.2448940789870298,1.064628294474566,1.0013781586334232,same_context
internal,0.015439414978027343,L27H6,3,12.007201105467093,5.81601509830502,128,aderf_orf,2.225108142095179,1.4990695652167123,10,1.9552779109798766,1.1310879935848333,1.0029234291341682,0.9999937917975866,same_context
internal,0.022918701171875,L14H0,0,10.18354246022265,5.050947593548948,128,balanced_orf,2.0402234673027744,0.7843814006796582,10,4.990570055446959,1.4835791694688554,1.0014463281748518,0.9968856740740917,same_context
internal,0.032736778259277344,L14H6,1,12.529498874628729,4.415035286521559,128,balanced_orf,1.39410865190791,1.1547615850757977,10,1.066480581437869,1.0118476149733167,1.0011825651296546,0.9998246467696517,same_context
internal,0.1682352066040039,L27H0,2,3.6998792734587953,1.5162672860161965,128,balanced_orf,0.40209474726364486,1.0724730665518234,10,10.324665455536048,2.9229397141724855,1.596810147133593,1.0177708806187242,same_context
internal,0.15469655990600586,L27H6,3,3.6577593069097993,1.630608157573295,128,balanced_orf,0.7503200911811327,1.0342629831608716,10,15.135664046502804,3.500671234699044,1.2701164753674963,1.0766984435533833,same_context
internal,0.029068565368652342,L14H0,0,9.601178183080481,4.952295763518566,128,balanced_sderf_orf,3.2497440475203043,1.0849218355880617,10,273.0692708267171,28.686988442847962,1.1522043430940743,1.0048351918207639,same_context
internal,0.04274559020996094,L14H6,1,10.934446753423543,4.161264943022912,128,balanced_sderf_orf,1.701503809806793,1.2752488833684632,10,18.12796024120828,3.843074064490332,1.498658667819301,1.0023021538659656,same_context
internal,0.19779796600341798,L27H0,2,3.1638014649605246,1.320048364213986,128,balanced_sderf_orf,0.5029211225129631,1.0866929161389967,10,45.95372178829694,10.083125849998591,4.202071654558212,1.1851920394387836,same_context
internal,0.18623828887939453,L27H6,3,3.012480241386828,1.3966907673927675,128,balanced_sderf_orf,1.1001633261680943,1.0707297960193412,10,35.13836549129245,9.414922829460915,3.852772240043455,1.1859171440784733,same_context
internal,0.02811269760131836,L14H0,0,9.752588807156604,4.951250627867099,128,balanced_sderf_sobol,3.489141891119253,1.1429436272155624,10,66.01920062795155,10.468737728574684,1.239705826248606,0.9995741712573378,same_context
internal,0.04330368041992187,L14H6,1,11.114658544775667,4.102239065543134,128,balanced_sderf_sobol,1.9087079227977086,1.3835398552163094,10,34.37163200403219,5.194141440144858,1.0938701045571422,0.8477113417034864,same_context
internal,0.18770780563354492,L27H0,2,3.0365710629643847,1.3162363216626312,128,balanced_sderf_sobol,0.5071137105270933,1.079307266001009,10,47.494635796758175,8.20836664191678,3.828000339835361,1.3147902865432706,same_context
internal,0.18117141723632812,L27H6,3,3.2989615217760617,1.3930474038977985,128,balanced_sderf_sobol,0.9544770759919654,1.0632087587499393,10,3096.460957924524,315.65182529341416,2.3992601747371105,1.0410130885739497,same_context
internal,0.13410663604736328,L14H0,0,8.96115015690595,2.564281750914699,128,balanced_sderf_sobol_mass,3.489141891119253,1.1429436272155624,10,14921.309593156204,3145.1927385165172,357.60824362988166,2.7170461300345625,same_context
internal,0.10929040908813477,L14H6,1,10.299935481558412,2.873876512746771,128,balanced_sderf_sobol_mass,1.9087079227977086,1.3835398552163094,10,4246.335346787978,439.11289020529983,2.9094021009138142,0.8728583533251856,same_context
internal,0.21195049285888673,L27H0,2,3.0404395486780293,1.2431541043545846,128,balanced_sderf_sobol_mass,0.5071137105270933,1.079307266001009,10,78.51645057550134,13.265104789234636,5.056402242940164,1.1047957119788991,same_context
internal,0.20625677108764648,L27H6,3,3.281949872126597,1.2937896634125337,128,balanced_sderf_sobol_mass,0.9544770759919654,1.0632087587499393,10,3534.962408018732,362.66526333887225,2.4702894703190625,1.037872076205417,same_context
internal,0.00015592575073242188,L14H0,0,25.164234509924878,18.45055256961069,128,favor_orf,1.8917145910749578,0.593787642700186,10,1.0000056828468227,0.9999861152380147,0.9999885643204953,0.9999551460957377,same_context
internal,0.0017441749572753907,L14H6,1,33.64864960843508,15.175577207158392,128,favor_orf,1.4513201452151787,1.0313582632275256,10,1.2658649095176384,1.0276804891366793,1.0000751171810291,0.9999965320669076,same_context
internal,0.0010577201843261718,L27H0,2,16.68832257566222,10.883549965019892,128,favor_orf,1.1716662308140022,1.4991602581752008,10,1.0001087980772527,1.00001316098918,0.9999997494616695,0.9999967354703645,same_context
internal,0.002399635314941406,L27H6,3,16.33373094667556,10.70645193440096,128,favor_orf,3.9970183531340253,1.6156060947586623,10,1.5113093290491033,1.0511391788308273,1.0000006455425552,0.9999962377932478,same_context
internal,0.10981369018554688,L14H0,0,8.234602745203299,2.788922615585669,128,learned_shared,1.2261799738780113,0.44396710498526365,3,2901.57765986697,1367.9731797918205,922.5622348519564,279.77964465653554,same_context
internal,0.10043748219807942,L14H6,1,8.690103127124319,2.783559748432831,128,learned_shared,1.1493837540133394,0.943426362816617,3,38.012642195196435,24.463054939423117,33.75626207465598,1.6202605484169315,same_context
internal,0.2568855285644531,L27H0,2,2.2958361196569386,1.0632624349145448,128,learned_shared,0.39773629340994604,0.9997508433209598,3,2.2366367201917225,1.9973981730576746,2.112772933527321,1.6427848654539805,same_context
internal,0.21162001291910806,L27H6,3,2.5465486597103335,1.2617965039369066,128,learned_shared,0.9905176534746348,1.0501444307545487,3,13.104207946913085,6.680582991560933,3.867994463971108,3.069546563798606,same_context
internal,0.11623318990071614,L14H0,0,7.717932667770037,2.696782967852027,128,learned_untied,1.2275663629818632,0.4525621712252299,3,1260.1830895640414,766.4220733266333,938.6891914219577,100.39393899390036,same_context
internal,0.10511207580566406,L14H6,1,8.578063683358595,2.696980308630804,128,learned_untied,1.134312685858955,0.9440480008890976,3,58.24096272006996,28.681448215900986,25.869002072459043,1.9343798551739628,same_context
internal,0.2480300267537435,L27H0,2,2.297437330947437,1.0506452069448355,128,learned_untied,0.4061542264508949,0.9979852109720224,3,3.006465727196955,2.4225673491860023,2.8195480402953037,1.441688280065748,same_context
internal,0.2100102106730143,L27H6,3,2.5416458110170637,1.221386644349918,128,learned_untied,1.0028538124070654,1.04255896835193,3,13.9486160261676,8.299595828708837,7.721944653929855,3.228226806029056,same_context
internal,0.005194759368896485,L14H0,0,13.72737289900289,10.939060979956507,128,sderf_orf,2.391303940387485,0.7524934373822563,10,15.104702004905182,3.944100960142529,1.6758156988065482,1.000001917169713,same_context
internal,0.003318500518798828,L14H6,1,23.423548591501167,12.02593641761839,128,sderf_orf,2.296294963302267,1.4315208297671238,10,2.8013567078347603,1.2709028229364805,1.0013418003004153,1.0000004140376046,same_context
internal,0.055344772338867185,L27H0,2,6.5901743554244945,3.716175722601073,128,sderf_orf,0.7137744375834811,1.3937930928193052,10,321.8114920687729,56.5336968267985,13.793566021546432,1.3238729639700384,same_context
internal,0.053195953369140625,L27H6,3,5.907278012960516,3.801920311522834,128,sderf_orf,1.712915687579614,1.477036691231932,10,146.49695731672384,30.599491221998306,9.909167924039117,1.220153229389951,same_context
official,,L14H0,0,,,16,SVD,,,1,0.0004481198606117732,0.0004481198606117732,0.0004481198606117732,0.0004481198606117732,product
official,,L14H6,1,,,16,SVD,,,1,0.005573597627363902,0.005573597627363902,0.005573597627363902,0.005573597627363902,product
official,,L27H0,2,,,16,SVD,,,1,0.032852983753517015,0.032852983753517015,0.032852983753517015,0.032852983753517015,product
official,,L27H6,3,,,16,SVD,,,1,0.015254530618920757,0.015254530618920757,0.015254530618920757,0.015254530618920757,product
official,,L14H0,0,,,16,NMF,,,1,0.00044989065770128725,0.00044989065770128725,0.00044989065770128725,0.00044989065770128725,product
official,,L14H6,1,,,16,NMF,,,1,0.005641215237030384,0.005641215237030384,0.005641215237030384,0.005641215237030384,product
official,,L27H0,2,,,16,NMF,,,1,0.03689076929695165,0.03689076929695165,0.03689076929695165,0.03689076929695165,product
official,,L27H6,3,,,16,NMF,,,1,0.016996892578020634,0.016996892578020634,0.016996892578020634,0.016996892578020634,product
official,0.008451175689697266,L14H0,0,11.966371770757993,8.842556980921444,16,aderf_orf,,,10,5.369798841879715,1.5151443911889457,1.0154399830503507,0.9992331764877744,product
official,0.013740921020507812,L14H6,1,8.710053551742366,7.3967670003300245,16,aderf_orf,,,10,2033.8687212941284,238.81601208349275,5.93736372657029,1.0053609654430704,product
official,0.04251260757446289,L27H0,2,10.170917428502705,5.003658392190091,16,aderf_orf,,,10,18.593035052903314,5.837280230715173,1.3515655071418569,1.003533248731244,product
official,0.007408618927001953,L27H6,3,15.219367700150524,8.834394157265354,16,aderf_orf,,,10,2336.9973547743134,246.88857092364032,1.0002153923448622,1.000005895734553,product
official,0.011270809173583984,L14H0,0,10.276329126059778,7.504382246193188,16,balanced_orf,,,10,36.33025171973835,4.643221152063607,1.000775512635601,0.9984242538764614,product
official,0.019088172912597658,L14H6,1,7.861021393607414,6.198874324328574,16,balanced_orf,,,10,1.4910588977771542,1.1721004721124213,1.0855166128174552,0.9986417247412263,product
official,0.09078998565673828,L27H0,2,4.670611592315126,2.7084704132909345,16,balanced_orf,,,10,1439.0297466461268,277.6338701220226,32.41048281969361,1.0504106439237741,product
official,0.0865060806274414,L27H6,3,4.670653704097925,2.8497474941156637,16,balanced_orf,,,10,621.1834217714232,67.12722403695268,5.867738443435684,1.062611337118363,product
official,0.013958454132080078,L14H0,0,11.369083244278414,8.070544205227803,16,balanced_sderf_orf,,,10,8921.610575776614,896.2306937083965,1.1032388887775673,0.9994266677270179,product
official,0.018770885467529298,L14H6,1,8.973496917994296,7.082590134766756,16,balanced_sderf_orf,,,10,274.9720951960923,35.513650764639955,1.7222445669097828,1.160482134195843,product
official,0.09053831100463867,L27H0,2,4.7309625136075395,2.879228819828361,16,balanced_sderf_orf,,,10,3906.9354331019154,609.7665493918795,118.36139788360116,2.5703583845091083,product
official,0.07587547302246093,L27H6,3,4.9332687301790505,3.23740931030389,16,balanced_sderf_orf,,,10,2833.325044731347,333.77396899606583,25.000476274278896,2.0543095481456977,product
official,0.013325881958007813,L14H0,0,11.591922408738364,8.017523517056867,16,balanced_sderf_sobol,,,10,13.348905017458362,3.537801067402466,1.017861756459399,1.0001794292595256,product
official,0.021074199676513673,L14H6,1,8.96854430334592,6.648960832024161,16,balanced_sderf_sobol,,,10,816.0530962338878,103.02289495237798,8.81765944268172,1.1387947203799451,product
official,0.08206987380981445,L27H0,2,8.384627309541097,2.861633041297946,16,balanced_sderf_sobol,,,10,512298.4896474194,57495.32637480543,25.77511825136275,6.00782249662264,product
official,0.08657321929931641,L27H6,3,5.545608565075969,2.8473692750524915,16,balanced_sderf_sobol,,,10,169447.5517464774,16953.046263688248,4.730642680556397,3.072101090269076,product
official,0.06534528732299805,L14H0,0,9.27239320154061,4.675611909915822,16,balanced_sderf_sobol_mass,,,10,5611.1508466826,1007.6185022542855,59.813312048471445,8.49930604644308,product
official,0.060854625701904294,L14H6,1,9.72340039242043,4.602094958385573,16,balanced_sderf_sobol_mass,,,10,33782.86220673099,7941.228500499873,1204.9360833628846,16.24699368842666,product
official,0.10508613586425782,L27H0,2,8.607263120117121,2.7185226586480318,16,balanced_sderf_sobol_mass,,,10,1031657.5008935682,103479.38198249522,151.7531115738152,10.850820336754657,product
official,0.09341363906860352,L27H6,3,4.948929858775569,2.8364518943992554,16,balanced_sderf_sobol_mass,,,10,28086.739550833936,2831.856265326738,8.526285381238035,1.2676121943524057,product
official,6.7901611328125e-05,L14H0,0,20.22155931802599,21.529447144910666,16,favor_orf,,,10,0.999999494814286,0.9999295976462317,0.9999938160394063,0.9994538707969187,product
official,0.0008159637451171875,L14H6,1,16.98566272205683,17.09475512399991,16,favor_orf,,,10,23.599691758409396,3.260429270866271,0.9998071539875333,0.9943462019491589,product
official,0.0004940032958984375,L27H0,2,18.53134350623979,14.472135153597346,16,favor_orf,,,10,1.0015168970448525,1.0001577631921925,0.9999998426676022,0.9999292481773658,product
official,0.00022754669189453124,L27H6,3,19.230280440849654,14.729699122671269,16,favor_orf,,,10,1.0000073752100682,0.9999998386498629,0.9999996362548219,0.9999972633319204,product
official,0.04224681854248047,L14H0,0,6.753111820334948,5.454596012709843,16,learned_shared,,,3,3104.891345665414,1744.5280467834093,1143.2647894217446,985.4280052630698,product
official,0.04911041259765625,L14H6,1,4.938717284533159,4.862374468537907,16,learned_shared,,,3,1335.4024193060295,558.7334746386965,180.0714461889424,160.7265584211178,product
official,0.1359408696492513,L27H0,2,2.4944203597509476,2.157308586308698,16,learned_shared,,,3,40.65263195380598,27.851144820281075,25.367432833876578,17.53336967316066,product
official,0.10871410369873047,L27H6,3,2.8748160727782017,2.5318462082383455,16,learned_shared,,,3,6.093223111250901,3.534308950461521,2.8985713442240635,1.6111323959095982,product
official,0.045247395833333336,L14H0,0,8.401635509589745,5.360682484141969,16,learned_untied,,,3,13149.717544929068,5947.837598371038,3708.199540028451,985.5957101555956,product
official,0.05221080780029297,L14H6,1,4.6832767447399055,4.760361987863658,16,learned_untied,,,3,520.0383411019444,281.3528153056327,194.37192841576498,129.6481763991888,product
official,0.125701904296875,L27H0,2,2.5359773421640166,2.1678421582089835,16,learned_untied,,,3,50.84059049036433,30.140136129329523,20.51363499425945,19.066182903364787,product
official,0.10357443491617839,L27H6,3,2.8914185343762853,2.489551422033364,16,learned_untied,,,3,6.591825429971558,3.8881875689305474,3.737394271919709,1.3353430049003754,product
official,0.001960563659667969,L14H0,0,15.052824819107261,17.98012024401946,16,sderf_orf,,,10,99.68112397965255,11.383018013308124,0.9999448788497687,0.997624986952332,product
official,0.001415252685546875,L14H6,1,18.388461306162664,18.29138362362573,16,sderf_orf,,,10,2614.765710650543,327.38245879951853,1.072708212913794,0.9983682321860083,product
official,0.01776742935180664,L27H0,2,10.930164615114602,7.905579304136674,16,sderf_orf,,,10,25371.00356587435,2550.698839694569,11.73809947104992,1.206853286778923,product
official,0.020526027679443358,L27H6,3,9.227840886806682,7.74020741828717,16,sderf_orf,,,10,141.81421156033505,34.195219735361555,21.106353172778558,1.630295517364182,product
official,,L14H0,0,,,32,SVD,,,1,7.454214672978997e-05,7.454214672978997e-05,7.454214672978997e-05,7.454214672978997e-05,product
official,,L14H6,1,,,32,SVD,,,1,0.001859619759460171,0.001859619759460171,0.001859619759460171,0.001859619759460171,product
official,,L27H0,2,,,32,SVD,,,1,0.010703048189751202,0.010703048189751202,0.010703048189751202,0.010703048189751202,product
official,,L27H6,3,,,32,SVD,,,1,0.004992945718700448,0.004992945718700448,0.004992945718700448,0.004992945718700448,product
official,,L14H0,0,,,32,NMF,,,1,7.646301311172261e-05,7.646301311172261e-05,7.646301311172261e-05,7.646301311172261e-05,product
official,,L14H6,1,,,32,NMF,,,1,0.0019469104581233828,0.0019469104581233828,0.0019469104581233828,0.0019469104581233828,product
official,,L27H0,2,,,32,NMF,,,1,0.013874869394201423,0.013874869394201423,0.013874869394201423,0.013874869394201423,product
official,,L27H6,3,,,32,NMF,,,1,0.006206071387298562,0.006206071387298562,0.006206071387298562,0.006206071387298562,product
official,0.011602973937988282,L14H0,0,10.391044578635656,7.4535024753302865,32,aderf_orf,,,10,12316.638336025786,1233.2399057840516,1.1214590187803957,0.9953124575390804,product
official,0.019008064270019533,L14H6,1,7.142871264367811,6.149549792158394,32,aderf_orf,,,10,515.6066307885225,65.9770875814315,4.8602887642189465,0.9897428002905695,product
official,0.048430347442626955,L27H0,2,8.88772937121747,4.1393776437426855,32,aderf_orf,,,10,45.30155255412533,6.497469767307642,1.1073487840066654,1.0023536287116053,product
official,0.009820079803466797,L27H6,3,13.247778221689202,7.509512386741409,32,aderf_orf,,,10,584.8965549734015,62.489149074017995,1.0005447947015853,1.0000013731972621,product
official,0.016100978851318358,L14H0,0,9.05456302057581,6.363428448546202,32,balanced_orf,,,10,9.686040407590815,1.9076160774405657,1.0025877678268362,0.9958413039240585,product
official,0.022884368896484375,L14H6,1,6.80541115469912,5.352475021119514,32,balanced_orf,,,10,58.76994766940335,7.3049204694366185,1.1522804347727993,1.0021020612519753,product
official,0.11378774642944336,L27H0,2,3.8495259250538725,2.185734031772993,32,balanced_orf,,,10,383.3430455272164,87.84401397772368,9.927593745235553,1.204227513228999,product
official,0.11720867156982422,L27H6,3,4.178239921930217,2.2141150489568995,32,balanced_orf,,,10,5494.774965805228,575.8434738206313,4.450742088631714,1.3557201567039325,product
official,0.018497371673583986,L14H0,0,9.613978820529907,6.743892313290739,32,balanced_sderf_orf,,,10,2229.6296349426366,224.75820621685435,1.1027435142577233,0.9961905988560392,product
official,0.02884674072265625,L14H6,1,7.109111694579852,5.488535408227138,32,balanced_sderf_orf,,,10,14933.651100470373,1526.8572381689057,8.777849933705896,1.4456806904477053,product
official,0.12521142959594728,L27H0,2,3.985403039064631,2.1301757295251025,32,balanced_sderf_orf,,,10,8623.993996408495,1011.2863282672645,62.95129300062737,3.3159406269222136,product
official,0.10389823913574218,L27H6,3,6.757734650866051,2.435513653243496,32,balanced_sderf_orf,,,10,195842.8257743582,19747.498583265624,45.966118774873294,4.126151780786779,product
official,0.018841934204101563,L14H0,0,10.222138144985752,6.60518422097054,32,balanced_sderf_sobol,,,10,939.1037339719679,95.47181113803755,1.2554593489131802,0.9985465620858032,product
official,0.0286163330078125,L14H6,1,7.672869352892978,5.400521610404121,32,balanced_sderf_sobol,,,10,891.036366540198,95.75115033756609,3.41128218489221,1.0529471884684123,product
official,0.11246633529663086,L27H0,2,5.442518422362005,2.1601681213050146,32,balanced_sderf_sobol,,,10,128073.71161670226,14407.835373103857,118.97306318710355,4.598886874438766,product
official,0.11692667007446289,L27H6,3,4.154877122029928,2.180262479357731,32,balanced_sderf_sobol,,,10,42359.391693848105,4246.920193785175,6.49954787159434,2.591666049406601,product
official,0.10185661315917968,L14H0,0,13.102866092450938,3.340559578068968,32,balanced_sderf_sobol_mass,,,10,1355356.6919813808,136671.95174565245,271.27854269543786,13.661105286298058,product
official,0.081884765625,L14H6,1,7.256658257138993,3.636519504556495,32,balanced_sderf_sobol_mass,,,10,6940.450588806147,1503.0176100230015,291.9723591449074,4.257972497021393,product
official,0.13631753921508788,L27H0,2,5.447896926663479,2.054149980423395,32,balanced_sderf_sobol_mass,,,10,219888.60022426315,22152.330838707418,181.01981520635917,18.833479224260415,product
official,0.11957502365112305,L27H6,3,3.9733262744243207,2.20296166560219,32,balanced_sderf_sobol_mass,,,10,17685.75426733458,1779.5573559848187,7.407094686268628,1.4361302420023117,product
official,0.00010776519775390625,L14H0,0,18.82228348773583,19.245641148348195,32,favor_orf,,,10,0.999999347140486,0.9999531577918571,0.9999899261608439,0.9996587375648369,product
official,0.0006745338439941406,L14H6,1,16.01699889508531,16.13888308456539,32,favor_orf,,,10,6.609006974185819,1.5599191597765873,0.9996966185881841,0.9947141266715188,product
official,0.000872039794921875,L27H0,2,16.225054592894814,12.488086622641069,32,favor_orf,,,10,1.0040772808804597,1.0006224461428102,0.9999997439356758,0.9998982404074881,product
official,0.002678203582763672,L27H6,3,16.656854110262877,12.55253446136967,32,favor_orf,,,10,18.98048237060177,2.798042822349933,0.9999999374483319,0.9999523780071167,product
official,0.06545480092366536,L14H0,0,5.630760171188533,4.1519241560947995,32,learned_shared,,,3,1113.1008550150389,792.2150500727666,1087.1843080775277,176.35998712573343,product
official,0.07236131032307942,L14H6,1,4.494271260308994,3.7938519927483694,32,learned_shared,,,3,1172.5156304286634,500.54057777986185,226.90401114121622,102.20209176970589,product
official,0.16592693328857422,L27H0,2,2.180622478372665,1.7005857304214196,32,learned_shared,,,3,292.6819757644763,101.27658857637557,6.416460350128424,4.73132961452198,product
official,0.14744154612223306,L27H6,3,2.5475929922203338,1.901882703597094,32,learned_shared,,,3,15.015031533307656,8.393899276363788,6.912300161936948,3.2543661338467587,product
official,0.06887245178222656,L14H0,0,6.087310143964809,4.0714499663473545,32,learned_untied,,,3,3326.0593811165804,1712.588333898618,1265.5511439059085,546.1544766733648,product
official,0.07568931579589844,L14H6,1,4.279155767535002,3.706937178216118,32,learned_untied,,,3,574.3190212601608,289.05485006844805,169.88229183936835,122.96323710581515,product
official,0.1575892766316732,L27H0,2,2.2143695968657053,1.692733663291594,32,learned_untied,,,3,272.52585483037774,95.28548581150704,7.7944389769301194,5.536163627213262,product
official,0.14222145080566406,L27H6,3,2.5593913779607713,1.8538745846818854,32,learned_untied,,,3,15.613565032995773,9.204989050745823,9.31685512218992,2.6845469970517755,product
official,0.0027148246765136717,L14H0,0,13.088431362689807,14.845140904444037,32,sderf_orf,,,10,25.496226129470287,3.5871394215547445,1.0005360532613357,0.985797631965461,product
official,0.0024765968322753907,L14H6,1,15.831264549611399,14.949653049735662,32,sderf_orf,,,10,654.4372318926231,122.74443604296478,1.6259688759031126,0.9989405999696117,product
official,0.03980684280395508,L27H0,2,7.118391754702562,5.103594130594216,32,sderf_orf,,,10,6368.23094830581,918.9054694155259,31.837693741501596,11.664379484133981,product
official,0.028992271423339842,L27H6,3,7.3505541274669195,5.967656252301606,32,sderf_orf,,,10,36.89499107105341,11.789267609905831,11.339959995319202,1.2786621545781476,product
official,,L14H0,0,,,64,SVD,,,1,1.3742779020571094e-05,1.3742779020571094e-05,1.3742779020571094e-05,1.3742779020571094e-05,product
official,,L14H6,1,,,64,SVD,,,1,0.0004661500394718979,0.0004661500394718979,0.0004661500394718979,0.0004661500394718979,product
official,,L27H0,2,,,64,SVD,,,1,0.0022312018424248434,0.0022312018424248434,0.0022312018424248434,0.0022312018424248434,product
official,,L27H6,3,,,64,SVD,,,1,0.0011304214493567143,0.0011304214493567143,0.0011304214493567143,0.0011304214493567143,product
official,,L14H0,0,,,64,NMF,,,1,1.5560337432991e-05,1.5560337432991e-05,1.5560337432991e-05,1.5560337432991e-05,product
official,,L14H6,1,,,64,NMF,,,1,0.0005384605989776956,0.0005384605989776956,0.0005384605989776956,0.0005384605989776956,product
official,,L27H0,2,,,64,NMF,,,1,0.003806465883079414,0.003806465883079414,0.003806465883079414,0.003806465883079414,product
official,,L27H6,3,,,64,NMF,,,1,0.0017798767165734147,0.0017798767165734147,0.0017798767165734147,0.0017798767165734147,product
official,0.01439495086669922,L14H0,0,8.83532943715846,6.468691056648579,64,aderf_orf,,,10,3076.4553525701867,308.7909648720714,1.0527054326609318,0.9920489946159541,product
official,0.024376392364501953,L14H6,1,6.111702204028589,5.221915251284418,64,aderf_orf,,,10,128.99054738547522,18.117901009517247,4.625753289084365,0.9984927329791005,product
official,0.05585536956787109,L27H0,2,8.037110816513959,3.4839321250689244,64,aderf_orf,,,10,12.009591029408254,2.778903219326034,1.7483936287354473,1.005812101558667,product
official,0.014951229095458984,L27H6,3,11.277400926920404,6.144514529785087,64,aderf_orf,,,10,146.92268328632804,27.141529939696852,1.003059004783799,0.999998745097797,product
official,0.021069049835205078,L14H0,0,8.35798370822953,5.422652276625142,64,balanced_orf,,,10,3.0978163091173854,1.2132209504775655,0.9992443103440907,0.9903698901768935,product
official,0.031798362731933594,L14H6,1,5.624180633260739,4.438997990445434,64,balanced_orf,,,10,16.28146709880415,3.377461961892659,1.3025295787125992,0.9822380943469874,product
official,0.15176162719726563,L27H0,2,3.1617903252050445,1.6857504382641628,64,balanced_orf,,,10,705.2874783436035,108.0304082226698,14.602419479674126,2.756302650527213,product
official,0.14675817489624024,L27H6,3,3.3062758720280767,1.7514316357274855,64,balanced_orf,,,10,1375.122353502944,147.4143297682292,3.9033202533758624,1.3351708805393807,product
official,0.02374114990234375,L14H0,0,8.694160359311283,5.6567638890446466,64,balanced_sderf_orf,,,10,557.3740471665818,56.914350972724755,1.1379332736870462,1.0133047961814239,product
official,0.036396121978759764,L14H6,1,6.477604318451702,4.560483305014906,64,balanced_sderf_orf,,,10,13354.756615690667,1724.0263604285524,20.674472907189127,1.2843079103816555,product
official,0.16389617919921876,L27H0,2,2.940570231618607,1.5997278915390447,64,balanced_sderf_orf,,,10,2157.0639303538073,261.00169981824064,29.366380238284908,8.564816665880155,product
official,0.14622097015380858,L27H6,3,4.358626435274243,1.7471605181668557,64,balanced_sderf_orf,,,10,48955.67385575701,4949.083434310952,47.82908594991329,2.1496145308128716,product
official,0.024311256408691407,L14H0,0,8.661148989598352,5.518771580894689,64,balanced_sderf_sobol,,,10,1837.7747979900375,210.64425062411078,1.4887917767788972,1.000229582502481,product
official,0.038056373596191406,L14H6,1,9.030280526046406,4.421207381255751,64,balanced_sderf_sobol,,,10,135497.1962053158,13577.430379450036,4.5658715306277475,1.2736728946740334,product
official,0.15126619338989258,L27H0,2,3.7043628208442683,1.6104287180505175,64,balanced_sderf_sobol,,,10,32023.584669876527,3736.867742419867,61.531270930320005,5.7895078908974,product
official,0.15257959365844725,L27H6,3,3.1238451126940427,1.6529512824516672,64,balanced_sderf_sobol,,,10,10588.202713624847,1069.1128577087864,10.973071022566426,1.7834477726179065,product
official,0.12383317947387695,L14H0,0,13.760402603218301,2.7032483891562427,64,balanced_sderf_sobol_mass,,,10,795305.0651076933,129094.75076761321,676.1847875263707,38.21683048933492,product
official,0.09432640075683593,L14H6,1,6.450199118036098,3.18678345311838,64,balanced_sderf_sobol_mass,,,10,8208.15791197756,1256.138303898837,93.71126807162271,21.126989408737213,product
official,0.1796015739440918,L27H0,2,4.065402029478422,1.518646751353016,64,balanced_sderf_sobol_mass,,,10,90287.33010089374,9427.648341978727,87.37329962600138,30.072546954603375,product
official,0.17247505187988282,L27H6,3,3.032505880581909,1.5564366119353967,64,balanced_sderf_sobol_mass,,,10,6194.9741264979775,632.3085636785571,16.374999320119976,2.780581966521237,product
official,0.07884724934895833,L14H0,0,6.016196038066439,3.5998766708045906,64,beta15_shared,,,3,1642.613785001074,1130.1715242035364,954.3449229115195,793.5558646980155,product
official,0.04745324452718099,L14H6,1,4.255980347344495,4.037516477307425,64,beta15_shared,,,3,1493.7131765563238,576.4666509230564,147.37291543434904,88.31386077849619,product
official,0.11589813232421875,L27H0,2,2.2005752305735244,1.8311745188042368,64,beta15_shared,,,3,6.338595844866964,4.149513711477485,4.944078428103627,1.1658668614618635,product
official,0.09980328877766927,L27H6,3,2.708891797064183,2.0552840823657417,64,beta15_shared,,,3,14.229313115062697,5.539149164176657,1.2736954905892126,1.114438886878065,product
official,0.08351612091064453,L14H0,0,6.303912274136985,3.5146776375994375,64,beta15_untied,,,3,2352.1137521930796,1292.4973488465519,1165.2419339461403,360.1363604004358,product
official,0.05100027720133463,L14H6,1,4.637392335201003,3.946410940410766,64,beta15_untied,,,3,2012.8253719707204,976.6994181285528,582.2996047883358,334.97327762660217,product
official,0.11767387390136719,L27H0,2,2.212336016948331,1.7817582905467109,64,beta15_untied,,,3,7.238400344492029,4.237105767958451,4.348159982746593,1.1247569766367307,product
official,0.10112762451171875,L27H6,3,2.7428314786869916,1.9971987454007305,64,beta15_untied,,,3,16.817608392030117,6.441269717246834,1.281421849701391,1.224778910008992,product
official,0.00018634796142578126,L14H0,0,17.56154333172057,17.749917788908654,64,favor_orf,,,10,1.000104383469767,0.99997252362956,0.999992494389143,0.9997237835008721,product
official,0.00133056640625,L14H6,1,14.253171852027794,14.604743691750318,64,favor_orf,,,10,25.290084992201315,3.6046845769214664,0.9996220777281102,0.9974128387216719,product
official,0.0013242721557617187,L27H0,2,14.300629604987313,10.913374920976235,64,favor_orf,,,10,1.0009049984780898,1.000109627384539,0.9999899382791317,0.9999307221669946,product
official,0.0024156570434570312,L27H6,3,15.185178451007605,11.302524337481378,64,favor_orf,,,10,5.471945765209318,1.4476046537522222,1.0000038576956984,0.999973889476098,product
official,0.09495957692464192,L14H0,0,3.6695132597751425,3.2036266563708495,64,learned_shared,,,3,313.6635889600632,219.95118907858568,272.280296551436,73.90968172425788,product
official,0.08051904042561848,L14H6,1,3.6329066306020033,3.2174324502376117,64,learned_shared,,,3,579.1192930073115,306.4312408501497,247.39869579117712,92.77573375196052,product
official,0.21821721394856772,L27H0,2,1.8452104338717383,1.2672145682614773,64,learned_shared,,,3,153.04930365766594,75.81931150911366,69.4432474106046,4.965383459070468,product
official,0.19689083099365234,L27H6,3,2.180785953341081,1.405706007510858,64,learned_shared,,,3,113.2066325306184,40.90655686220844,6.504314383083633,3.0087236729232676,product
official,0.09902000427246094,L14H0,0,3.9027214417114915,3.1420566485699606,64,learned_untied,,,3,509.2871572681213,338.4792120169147,380.2491733436125,125.90130543901037,product
official,0.08200550079345703,L14H6,1,3.6001077753642954,3.1907210138582314,64,learned_untied,,,3,269.29076040730644,202.90039038450038,186.51213181107263,152.89827893512208,product
official,0.20975017547607422,L27H0,2,1.826471385946313,1.2558069681864017,64,learned_untied,,,3,127.52186447379796,63.10179651010676,56.0950076041766,5.688517452345704,product
official,0.19050280253092447,L27H6,3,2.2137358708996673,1.3729482408515308,64,learned_untied,,,3,146.55702860731472,52.470862695049334,6.613161635882862,4.242397841950405,product
official,0.003924846649169922,L14H0,0,10.134082086203232,12.609800737770083,64,sderf_orf,,,10,330.9300715099442,38.227195412135046,1.258278393223475,0.9967193853656875,product
official,0.0028850555419921873,L14H6,1,14.0373925963432,13.010690509222169,64,sderf_orf,,,10,164.35570186735947,42.346656342839005,1.196754813062224,0.9998318445803666,product
official,0.04615316390991211,L27H0,2,6.603344191732762,4.293645152895078,64,sderf_orf,,,10,53179.79048409469,7474.169064491101,99.95698953017713,3.6519448299184236,product
official,0.039307785034179685,L27H6,3,5.956427281925481,4.640727823207759,64,sderf_orf,,,10,198.52227956540514,41.55554897218218,10.953991968921123,5.040350844208813,product
official,,L14H0,0,,,128,SVD,,,1,1.3620546722454117e-06,1.3620546722454117e-06,1.3620546722454117e-06,1.3620546722454117e-06,product
official,,L14H6,1,,,128,SVD,,,1,7.159194845988736e-05,7.159194845988736e-05,7.159194845988736e-05,7.159194845988736e-05,product
official,,L27H0,2,,,128,SVD,,,1,0.0002654779368892646,0.0002654779368892646,0.0002654779368892646,0.0002654779368892646,product
official,,L27H6,3,,,128,SVD,,,1,0.00014073696568662008,0.00014073696568662008,0.00014073696568662008,0.00014073696568662008,product
official,,L14H0,0,,,128,NMF,,,1,2.022377206397206e-06,2.022377206397206e-06,2.022377206397206e-06,2.022377206397206e-06,product
official,,L14H6,1,,,128,NMF,,,1,0.0001103412791340164,0.0001103412791340164,0.0001103412791340164,0.0001103412791340164,product
official,,L27H0,2,,,128,NMF,,,1,0.0008169174489531177,0.0008169174489531177,0.0008169174489531177,0.0008169174489531177,product
official,,L27H6,3,,,128,NMF,,,1,0.00039159839507576355,0.00039159839507576355,0.00039159839507576355,0.00039159839507576355,product
official,0.021201419830322265,L14H0,0,7.804096917709025,5.3509831643464905,128,aderf_orf,,,10,18852.131708023295,1963.554860473135,1.7210539853334352,1.0048147702916845,product
official,0.03290891647338867,L14H6,1,5.098228165777999,4.355012633660498,128,aderf_orf,,,10,106.40354371324993,18.196739083504603,5.512341006172488,1.3937122257251737,product
official,0.0718541145324707,L27H0,2,6.822898854114546,2.8184891329478314,128,aderf_orf,,,10,9.33525702170584,2.788669606786221,1.5785201696021565,1.303172830425289,product
official,0.017635536193847657,L27H6,3,10.320844169904628,5.421411828374397,128,aderf_orf,,,10,37.45510042945102,7.53533045787926,1.0119525559742915,0.9999913330817294,product
official,0.027204418182373048,L14H0,0,6.9138962100885095,4.607403939608064,128,balanced_orf,,,10,22.72276640431862,3.3133317789247463,0.9914082800624966,0.9811803986418136,product
official,0.04120616912841797,L14H6,1,4.956388976851898,3.756805809764919,128,balanced_orf,,,10,4.790389294382278,2.369094157947843,2.0949570102951895,0.9834971809062554,product
official,0.1931072235107422,L27H0,2,2.544100590894012,1.3034944715402166,128,balanced_orf,,,10,195.08291621801206,43.466199954303356,27.142654217860134,1.440645594582145,product
official,0.17544126510620117,L27H6,3,2.7586869587992053,1.423930591998679,128,balanced_orf,,,10,344.08056356536747,44.83610853226797,2.6717231053426342,1.3667419397185245,product
official,0.03193740844726563,L14H0,0,17.632966265997908,4.645861346277266,128,balanced_sderf_orf,,,10,5326762.650226889,532774.2745295801,23.09228032886565,1.003599146585117,product
official,0.04887714385986328,L14H6,1,5.298625531246095,3.6742865801601488,128,balanced_sderf_orf,,,10,3468.544556779376,500.8991281749069,11.085614557121229,1.5590024181011182,product
official,0.2115001678466797,L27H0,2,2.176971612654346,1.1903683003491703,128,balanced_sderf_orf,,,10,656.2697629713023,83.14759857613527,13.045458984493273,7.360256256807155,product
official,0.20349884033203125,L27H6,3,2.9515365569159555,1.2505240397729875,128,balanced_sderf_orf,,,10,12238.384344378419,1241.8211418417145,17.910046452789622,1.5410535060803987,product
official,0.031619930267333986,L14H0,0,10.137544658452239,4.623762908328314,128,balanced_sderf_sobol,,,10,1075294.5168658996,107582.26812417526,1.3632756397114252,1.0753222133487526,product
official,0.050868892669677736,L14H6,1,6.645517019759064,3.595413642686774,128,balanced_sderf_sobol,,,10,33861.62958412987,3428.2643469016934,3.810766435850648,1.387677749415164,product
official,0.20261735916137696,L27H0,2,2.620333937144898,1.1944018534482717,128,balanced_sderf_sobol,,,10,8048.651778409868,959.7670684500879,42.11106554689256,8.894263738116152,product
official,0.20239362716674805,L27H6,3,2.498936292575519,1.2411752972354582,128,balanced_sderf_sobol,,,10,2649.9464581013285,304.34776257798546,28.485755802109928,2.511997808361787,product
official,0.14755935668945314,L14H0,0,12.266945461200617,2.318467150794033,128,balanced_sderf_sobol_mass,,,10,2205296.7212416553,254283.54656419792,368.4713657322493,53.44988294716573,product
official,0.12856607437133788,L14H6,1,5.657845994376449,2.423153533228929,128,balanced_sderf_sobol_mass,,,10,7564.32165930494,1573.1420077917041,146.98705404454282,20.56071432984685,product
official,0.22943286895751952,L27H0,2,2.694443172880998,1.1260996146003477,128,balanced_sderf_sobol_mass,,,10,11932.682914160281,1348.532703718734,54.472821719395185,8.731479218776371,product
official,0.2295022964477539,L27H6,3,2.4974768771417284,1.1496097138762376,128,balanced_sderf_sobol_mass,,,10,3025.109638851916,366.0530715671165,31.00567990093723,3.7509283785181786,product
official,0.00014934539794921874,L14H0,0,16.454667449066626,16.94280323991585,128,favor_orf,,,10,1.0000181863563673,0.9999503399623053,0.9999742470934678,0.9997800957797144,product
official,0.0015072822570800781,L14H6,1,13.280512898293916,13.424887045017906,128,favor_orf,,,10,2914.3161570499146,293.2758705963973,1.0654136719438034,0.9954943027586165,product
official,0.0013495445251464843,L27H0,2,13.462340439951769,10.315244404846391,128,favor_orf,,,10,1.0213874088766142,1.0020782527251775,0.9999875010825707,0.9994373714072277,product
official,0.002937793731689453,L27H6,3,13.709091568297387,10.071010502192092,128,favor_orf,,,10,2.1063923344330315,1.1108158112341644,0.9999997614111065,0.999986141872425,product
official,0.12753899892171225,L14H0,0,3.5337092837089585,2.43050372056963,128,learned_shared,,,3,484.63210165700843,255.71142137747108,210.72448526223056,71.77767721317426,product
official,0.11228720347086589,L14H6,1,3.4006086948331533,2.460632352442348,128,learned_shared,,,3,1380.6178482194637,613.1356761744136,300.0694373789617,158.7197429248152,product
official,0.27852408091227215,L27H0,2,1.5100871122498136,0.9486229592099783,128,learned_shared,,,3,71.6505178507598,50.76823710533203,54.079129422746945,26.575064042489345,product
official,0.2380526860555013,L27H6,3,1.9481281252690985,1.1036460646747586,128,learned_shared,,,3,52.91230154296604,43.52033172345424,47.46717847238035,30.18151515501633,product
official,0.1315135955810547,L14H0,0,3.8357827663757007,2.3847508209953276,128,learned_untied,,,3,519.5044541135455,365.17181693613423,480.7210745819489,95.28992211290831,product
official,0.11454836527506511,L14H6,1,3.5460730600332506,2.424493057641707,128,learned_untied,,,3,2703.964856790261,981.1402741159268,160.31313242573663,79.14283313178287,product
official,0.268100102742513,L27H0,2,1.4983131138739736,0.9433734836971932,128,learned_untied,,,3,63.68168919966432,45.307467270734776,52.16982311941945,20.070889493120575,product
official,0.23184680938720703,L27H6,3,1.9487495308367062,1.0833997729675424,128,learned_untied,,,3,107.59200442420143,59.641889431158496,59.71292125898343,11.620742610290625,product
official,0.005570602416992187,L14H0,0,8.954451411389815,10.728411815988704,128,sderf_orf,,,10,83.2030403848518,12.093504972860577,1.868699089830596,0.9918507203346015,product
official,0.004440498352050781,L14H6,1,11.733800338370695,10.744468801595053,128,sderf_orf,,,10,1168.9898559171156,131.6023286845953,10.307670578816568,1.0374839707254095,product
official,0.061709022521972655,L27H0,2,5.217731737664566,3.444185699531166,128,sderf_orf,,,10,13513.91798337932,1954.2168103176969,76.92517539076461,6.2793462553958594,product
official,0.05924711227416992,L27H6,3,4.863162574231643,3.493267608153811,128,sderf_orf,,,10,1419.6606726809348,165.63759620706057,8.300528584256025,2.3640866124752904,product
official,,L14H0,0,,,16,SVD,,,1,0.012178676446032937,0.012178676446032937,0.012178676446032937,0.012178676446032937,same_context
official,,L14H6,1,,,16,SVD,,,1,0.00484163059398236,0.00484163059398236,0.00484163059398236,0.00484163059398236,same_context
official,,L27H0,2,,,16,SVD,,,1,0.023510300415480283,0.023510300415480283,0.023510300415480283,0.023510300415480283,same_context
official,,L27H6,3,,,16,SVD,,,1,0.032853352836660805,0.032853352836660805,0.032853352836660805,0.032853352836660805,same_context
official,,L14H0,0,,,16,NMF,,,1,0.012188570281641397,0.012188570281641397,0.012188570281641397,0.012188570281641397,same_context
official,,L14H6,1,,,16,NMF,,,1,0.00512513802499179,0.00512513802499179,0.00512513802499179,0.00512513802499179,same_context
official,,L27H0,2,,,16,NMF,,,1,0.026292146932628588,0.026292146932628588,0.026292146932628588,0.026292146932628588,same_context
official,,L27H6,3,,,16,NMF,,,1,0.03707483511901463,0.03707483511901463,0.03707483511901463,0.03707483511901463,same_context
official,0.008634376525878906,L14H0,0,12.75987152270509,8.661315960334933,16,aderf_orf,8.377987204876824,1.1573149124982152,10,24.27300524763897,3.3898232477150083,1.008261343416594,0.9990978850011535,same_context
official,0.015468215942382813,L14H6,1,10.24958600218638,7.022289785071299,16,aderf_orf,2.207353703606408,1.1225014860727123,10,351413.90043828153,35200.72929534015,1.253734516581833,1.0051969891181098,same_context
official,0.04629192352294922,L27H0,2,8.36564974109157,4.723314910533118,16,aderf_orf,0.8078022482345304,1.5217034695385878,10,24.33037113665672,5.970360347769996,1.1000535397365554,1.0071666640275116,same_context
official,0.006706714630126953,L27H6,3,13.804851187004147,8.79574489038944,16,aderf_orf,3.209722305699639,1.630754020859363,10,1.7365081248773826,1.074588530231262,1.0008005950870063,0.9999896910508742,same_context
official,0.011868667602539063,L14H0,0,11.18653984646968,7.323740644256657,16,balanced_orf,5.585280109315308,0.8757706037513687,10,29.565161657071897,4.065584907500509,0.9996068873988576,0.9961200498283399,same_context
official,0.022315502166748047,L14H6,1,8.091478068172268,5.791960422979951,16,balanced_orf,2.1865476866695017,1.2466815367776505,10,4.331708569665926,1.8857152771188956,1.27375453857232,0.9995963141903703,same_context
official,0.09228153228759765,L27H0,2,4.150754599863217,2.592477351487144,16,balanced_orf,0.4830603766681545,1.2300892419208125,10,1466.7665287759687,218.0495638157795,12.835286522606328,1.027365115856671,same_context
official,0.09392032623291016,L27H6,3,3.934481828395792,2.6767457916014186,16,balanced_orf,1.0418682696729917,1.2189683307183947,10,2891.2772140410316,445.90341225010053,39.04612558786589,1.463449187995233,same_context
official,0.014736652374267578,L14H0,0,12.095525701252157,7.880350287576851,16,balanced_sderf_orf,8.380009631965272,1.126976238325285,10,7329.728270487377,734.0610531005493,1.072962173973867,1.004213661347084,same_context
official,0.02030811309814453,L14H6,1,9.22305440999075,6.773734044855257,16,balanced_sderf_orf,3.2859382527996415,1.4694792444749127,10,209.1101221573172,33.680802480566676,7.697509838243716,1.0218926398278274,same_context
official,0.09302320480346679,L27H0,2,4.334732321585638,2.786005415388531,16,balanced_sderf_orf,0.6545475571948851,1.3144720173560376,10,7568.204800580627,1239.344495347147,16.516355276959604,2.209175377595415,same_context
official,0.07916173934936524,L27H6,3,4.417072801922337,3.128481073023663,16,balanced_sderf_orf,1.466998453512117,1.3194966970990207,10,28660.57685169764,2938.067200155946,35.51876668571539,1.1738256192613394,same_context
official,0.014368247985839844,L14H0,0,12.219833706407503,7.77642234924523,16,balanced_sderf_sobol,10.695396116569668,1.3449336949972623,10,46.44011834042936,6.435335354034154,1.0140457493102328,0.9966148244442556,same_context
official,0.023209095001220703,L14H6,1,9.061949948604369,6.348022245528923,16,balanced_sderf_sobol,3.332876834457707,1.504557588091194,10,458.2882440075881,51.97428215894786,6.834596180693144,1.0125003933528156,same_context
official,0.0805135726928711,L27H0,2,4.007090249693883,2.815037516082383,16,balanced_sderf_sobol,0.6626230006386056,1.291674223180195,10,1578.9944571778015,278.9683935390106,55.41652140036945,2.6606527857307656,same_context
official,0.08867616653442383,L27H6,3,3.6957022868817626,2.744964087977663,16,balanced_sderf_sobol,1.3699575869341283,1.2985937021344722,10,304.63385452678284,78.39185284986715,62.95899165791507,6.201128892101554,same_context
official,0.06949262619018555,L14H0,0,10.083503424361455,4.465281434919205,16,balanced_sderf_sobol_mass,10.695396116569668,1.3449336949972623,10,13258.269328051752,2164.078262157657,65.28572516798877,1.2139021478421268,same_context
official,0.0660970687866211,L14H6,1,9.237270070104524,4.324402697875973,16,balanced_sderf_sobol_mass,3.332876834457707,1.504557588091194,10,10225.750023822486,1867.1776856123372,625.5803915165974,2.6544327039566222,same_context
official,0.10546455383300782,L27H0,2,4.18550046937386,2.6812327855949696,16,balanced_sderf_sobol_mass,0.6626230006386056,1.291674223180195,10,1092.8653295982776,378.8640301998766,108.99859767581341,1.3107818074503081,same_context
official,0.0962174415588379,L27H6,3,3.7901058072573064,2.734400738938553,16,balanced_sderf_sobol_mass,1.3699575869341283,1.2985937021344722,10,525.124029290327,123.38269973578085,30.129087306729513,9.715687875985113,same_context
official,4.930496215820313e-05,L14H0,0,22.53626382751035,21.71810708196481,16,favor_orf,1.9556355316176028,0.3686182103355317,10,0.9999998630847906,0.9999677138786213,0.999994922768968,0.999823318843074,same_context
official,0.0008290290832519531,L14H6,1,17.728424903920363,16.532270212864205,16,favor_orf,1.0980728005069602,0.7365730423464021,10,9.878351833946907,1.9445506457614292,0.9999756084213623,0.9985226733283283,same_context
official,0.0003481864929199219,L27H0,2,17.684440928188714,14.662192096091,16,favor_orf,1.4620510193077512,1.6442067116506902,10,1.000534825425935,1.0000398149502359,0.9999988524490501,0.9998523755835063,same_context
official,0.00014505386352539062,L27H6,3,18.435144934413756,14.983663688205121,16,favor_orf,3.534791681540681,1.6892643555178897,10,1.0000181887235995,0.999993560941449,0.9999987008489135,0.9999503799725171,same_context
official,0.046547889709472656,L14H0,0,9.130905441440495,5.166276756436413,16,learned_shared,1.3063970244447032,0.22404096493553483,3,21011.13215823578,7161.746091008692,298.18324222461365,175.92287256568002,same_context
official,0.05486742655436198,L14H6,1,5.313181085803144,4.611242833357288,16,learned_shared,0.6208133476783632,0.5004052135840996,3,287.0618561536851,190.1881360375145,177.03390924885974,106.46864270999876,same_context
official,0.13056341807047525,L27H0,2,2.4204566888860213,2.179113624287145,16,learned_shared,0.3773119739658432,1.12930953194237,3,13.737658354402495,10.14446759959277,9.04775470686676,7.647989737509061,same_context
official,0.11157544453938802,L27H6,3,2.722264721640896,2.456003900590751,16,learned_shared,1.0552050349545399,1.2141387381694513,3,102.44275290035178,54.888975852347876,35.261990645038985,26.96218401165288,same_context
official,0.04879124959309896,L14H0,0,9.093279883456281,5.119961838139678,16,learned_untied,1.2125244229366965,0.22091323952693312,3,27759.16704695955,9470.590357241197,351.4703745998682,301.1336501641747,same_context
official,0.05915514628092448,L14H6,1,5.225675060113524,4.474299631828448,16,learned_untied,0.5983942238801873,0.5076087387235472,3,188.08142236179637,134.93612938151648,119.13510324777116,97.5918625349819,same_context
official,0.1221771240234375,L27H0,2,2.392166161690184,2.181786659403752,16,learned_untied,0.4060221695444355,1.1383202542370727,3,11.086418019891694,8.976165203664083,9.284687841849252,6.557389749251304,same_context
official,0.10552056630452473,L27H6,3,2.7126205253666207,2.4354318001749835,16,learned_untied,1.0961975619388562,1.1993657967329825,3,77.33766777416328,55.22774659916206,76.75880614472455,11.586765878598355,same_context
official,0.002311420440673828,L14H0,0,16.546688873343093,17.516336359438718,16,sderf_orf,6.203445048462959,0.7331513302400232,10,14.284191835282932,2.462060112540164,0.9999760815996629,0.9979378098135089,same_context
official,0.001419830322265625,L14H6,1,18.712418265666688,17.772646356770963,16,sderf_orf,2.596940359995057,1.1284910973287068,10,681.5720836680176,71.82938292536824,1.0173936076202237,0.9984648128859965,same_context
official,0.01723031997680664,L27H0,2,9.376673575875552,7.813739874070761,16,sderf_orf,1.08590184557847,1.5737157038845873,10,440.8797425034742,74.36822319660249,4.057562549610893,1.1436588474285188,same_context
official,0.01943626403808594,L27H6,3,8.735756914747105,7.751365281532022,16,sderf_orf,3.257328948294125,1.6405298827673946,10,692.2241246612728,120.65543674723116,23.926077828475933,1.654388266947595,same_context
official,,L14H0,0,,,32,SVD,,,1,0.0013290016987066837,0.0013290016987066837,0.0013290016987066837,0.0013290016987066837,same_context
official,,L14H6,1,,,32,SVD,,,1,0.0013318190333778844,0.0013318190333778844,0.0013318190333778844,0.0013318190333778844,same_context
official,,L27H0,2,,,32,SVD,,,1,0.0075945083384280415,0.0075945083384280415,0.0075945083384280415,0.0075945083384280415,same_context
official,,L27H6,3,,,32,SVD,,,1,0.010512588811917325,0.010512588811917325,0.010512588811917325,0.010512588811917325,same_context
official,,L14H0,0,,,32,NMF,,,1,0.0013318779124725862,0.0013318779124725862,0.0013318779124725862,0.0013318779124725862,same_context
official,,L14H6,1,,,32,NMF,,,1,0.0016126454979934254,0.0016126454979934254,0.0016126454979934254,0.0016126454979934254,same_context
official,,L27H0,2,,,32,NMF,,,1,0.010002440674296243,0.010002440674296243,0.010002440674296243,0.010002440674296243,same_context
official,,L27H6,3,,,32,NMF,,,1,0.013741674193443324,0.013741674193443324,0.013741674193443324,0.013741674193443324,same_context
official,0.012184047698974609,L14H0,0,14.394036097275512,7.251537713689122,32,aderf_orf,5.605685033224452,0.8290521038512869,10,2430423.4611695805,243056.868830323,4.575309523067833,0.9998330078477246,same_context
official,0.019694805145263672,L14H6,1,8.53360856098449,5.953997314822603,32,aderf_orf,1.718503418615087,1.0034540844657251,10,114458.64888424338,11461.371222972852,1.163213687044664,0.9997713725369416,same_context
official,0.05117855072021484,L27H0,2,7.511223595167702,3.9663155603544302,32,aderf_orf,0.7228474669709248,1.4862320987753597,10,7.033254914523745,2.2817883263871024,1.0769009627764083,1.0075258919325916,same_context
official,0.008779239654541016,L27H6,3,12.359886233940625,7.6009168199098,32,aderf_orf,2.7554732776071083,1.5852211281027089,10,1.620794867490751,1.0876495224216747,1.000465443916514,0.999885423348399,same_context
official,0.017079734802246095,L14H0,0,9.891455010237404,6.156892362229262,32,balanced_orf,5.010218406044324,0.8248373010074955,10,8.0803005719765,1.767015045443043,1.0092095588626924,0.9953782997321259,same_context
official,0.02588062286376953,L14H6,1,7.071879229795611,5.060016632514224,32,balanced_orf,1.785740110171703,1.084964616397265,10,12.209501254436331,2.758095738254256,1.3850894488062644,1.0121006809314474,same_context
official,0.1153712272644043,L27H0,2,3.305645789162052,2.0916052591367014,32,balanced_orf,0.4159484103513682,1.1430447536624961,10,367.07045768676926,92.6714658861275,21.956579337886833,1.4834413469610668,same_context
official,0.12138290405273437,L27H6,3,3.0540781899066,2.1076825859618253,32,balanced_orf,0.9265231399618393,1.157782184879822,10,722.7358360695129,118.94348517219916,17.835106951010573,1.8738794168408828,same_context
official,0.019810581207275392,L14H0,0,10.337692181134138,6.520766701396079,32,balanced_sderf_orf,7.723774130971802,1.0609608367239012,10,1832.2976476639444,184.317041625287,1.0237395567757113,0.9986722715190413,same_context
official,0.03025503158569336,L14H6,1,7.217348047318938,5.320899357243039,32,balanced_sderf_orf,2.5114177941681817,1.265494636499542,10,52.86893753942855,12.953832947092568,4.597528922841206,1.0496725186741287,same_context
official,0.12623281478881837,L27H0,2,4.145298181199989,2.0678868230522567,32,balanced_sderf_orf,0.5213393392087893,1.2083730317041397,10,60061.68981628115,6497.966487884451,66.80332727184005,7.238052602973596,same_context
official,0.10767087936401368,L27H6,3,3.471221015868308,2.3382794657754666,32,balanced_sderf_orf,1.3441338807533525,1.239217069429675,10,7169.785730566539,1013.866334784535,50.19050233926729,3.7030503851436216,same_context
official,0.019366073608398437,L14H0,0,10.798700257130367,6.442167535577889,32,balanced_sderf_sobol,9.934896772003878,1.3165902739424802,10,12.31141105822621,2.4150997106711816,1.058024791948833,0.9996689233412528,same_context
official,0.030858421325683595,L14H6,1,7.763894976212271,5.1652180537988315,32,balanced_sderf_sobol,3.072058136871079,1.4659014256354146,10,293.0658617613859,39.32444669905759,3.801446806721562,1.0592556094183365,same_context
official,0.11301050186157227,L27H0,2,3.1785296798408744,2.0997912779839263,32,balanced_sderf_sobol,0.5466804506697576,1.197478984255039,10,2287.3255754293036,303.1575680969586,18.673684320332658,2.136697759248204,same_context
official,0.11774320602416992,L27H6,3,3.073959619858525,2.1093867725759687,32,balanced_sderf_sobol,1.5271634162979955,1.2236469177215679,10,1412.1213420521003,234.57557576125038,24.473462754747096,2.6525714701612166,same_context
official,0.10603799819946289,L14H0,0,8.536148972031807,3.1944017307893224,32,balanced_sderf_sobol_mass,9.934896772003878,1.3165902739424802,10,9375.792283491415,1490.5926297054139,335.87012000324637,4.249623178586077,same_context
official,0.08814163208007812,L14H6,1,7.31656620556628,3.4234084267131406,32,balanced_sderf_sobol_mass,3.0720581368710786,1.4659014256354146,10,2442.8873615269495,541.696865670081,307.38945513435806,10.963659726143378,same_context
official,0.13856496810913085,L27H0,2,3.142458668520291,1.999509336344912,32,balanced_sderf_sobol_mass,0.5466804506697577,1.197478984255039,10,469.48440516094564,125.16888822576159,35.532005227871124,8.425605119599213,same_context
official,0.12053718566894531,L27H6,3,3.1746233924168132,2.132760461086072,32,balanced_sderf_sobol_mass,1.5271634162979955,1.2236469177215679,10,3528.4207284137296,418.3530036823794,19.452691866596577,2.834549446379911,same_context
official,8.544921875e-05,L14H0,0,21.093301306733228,19.535721847960552,32,favor_orf,3.789369307830758,0.5218221353418301,10,0.9999991582701931,0.9999786117087192,0.9999855455556836,0.9999027095471844,same_context
official,0.0007130622863769532,L14H6,1,16.68774591243485,15.586596239522482,32,favor_orf,1.0422344313122298,0.7213608144038772,10,3.189859720901785,1.2393735507501153,0.999730850452378,0.9988490028134845,same_context
official,0.0007382392883300781,L27H0,2,15.426219111712802,12.708203082676338,32,favor_orf,1.1336020087190977,1.5855999224370627,10,1.0019889585644255,1.0003886601093355,1.0000014240715909,0.9999086577030198,same_context
official,0.0026723861694335936,L27H6,3,16.098725397506,12.82849927569957,32,favor_orf,4.240214114462992,1.6599235851713534,10,77.41389596481947,8.64138476697727,0.999997852417966,0.9999786927164421,same_context
official,0.07268301645914714,L14H0,0,6.7499058006582855,3.881703744391416,32,learned_shared,1.1847532881158325,0.22149349119985806,3,4312.866597097252,1642.0543248020376,494.4073074167297,118.88906989213044,same_context
official,0.07883707682291667,L14H6,1,4.491412960575967,3.6028115568277297,32,learned_shared,0.6580415687058571,0.5279061697133217,3,186.19792696530735,114.40465516282943,92.28284043690665,64.73319808627429,same_context
official,0.16765467325846353,L27H0,2,2.200519081571609,1.6415776484165088,32,learned_shared,0.42415953650472543,1.076110131014685,3,67.69463911156608,49.69821715432209,58.37818252797043,23.021829823429734,same_context
official,0.15383021036783853,L27H6,3,2.1681392258255636,1.7961519506458086,32,learned_shared,1.0244882822871493,1.153265527447851,3,36.8940045036233,21.63293661062323,18.482084722089503,9.522720606156886,same_context
official,0.07522106170654297,L14H0,0,6.405016018460775,3.8425813614462405,32,learned_untied,1.20852926150536,0.231780423638289,3,3394.9439102697256,1322.8319295734798,405.12459334543223,168.42728510528104,same_context
official,0.08298206329345703,L14H6,1,4.459875804269298,3.496385719969455,32,learned_untied,0.6585883219528079,0.5428425216404544,3,310.97466609119624,140.31429963694146,68.31146625839745,41.65676656123069,same_context
official,0.16195074717203775,L27H0,2,2.218267135011209,1.620776594662474,32,learned_untied,0.4803246652127231,1.0772204993425867,3,97.81863456822961,65.86181045227848,77.05460637046791,22.71219041813789,same_context
official,0.14711920420328775,L27H6,3,2.140869155765993,1.7699239471466264,32,learned_untied,1.0322867828228208,1.1454373022888746,3,31.597446851233347,21.594948769437746,26.062271140487255,7.1251283165926305,same_context
official,0.0028659820556640623,L14H0,0,14.613955123156241,14.721744992364918,32,sderf_orf,6.619354838856775,0.8209935538923949,10,1167.8851852886685,118.10420576593526,1.0035652426946458,0.9971878291337714,same_context
official,0.002770233154296875,L14H6,1,16.147178293967357,14.509435086471736,32,sderf_orf,3.0358531474277792,1.3158470858157585,10,170.84814552263205,19.55864490211922,1.1886176469607017,0.9994225141083669,same_context
official,0.03939218521118164,L27H0,2,6.657467036202206,5.0410560588153785,32,sderf_orf,0.9193959342929979,1.4967240240624187,10,7391.17180573796,848.4253148967913,111.36904938123168,2.5036223230853207,same_context
official,0.029813575744628906,L27H6,3,6.891802876362993,5.96520225406075,32,sderf_orf,2.7165318048065816,1.5944456986560374,10,312.1781319724838,88.59662770729621,43.72055582463421,3.501936642135194,same_context
official,,L14H0,0,,,64,SVD,,,1,5.639233941085271e-05,5.639233941085271e-05,5.639233941085271e-05,5.639233941085271e-05,same_context
official,,L14H6,1,,,64,SVD,,,1,0.00021758665222523655,0.00021758665222523655,0.00021758665222523655,0.00021758665222523655,same_context
official,,L27H0,2,,,64,SVD,,,1,0.0016836532817042578,0.0016836532817042578,0.0016836532817042578,0.0016836532817042578,same_context
official,,L27H6,3,,,64,SVD,,,1,0.002289109210482389,0.002289109210482389,0.002289109210482389,0.002289109210482389,same_context
official,,L14H0,0,,,64,NMF,,,1,5.846418305978222e-05,5.846418305978222e-05,5.846418305978222e-05,5.846418305978222e-05,same_context
official,,L14H6,1,,,64,NMF,,,1,0.00032665032817193006,0.00032665032817193006,0.00032665032817193006,0.00032665032817193006,same_context
official,,L27H0,2,,,64,NMF,,,1,0.002991092216550647,0.002991092216550647,0.002991092216550647,0.002991092216550647,same_context
official,,L27H6,3,,,64,NMF,,,1,0.004018266772645839,0.004018266772645839,0.004018266772645839,0.004018266772645839,same_context
official,0.015146350860595703,L14H0,0,11.231432264298098,6.32655611477864,64,aderf_orf,4.793201985901392,0.7307147351348667,10,607585.7912523398,60765.5625776379,2.2205030225035727,1.0095366804897636,same_context
official,0.026686763763427733,L14H6,1,6.967513995771995,4.94740689370727,64,aderf_orf,1.6247956185596295,0.9847283646981048,10,28611.301528656364,2874.181013043277,1.404705111021753,1.00439893107627,same_context
official,0.059262561798095706,L27H0,2,6.646583384464331,3.3085750271114,64,aderf_orf,0.6812984798136277,1.4304259381804043,10,8.236771629849793,2.1936479397609174,1.4530450343101782,1.003306482323581,same_context
official,0.015176677703857422,L27H6,3,10.506851580011253,6.0116498738519875,64,aderf_orf,2.4753859881162397,1.5326122583222297,10,25611.8397518129,2563.7837298187205,1.0190215992959675,1.0000978501348894,same_context
official,0.022645092010498045,L14H0,0,9.119199304685534,5.206227182938923,64,balanced_orf,5.189811588817285,0.8583670922489551,10,2.7249164885063286,1.1959303564569674,1.0163605693971869,0.9964690715239792,same_context
official,0.03430891036987305,L14H6,1,5.98376809354709,4.2156298040129005,64,balanced_orf,1.4056267196481353,0.9463324280873311,10,5.7909064364805864,1.945212797423732,1.1870457698363395,1.0333442761441505,same_context
official,0.15594635009765626,L27H0,2,2.734697986291886,1.5960571273660815,64,balanced_orf,0.5164018142942297,1.0930692603468626,10,942.1562898407308,137.30159652964898,41.45974149272746,1.6179579939774529,same_context
official,0.14762983322143555,L27H6,3,2.548949251692884,1.6930100110847799,64,balanced_orf,0.8876377019150045,1.0849083648824138,10,183.42817400906029,42.83290295412125,11.367702690512834,4.4328868571496285,same_context
official,0.02507028579711914,L14H0,0,9.348285073353056,5.466168893949934,64,balanced_sderf_orf,7.870800514673801,1.1157223078838445,10,458.3410750587102,47.10517765308829,1.004118355645279,0.9935943196487302,same_context
official,0.0383091926574707,L14H6,1,6.940408982514692,4.432775035043845,64,balanced_sderf_orf,2.2411681204646987,1.1829169773942387,10,6537.313366178365,668.82891989708,8.387146140913863,1.1904697555224324,same_context
official,0.1711881637573242,L27H0,2,2.8624145639887404,1.5152382435675125,64,balanced_sderf_orf,0.5203311771743946,1.1253566018764447,10,15022.928044961012,1648.3527048976266,23.88991333947052,12.731655873990174,same_context
official,0.14753875732421876,L27H6,3,2.631516692659067,1.6978812426779524,64,balanced_sderf_orf,1.311076682815057,1.1512086592622832,10,1835.7834501240911,293.75149022577705,92.12252065216458,8.632104996504413,same_context
official,0.025604057312011718,L14H0,0,8.931984527495384,5.3379927226804185,64,balanced_sderf_sobol,7.740102559802551,1.0926885179001669,10,14.999856241342016,3.0831099746558492,1.1152250419672376,0.9914245678204033,same_context
official,0.03971080780029297,L14H6,1,7.809773453633727,4.245914477396665,64,balanced_sderf_sobol,2.472699171849615,1.2820283951998381,10,37627.66103307,4334.890820785192,2.8260649014832913,1.0180150561869474,same_context
official,0.14972305297851562,L27H0,2,2.404923988551375,1.5798982629301448,64,balanced_sderf_sobol,0.5126650460991278,1.1163318241560165,10,574.1866252168021,109.90906866310397,57.36847834014992,3.2796081357255527,same_context
official,0.1549860954284668,L27H6,3,2.3828295204195067,1.591445449011385,64,balanced_sderf_sobol,1.3493176475233277,1.129442682989785,10,356.36732766375053,80.2300320954068,18.673803512090863,3.4332727087186714,same_context
official,0.13013753890991211,L14H0,0,9.277885208209998,2.5571634197505544,64,balanced_sderf_sobol_mass,7.740102559802553,1.0926885179001669,10,298561.0735613102,30459.794150451336,119.05626068270097,3.866007250203618,same_context
official,0.10008678436279297,L14H6,1,6.76337974350505,3.0272731643263193,64,balanced_sderf_sobol_mass,2.472699171849615,1.2820283951998381,10,69813.96576994972,7364.244851516055,86.33859756315452,5.731205264667852,same_context
official,0.1791065216064453,L27H0,2,2.4377608232319523,1.4912068197441397,64,balanced_sderf_sobol_mass,0.5126650460991278,1.1163318241560165,10,172.11831076343077,81.66372901435776,62.19775897567543,7.637597944745972,same_context
official,0.17515506744384765,L27H6,3,2.397367504383829,1.4922938536497539,64,balanced_sderf_sobol_mass,1.3493176475233277,1.129442682989785,10,867.2818738415953,136.16833581433212,13.872736695462976,4.229394442515774,same_context
official,0.08624617258707683,L14H0,0,6.4397660951985864,3.3607792643399184,64,beta15_shared,0.8951824769549371,0.1673077735929662,3,944.3628367321977,633.1043370303936,735.6748946000594,219.27527975892363,same_context
official,0.05347887674967448,L14H6,1,4.849624685645412,3.7879331819929676,64,beta15_shared,0.48471622236808964,0.4305581186606688,3,522.9039250454302,268.6063192940239,156.2444523610332,126.67058047560812,same_context
official,0.1201181411743164,L27H0,2,2.2817569860369207,1.7553760574282933,64,beta15_shared,0.30485592484695023,1.0024824310200267,3,249.45058048920927,84.58433440357358,2.517767336975341,1.7846553845361435,same_context
official,0.10164197285970052,L27H6,3,2.2658775819248778,1.971998258297,64,beta15_shared,0.8988319110494863,1.0591190978645575,3,18.736139284631456,7.452256597130066,1.9991927587954545,1.621437747963285,same_context
official,0.09058316548665364,L14H0,0,6.455661313732381,3.2843899220474824,64,beta15_untied,0.9211013033957434,0.17298650861575438,3,851.196205051215,651.1586769427594,701.9114997060369,400.36832607102616,same_context
official,0.05839951833089193,L14H6,1,4.800884070433623,3.6660581158913197,64,beta15_untied,0.4913857531042689,0.4355333969574952,3,844.2880832228674,348.9404754917391,164.81601055949574,37.71733269285405,same_context
official,0.12251599629720052,L27H0,2,2.206534252522912,1.7042311960895207,64,beta15_untied,0.3137495632380541,0.9971717165228271,3,116.76602036211546,40.552368511217715,3.2289831900492727,1.6621019814884297,same_context
official,0.10373242696126302,L27H6,3,2.2634583719525065,1.9184137509206227,64,beta15_untied,0.9015388621103853,1.05782956419851,3,14.979414702386105,6.1198353402557215,1.8059195279598017,1.5741717904212578,same_context
official,0.00014657974243164061,L14H0,0,19.73424779914992,18.010769651942095,64,favor_orf,3.3501951369917045,0.4904927962912923,10,0.99999916481513,0.9999631312936679,0.9999869548566629,0.9997512264753485,same_context
official,0.0013055801391601562,L14H6,1,14.890065492793335,14.08249047320084,64,favor_orf,0.904077007150649,0.6654184276479993,10,4.0934240644983,1.397734937203292,1.0201649571140563,0.9995458621679761,same_context
official,0.001424694061279297,L27H0,2,13.493284607304034,10.915320391651111,64,favor_orf,1.1585347001462705,1.5488361344905128,10,23.82606590419305,3.2836997306645124,0.9999868033374205,0.9998963541841648,same_context
official,0.0023791313171386717,L27H6,3,14.413576929974337,11.479952908957092,64,favor_orf,3.2635734844308386,1.628409962016672,10,19.884787388325005,2.8885461101788836,0.9999981818914041,0.9999196990229594,same_context
official,0.10386435190836589,L14H0,0,4.639983203665128,2.971615040263384,64,learned_shared,1.1416966696355304,0.23034338938603058,3,772.45074341113,297.57000527725967,80.76359641132088,39.495676009328136,same_context
official,0.08781592051188152,L14H6,1,3.9617822077060967,3.0352527758143553,64,learned_shared,0.6989245150068051,0.5401695929931715,3,131.5282043072158,104.09485049977756,112.11658379794346,68.63976339417341,same_context
official,0.22214253743489584,L27H0,2,2.0880917062342355,1.2172409559263262,64,learned_shared,0.38343768046387544,1.009614858019547,3,1207.9562476935284,415.9457269961176,24.500717725118992,15.380215569705467,same_context
official,0.2033564249674479,L27H6,3,1.7469293183699943,1.327293345198339,64,learned_shared,1.1779097065377753,1.0826817413284997,3,26.19302227059748,18.915325345835388,20.193022295389547,10.359931471519136,same_context
official,0.10698795318603516,L14H0,0,4.371955529773815,2.9272483364681405,64,learned_untied,1.1733966325379892,0.24053000516771586,3,201.5444866373243,126.92585211561163,122.41934625058103,56.81372345892958,same_context
official,0.09002526601155598,L14H6,1,3.9044602741304817,2.9870647591759893,64,learned_untied,0.714252698537483,0.5533035029911904,3,113.76395219577674,78.39773209822881,64.73729546518119,56.69194863372854,same_context
official,0.21507771809895834,L27H0,2,2.030977532259992,1.2038262425027633,64,learned_untied,0.41147360896089286,1.0094856715546978,3,958.8630952091086,332.0488325868541,21.07633350011134,16.20706905134243,same_context
official,0.1952816645304362,L27H6,3,1.7390897284804208,1.3113906154370127,64,learned_untied,1.245975677205604,1.0809117807819755,3,27.51804425211008,17.482896606949392,18.336116546098804,6.594529022639291,same_context
official,0.004063129425048828,L14H0,0,11.408339400807439,12.421435729221,64,sderf_orf,3.98344440068025,0.5277725018816465,10,291.961766720923,42.975379003209426,1.1033439665896827,0.9940652765476283,same_context
official,0.003063201904296875,L14H6,1,14.573517302707392,12.713000653569976,64,sderf_orf,3.0651907663618205,1.362148767204807,10,2980.5956799017545,303.39866613804554,1.0483390498589826,0.9998110874015463,same_context
official,0.045148181915283206,L27H0,2,6.344129149539694,4.276626550996189,64,sderf_orf,0.7231765661079615,1.4227809465656205,10,176044.9567186281,17963.64866451486,98.28198903922525,1.3944503179409538,same_context
official,0.04008216857910156,L27H6,3,5.211270165154547,4.544155764787858,64,sderf_orf,2.2717405587092268,1.5284897831699067,10,201.61423280756614,56.351715569232155,46.82252933182973,2.2143740191444476,same_context
official,,L14H0,0,,,128,SVD,,,1,1.3610250622166543e-06,1.3610250622166543e-06,1.3610250622166543e-06,1.3610250622166543e-06,same_context
official,,L14H6,1,,,128,SVD,,,1,1.8800364833989845e-05,1.8800364833989845e-05,1.8800364833989845e-05,1.8800364833989845e-05,same_context
official,,L27H0,2,,,128,SVD,,,1,0.00018505885423563678,0.00018505885423563678,0.00018505885423563678,0.00018505885423563678,same_context
official,,L27H6,3,,,128,SVD,,,1,0.00028473984371269476,0.00028473984371269476,0.00028473984371269476,0.00028473984371269476,same_context
official,,L14H0,0,,,128,NMF,,,1,1.9534378809049056e-06,1.9534378809049056e-06,1.9534378809049056e-06,1.9534378809049056e-06,same_context
official,,L14H6,1,,,128,NMF,,,1,5.23012395220303e-05,5.23012395220303e-05,5.23012395220303e-05,5.23012395220303e-05,same_context
official,,L27H0,2,,,128,NMF,,,1,0.0006695399995794869,0.0006695399995794869,0.0006695399995794869,0.0006695399995794869,same_context
official,,L27H6,3,,,128,NMF,,,1,0.0009453411257434868,0.0009453411257434868,0.0009453411257434868,0.0009453411257434868,same_context
official,0.022800540924072264,L14H0,0,9.35196706567972,5.173448222920744,128,aderf_orf,3.2818596480404545,0.558576188035992,10,152485.38241923074,18369.91995100631,16.162171844704744,0.9973467262646976,same_context
official,0.03582324981689453,L14H6,1,5.736002763405142,4.092632323091155,128,aderf_orf,1.287669770285317,0.8650855759172552,10,7153.8112038834915,721.836375701209,3.2976750278738622,1.2699152807851628,same_context
official,0.07091827392578125,L27H0,2,5.811599467176369,2.7401342420038493,128,aderf_orf,0.7159639062240419,1.3817510005877076,10,74.29277101186057,14.539221763607722,1.4869728378376106,1.0653751006325325,same_context
official,0.018021202087402342,L27H6,3,9.528756301900767,5.327403799253235,128,aderf_orf,1.9895554762926764,1.470789952375506,10,6402.608178922715,641.5891543489138,1.018036244675904,0.9999459860318844,same_context
official,0.02867431640625,L14H0,0,7.608956617285115,4.43384257763214,128,balanced_orf,3.1481995133345215,0.5989510627251653,10,7.478107770788369,1.7740508939170403,1.0001413023163854,0.9939225878077113,same_context
official,0.045575714111328124,L14H6,1,5.296217617295639,3.490978187142454,128,balanced_orf,1.2562473655532855,0.9064392500399029,10,667.755875096671,68.13400282466885,1.5132707809789743,0.9999435646732067,same_context
official,0.1954728126525879,L27H0,2,2.1392427921463817,1.243978601810137,128,balanced_orf,0.4290748209542743,1.0122322660055822,10,242.17028612989407,51.69328420297639,27.37383287536132,1.561313905518292,same_context
official,0.17841672897338867,L27H6,3,2.1421783354050525,1.3607112072814576,128,balanced_orf,0.7731401548987407,1.0049333455534708,10,479.8424416794733,74.20979534011073,15.243734282915431,2.7756262143750434,same_context
official,0.03380231857299805,L14H0,0,11.58144545473437,4.47598037340667,128,balanced_sderf_orf,6.186643866964168,0.9310492776237467,10,1542817.6236195138,154333.27279391396,1.847727026231728,1.0127828505544303,same_context
official,0.053194522857666016,L14H6,1,5.398651381802592,3.488605717997688,128,balanced_sderf_orf,1.774696461385362,1.0394995116043426,10,1736.1897244795985,187.0824578904342,8.896411540944138,1.2254167463198304,same_context
official,0.2155376434326172,L27H0,2,2.0277036833914566,1.1438550196386024,128,balanced_sderf_orf,0.42531810240237977,1.0334233356590923,10,3832.3496208033666,450.01574739323115,48.505056298507625,6.65118810234717,same_context
official,0.2081827163696289,L27H6,3,2.0052105790058894,1.199131606925968,128,balanced_sderf_orf,1.0521987545963083,1.0512533427123394,10,4899.294369298289,533.9400510433939,39.03593585010359,17.6383641905152,same_context
official,0.03352842330932617,L14H0,0,8.185299931068656,4.456541652773079,128,balanced_sderf_sobol,6.795030978686592,1.009138334530795,10,2109.5698320407514,244.47480584163318,1.6294968227688222,0.9925777761428717,same_context
official,0.052634811401367186,L14H6,1,6.036596948534767,3.4555624841037598,128,balanced_sderf_sobol,2.2007185337310884,1.1923392304210296,10,9402.623734290251,1092.5870612327992,4.773148437463611,1.1336969244220394,same_context
official,0.2020486831665039,L27H0,2,2.140845561050956,1.158701264821293,128,balanced_sderf_sobol,0.430541640577949,1.0266306509316625,10,16030.373549979162,1657.608607369823,43.57093828566768,4.118194327282231,same_context
official,0.2087885856628418,L27H6,3,1.8692870201571412,1.1754476433463148,128,balanced_sderf_sobol,1.054274944297181,1.0412327498182525,10,275.97892633271687,54.30412987157773,16.099219370741523,3.5011291188551046,same_context
official,0.15509252548217772,L14H0,0,7.780293586135196,2.192102010236818,128,balanced_sderf_sobol_mass,6.795030978686592,1.009138334530795,10,43419.80687901969,7837.802693516297,437.9254008965204,3.0892088480570763,same_context
official,0.13484697341918944,L14H6,1,5.680812600957774,2.2988826419589623,128,balanced_sderf_sobol_mass,2.2007185337310884,1.1923392304210296,10,27714.47352856093,3098.9510795399847,92.28062791809678,18.94366502603748,same_context
official,0.22959318161010742,L27H0,2,2.3446874074228203,1.0901338692099753,128,balanced_sderf_sobol_mass,0.430541640577949,1.0266306509316625,10,39622.81663045266,4032.6380172780896,53.10252002742294,4.051671763217534,same_context
official,0.2369447708129883,L27H6,3,1.8674322872448819,1.085455882884398,128,balanced_sderf_sobol_mass,1.054274944297181,1.0412327498182525,10,324.16470711498647,70.798970729825,34.501448889124646,5.4326292872535165,same_context
official,0.00013256072998046875,L14H0,0,18.616752361586418,17.269572608929387,128,favor_orf,2.9292081531736187,0.3974526900064206,10,0.9999984965524367,0.9999559918906819,0.9999847820658976,0.9998435518849216,same_context
official,0.001595783233642578,L14H6,1,13.638990787102387,12.917586193076039,128,favor_orf,0.8946156939962041,0.6425918832879416,10,1.8076911250059486,1.1733415368314426,1.0122950950317136,0.9989547658237925,same_context
official,0.001251220703125,L27H0,2,12.835260014404838,10.39051178450297,128,favor_orf,1.088803585767662,1.5192569290880897,10,6.706099563892937,1.570839252324167,0.9999887231225021,0.9998593084256127,same_context
official,0.002963542938232422,L27H6,3,12.978677997355595,10.227003662128993,128,favor_orf,3.8539878692712484,1.6207355759840336,10,5.611834745097263,1.5072567182826013,0.9999961404579425,0.9998887411696951,same_context
official,0.1357733408610026,L14H0,0,3.9371964797702836,2.2752577747850578,128,learned_shared,1.1939247468611882,0.23299224942248672,3,211.43925029145458,112.97010496789501,86.80653435651679,40.664530255713665,same_context
official,0.11835320790608723,L14H6,1,3.374674790470673,2.330491796240695,128,learned_shared,0.6868418577023864,0.543347610766233,3,185.4326762203685,126.79344941618673,152.32606273816313,42.621609290028594,same_context
official,0.2753760019938151,L27H0,2,1.4876559389871973,0.9301243770813131,128,learned_shared,0.33955584671995154,0.940741404603425,3,241.22165789166192,86.62605019427514,13.294079853537584,5.362412837625926,same_context
official,0.24482123057047525,L27H6,3,1.5358774125411567,1.0527498204967916,128,learned_shared,1.0252158866269994,1.0168643040064334,3,24.50450496218353,21.15307824821637,21.777987965082115,17.176741817383466,same_context
official,0.13876946767171225,L14H0,0,3.9239812154290257,2.2443158694279215,128,learned_untied,1.2256224634323194,0.24743688290235577,3,244.58894614314846,131.83650993770092,99.15660202811537,51.76398164183896,same_context
official,0.12176322937011719,L14H6,1,3.424142909933696,2.2820966946049355,128,learned_untied,0.7112959598740071,0.5637455356794548,3,324.1885954638048,155.79435397091459,101.77606055001131,41.41840589892761,same_context
official,0.2664950688680013,L27H0,2,1.440472243270488,0.9232471196352647,128,learned_untied,0.3533142266324276,0.9345893116059626,3,209.53760283503644,74.8223864728969,9.047920787188103,5.881635796466132,same_context
official,0.23541927337646484,L27H6,3,1.4995147863458025,1.0450047234998643,128,learned_untied,1.0508416079121334,1.0125922609265976,3,21.946361381890902,18.32787153252813,16.998089527927966,16.039163687765516,same_context
official,0.005457305908203125,L14H0,0,10.198659744463527,10.608437569962549,128,sderf_orf,4.217730542241751,0.570257715113464,10,73.32165106193857,14.328795925428645,2.785970250888604,0.9928988231113145,same_context
official,0.004619312286376953,L14H6,1,12.182782148461227,10.446250654693833,128,sderf_orf,2.810652140436275,1.2732110374314505,10,6663.012608093621,946.34077830346,2.123463631288823,1.0022800271971262,same_context
official,0.059583282470703124,L27H0,2,4.759221168973193,3.4314894336919055,128,sderf_orf,0.678011545346407,1.3622651030762376,10,44004.480788301444,4510.048022760898,38.90241201000528,5.2874226658496335,same_context
official,0.05984792709350586,L27H6,3,4.89632410694302,3.411883048850437,128,sderf_orf,1.6189737023775497,1.4606880672609825,10,301787.07191633846,30444.29615795879,27.382923515846393,12.874301517639589,same_context
