loss,training_documents,budget_scale,method,seed,parameters,split,metric,layer,head,value
logcosh,4096,1,kan,11,73856,train,logcosh,14,0,1.211639507970642
logcosh,4096,1,kan,11,73856,train,logcosh,14,6,1.18746429790079
logcosh,4096,1,kan,11,73856,train,logcosh,27,0,0.4395497421659581
logcosh,4096,1,kan,11,73856,train,logcosh,27,6,0.4873332362935034
logcosh,4096,1,kan,29,73856,train,logcosh,14,0,1.2272960126252577
logcosh,4096,1,kan,29,73856,train,logcosh,14,6,1.199430808997181
logcosh,4096,1,kan,29,73856,train,logcosh,27,0,0.4433392086409595
logcosh,4096,1,kan,29,73856,train,logcosh,27,6,0.47391336520221194
logcosh,4096,1,kan,47,73856,train,logcosh,14,0,1.2270508408754899
logcosh,4096,1,kan,47,73856,train,logcosh,14,6,1.1691881394293837
logcosh,4096,1,kan,47,73856,train,logcosh,27,0,0.4540066838277121
logcosh,4096,1,kan,47,73856,train,logcosh,27,6,0.4838357990880988
logcosh,4096,1,kan,11,73856,train,log_mae,14,0,1.7575764846936197
logcosh,4096,1,kan,11,73856,train,log_mae,14,6,1.731294749721188
logcosh,4096,1,kan,11,73856,train,log_mae,27,0,0.8665269378541399
logcosh,4096,1,kan,11,73856,train,log_mae,27,6,0.9273246928465608
logcosh,4096,1,kan,29,73856,train,log_mae,14,0,1.774321284753758
logcosh,4096,1,kan,29,73856,train,log_mae,14,6,1.74403658857547
logcosh,4096,1,kan,29,73856,train,log_mae,27,0,0.8713933662091847
logcosh,4096,1,kan,29,73856,train,log_mae,27,6,0.9110860005364243
logcosh,4096,1,kan,47,73856,train,log_mae,14,0,1.7741831723253627
logcosh,4096,1,kan,47,73856,train,log_mae,14,6,1.71175406783192
logcosh,4096,1,kan,47,73856,train,log_mae,27,0,0.8851178506496082
logcosh,4096,1,kan,47,73856,train,log_mae,27,6,0.9231543467308729
logcosh,4096,1,kan,11,73856,train,factor2,14,0,0.25936079025268555
logcosh,4096,1,kan,11,73856,train,factor2,14,6,0.2631831169128418
logcosh,4096,1,kan,11,73856,train,factor2,27,0,0.507896900177002
logcosh,4096,1,kan,11,73856,train,factor2,27,6,0.4790658950805664
logcosh,4096,1,kan,29,73856,train,factor2,14,0,0.2574949264526367
logcosh,4096,1,kan,29,73856,train,factor2,14,6,0.26165151596069336
logcosh,4096,1,kan,29,73856,train,factor2,27,0,0.5053815841674805
logcosh,4096,1,kan,29,73856,train,factor2,27,6,0.48528051376342773
logcosh,4096,1,kan,47,73856,train,factor2,14,0,0.25722455978393555
logcosh,4096,1,kan,47,73856,train,factor2,14,6,0.26554059982299805
logcosh,4096,1,kan,47,73856,train,factor2,27,0,0.4986443519592285
logcosh,4096,1,kan,47,73856,train,factor2,27,6,0.4801449775695801
logcosh,4096,1,kan,11,73856,train,factor10,14,0,0.7155900001525879
logcosh,4096,1,kan,11,73856,train,factor10,14,6,0.7226066589355469
logcosh,4096,1,kan,11,73856,train,factor10,27,0,0.9496603012084961
logcosh,4096,1,kan,11,73856,train,factor10,27,6,0.9372196197509766
logcosh,4096,1,kan,29,73856,train,factor10,14,0,0.7118535041809082
logcosh,4096,1,kan,29,73856,train,factor10,14,6,0.7199063301086426
logcosh,4096,1,kan,29,73856,train,factor10,27,0,0.948542594909668
logcosh,4096,1,kan,29,73856,train,factor10,27,6,0.9413285255432129
logcosh,4096,1,kan,47,73856,train,factor10,14,0,0.7119054794311523
logcosh,4096,1,kan,47,73856,train,factor10,14,6,0.7277374267578125
logcosh,4096,1,kan,47,73856,train,factor10,27,0,0.945950984954834
logcosh,4096,1,kan,47,73856,train,factor10,27,6,0.9384660720825195
logcosh,4096,1,kan,11,73856,train,raw_nmse,14,0,0.9669314484743614
logcosh,4096,1,kan,11,73856,train,raw_nmse,14,6,0.9941687458935224
logcosh,4096,1,kan,11,73856,train,raw_nmse,27,0,0.9897194237617253
logcosh,4096,1,kan,11,73856,train,raw_nmse,27,6,0.993181157851253
logcosh,4096,1,kan,29,73856,train,raw_nmse,14,0,0.9617926265641223
logcosh,4096,1,kan,29,73856,train,raw_nmse,14,6,0.9955349545590177
logcosh,4096,1,kan,29,73856,train,raw_nmse,27,0,0.9902992967667017
logcosh,4096,1,kan,29,73856,train,raw_nmse,27,6,0.9920976588697127
logcosh,4096,1,kan,47,73856,train,raw_nmse,14,0,0.9628091083490685
logcosh,4096,1,kan,47,73856,train,raw_nmse,14,6,0.9949871495169363
logcosh,4096,1,kan,47,73856,train,raw_nmse,27,0,0.9914816550537465
logcosh,4096,1,kan,47,73856,train,raw_nmse,27,6,0.9921342539796238
logcosh,4096,1,kan,11,73856,train,normalized_idiv,14,0,4.6542931546501976
logcosh,4096,1,kan,11,73856,train,normalized_idiv,14,6,5.0174621138204225
logcosh,4096,1,kan,11,73856,train,normalized_idiv,27,0,1.9826204315696043
logcosh,4096,1,kan,11,73856,train,normalized_idiv,27,6,2.219704313683783
logcosh,4096,1,kan,29,73856,train,normalized_idiv,14,0,4.634859493677035
logcosh,4096,1,kan,29,73856,train,normalized_idiv,14,6,5.1810752358531085
logcosh,4096,1,kan,29,73856,train,normalized_idiv,27,0,1.9770202763897442
logcosh,4096,1,kan,29,73856,train,normalized_idiv,27,6,2.0835699108606542
logcosh,4096,1,kan,47,73856,train,normalized_idiv,14,0,4.639561945743732
logcosh,4096,1,kan,47,73856,train,normalized_idiv,14,6,4.981383144467519
logcosh,4096,1,kan,47,73856,train,normalized_idiv,27,0,2.0774952075826167
logcosh,4096,1,kan,47,73856,train,normalized_idiv,27,6,2.1157885673477885
logcosh,4096,1,kan,11,73856,validation,logcosh,14,0,1.2129242524817418
logcosh,4096,1,kan,11,73856,validation,logcosh,14,6,1.1723353087295783
logcosh,4096,1,kan,11,73856,validation,logcosh,27,0,0.4479282112848907
logcosh,4096,1,kan,11,73856,validation,logcosh,27,6,0.49612133213406895
logcosh,4096,1,kan,29,73856,validation,logcosh,14,0,1.2277772097945077
logcosh,4096,1,kan,29,73856,validation,logcosh,14,6,1.1825427739376244
logcosh,4096,1,kan,29,73856,validation,logcosh,27,0,0.4513767070873206
logcosh,4096,1,kan,29,73856,validation,logcosh,27,6,0.4825229083536334
logcosh,4096,1,kan,47,73856,validation,logcosh,14,0,1.2269315571636739
logcosh,4096,1,kan,47,73856,validation,logcosh,14,6,1.1570289975191492
logcosh,4096,1,kan,47,73856,validation,logcosh,27,0,0.46188921917912507
logcosh,4096,1,kan,47,73856,validation,logcosh,27,6,0.4915082607222897
logcosh,4096,1,kan,11,73856,validation,log_mae,14,0,1.759018193372981
logcosh,4096,1,kan,11,73856,validation,log_mae,14,6,1.7145920514724882
logcosh,4096,1,kan,11,73856,validation,log_mae,27,0,0.8777636231710944
logcosh,4096,1,kan,11,73856,validation,log_mae,27,6,0.9383727457471314
logcosh,4096,1,kan,29,73856,validation,log_mae,14,0,1.775117918194269
logcosh,4096,1,kan,29,73856,validation,log_mae,14,6,1.7254202860570391
logcosh,4096,1,kan,29,73856,validation,log_mae,27,0,0.8822968547767289
logcosh,4096,1,kan,29,73856,validation,log_mae,27,6,0.921722778125122
logcosh,4096,1,kan,47,73856,validation,log_mae,14,0,1.7739093471910792
logcosh,4096,1,kan,47,73856,validation,log_mae,14,6,1.698504957696338
logcosh,4096,1,kan,47,73856,validation,log_mae,27,0,0.8955762339942368
logcosh,4096,1,kan,47,73856,validation,log_mae,27,6,0.9326771974781969
logcosh,4096,1,kan,11,73856,validation,factor2,14,0,0.258758544921875
logcosh,4096,1,kan,11,73856,validation,factor2,14,6,0.2668304443359375
logcosh,4096,1,kan,11,73856,validation,factor2,27,0,0.5012664794921875
logcosh,4096,1,kan,11,73856,validation,factor2,27,6,0.47705078125
logcosh,4096,1,kan,29,73856,validation,factor2,14,0,0.258331298828125
logcosh,4096,1,kan,29,73856,validation,factor2,14,6,0.265106201171875
logcosh,4096,1,kan,29,73856,validation,factor2,27,0,0.498626708984375
logcosh,4096,1,kan,29,73856,validation,factor2,27,6,0.4812164306640625
logcosh,4096,1,kan,47,73856,validation,factor2,14,0,0.25811767578125
logcosh,4096,1,kan,47,73856,validation,factor2,14,6,0.2679443359375
logcosh,4096,1,kan,47,73856,validation,factor2,27,0,0.492645263671875
logcosh,4096,1,kan,47,73856,validation,factor2,27,6,0.477569580078125
logcosh,4096,1,kan,11,73856,validation,factor10,14,0,0.715301513671875
logcosh,4096,1,kan,11,73856,validation,factor10,14,6,0.7273406982421875
logcosh,4096,1,kan,11,73856,validation,factor10,27,0,0.947265625
logcosh,4096,1,kan,11,73856,validation,factor10,27,6,0.93511962890625
logcosh,4096,1,kan,29,73856,validation,factor10,14,0,0.71142578125
logcosh,4096,1,kan,29,73856,validation,factor10,14,6,0.7237548828125
logcosh,4096,1,kan,29,73856,validation,factor10,27,0,0.9466705322265625
logcosh,4096,1,kan,29,73856,validation,factor10,27,6,0.938934326171875
logcosh,4096,1,kan,47,73856,validation,factor10,14,0,0.711639404296875
logcosh,4096,1,kan,47,73856,validation,factor10,14,6,0.73236083984375
logcosh,4096,1,kan,47,73856,validation,factor10,27,0,0.943817138671875
logcosh,4096,1,kan,47,73856,validation,factor10,27,6,0.936370849609375
logcosh,4096,1,kan,11,73856,validation,raw_nmse,14,0,0.9217782947231822
logcosh,4096,1,kan,11,73856,validation,raw_nmse,14,6,0.9014835529758392
logcosh,4096,1,kan,11,73856,validation,raw_nmse,27,0,0.964451007584133
logcosh,4096,1,kan,11,73856,validation,raw_nmse,27,6,0.9907485594209892
logcosh,4096,1,kan,29,73856,validation,raw_nmse,14,0,0.9097498848446082
logcosh,4096,1,kan,29,73856,validation,raw_nmse,14,6,0.9246376906337426
logcosh,4096,1,kan,29,73856,validation,raw_nmse,27,0,0.967920078951949
logcosh,4096,1,kan,29,73856,validation,raw_nmse,27,6,0.9881022460848002
logcosh,4096,1,kan,47,73856,validation,raw_nmse,14,0,0.9117445946484849
logcosh,4096,1,kan,47,73856,validation,raw_nmse,14,6,0.9165349042215124
logcosh,4096,1,kan,47,73856,validation,raw_nmse,27,0,0.9705066155275329
logcosh,4096,1,kan,47,73856,validation,raw_nmse,27,6,0.988034188879258
logcosh,4096,1,kan,11,73856,validation,normalized_idiv,14,0,3.4578944051775755
logcosh,4096,1,kan,11,73856,validation,normalized_idiv,14,6,3.326534875229977
logcosh,4096,1,kan,11,73856,validation,normalized_idiv,27,0,1.6122590875777887
logcosh,4096,1,kan,11,73856,validation,normalized_idiv,27,6,2.297563085353511
logcosh,4096,1,kan,29,73856,validation,normalized_idiv,14,0,3.4094353647385045
logcosh,4096,1,kan,29,73856,validation,normalized_idiv,14,6,3.505039100668211
logcosh,4096,1,kan,29,73856,validation,normalized_idiv,27,0,1.6304973225364665
logcosh,4096,1,kan,29,73856,validation,normalized_idiv,27,6,2.1568213128904423
logcosh,4096,1,kan,47,73856,validation,normalized_idiv,14,0,3.3972123870049837
logcosh,4096,1,kan,47,73856,validation,normalized_idiv,14,6,3.3611679644737875
logcosh,4096,1,kan,47,73856,validation,normalized_idiv,27,0,1.7041148133379933
logcosh,4096,1,kan,47,73856,validation,normalized_idiv,27,6,2.15939001654636
logcosh,4096,1,kan,11,73856,test,logcosh,14,0,1.214317268066638
logcosh,4096,1,kan,11,73856,test,logcosh,14,6,1.1900691070892284
logcosh,4096,1,kan,11,73856,test,logcosh,27,0,0.4419234832409182
logcosh,4096,1,kan,11,73856,test,logcosh,27,6,0.4904022810755525
logcosh,4096,1,kan,29,73856,test,logcosh,14,0,1.2298550047615089
logcosh,4096,1,kan,29,73856,test,logcosh,14,6,1.2007346407122985
logcosh,4096,1,kan,29,73856,test,logcosh,27,0,0.445206703727507
logcosh,4096,1,kan,29,73856,test,logcosh,27,6,0.47732306224610327
logcosh,4096,1,kan,47,73856,test,logcosh,14,0,1.228733740798508
logcosh,4096,1,kan,47,73856,test,logcosh,14,6,1.17050893331061
logcosh,4096,1,kan,47,73856,test,logcosh,27,0,0.45537767853548944
logcosh,4096,1,kan,47,73856,test,logcosh,27,6,0.48754506488826743
logcosh,4096,1,kan,11,73856,test,log_mae,14,0,1.761027640604894
logcosh,4096,1,kan,11,73856,test,log_mae,14,6,1.7343435311605147
logcosh,4096,1,kan,11,73856,test,log_mae,27,0,0.8697829430805092
logcosh,4096,1,kan,11,73856,test,log_mae,27,6,0.931730211594267
logcosh,4096,1,kan,29,73856,test,log_mae,14,0,1.7775183298786175
logcosh,4096,1,kan,29,73856,test,log_mae,14,6,1.74600074276493
logcosh,4096,1,kan,29,73856,test,log_mae,27,0,0.8740577287426202
logcosh,4096,1,kan,29,73856,test,log_mae,27,6,0.9156511108816311
logcosh,4096,1,kan,47,73856,test,log_mae,14,0,1.7765172531964168
logcosh,4096,1,kan,47,73856,test,log_mae,14,6,1.7131355237948567
logcosh,4096,1,kan,47,73856,test,log_mae,27,0,0.8872414025071825
logcosh,4096,1,kan,47,73856,test,log_mae,27,6,0.9282057531807514
logcosh,4096,1,kan,11,73856,test,factor2,14,0,0.25780487060546875
logcosh,4096,1,kan,11,73856,test,factor2,14,6,0.26265716552734375
logcosh,4096,1,kan,11,73856,test,factor2,27,0,0.50634765625
logcosh,4096,1,kan,11,73856,test,factor2,27,6,0.4753265380859375
logcosh,4096,1,kan,29,73856,test,factor2,14,0,0.25592041015625
logcosh,4096,1,kan,29,73856,test,factor2,14,6,0.25984954833984375
logcosh,4096,1,kan,29,73856,test,factor2,27,0,0.505096435546875
logcosh,4096,1,kan,29,73856,test,factor2,27,6,0.48230743408203125
logcosh,4096,1,kan,47,73856,test,factor2,14,0,0.25484466552734375
logcosh,4096,1,kan,47,73856,test,factor2,14,6,0.26575469970703125
logcosh,4096,1,kan,47,73856,test,factor2,27,0,0.49691009521484375
logcosh,4096,1,kan,47,73856,test,factor2,27,6,0.47599029541015625
logcosh,4096,1,kan,11,73856,test,factor10,14,0,0.7162704467773438
logcosh,4096,1,kan,11,73856,test,factor10,14,6,0.7225189208984375
logcosh,4096,1,kan,11,73856,test,factor10,27,0,0.9494857788085938
logcosh,4096,1,kan,11,73856,test,factor10,27,6,0.9365921020507812
logcosh,4096,1,kan,29,73856,test,factor10,14,0,0.71197509765625
logcosh,4096,1,kan,29,73856,test,factor10,14,6,0.72052001953125
logcosh,4096,1,kan,29,73856,test,factor10,27,0,0.9482269287109375
logcosh,4096,1,kan,29,73856,test,factor10,27,6,0.9408111572265625
logcosh,4096,1,kan,47,73856,test,factor10,14,0,0.7118759155273438
logcosh,4096,1,kan,47,73856,test,factor10,14,6,0.7275848388671875
logcosh,4096,1,kan,47,73856,test,factor10,27,0,0.9456939697265625
logcosh,4096,1,kan,47,73856,test,factor10,27,6,0.9374313354492188
logcosh,4096,1,kan,11,73856,test,raw_nmse,14,0,0.9712557317344687
logcosh,4096,1,kan,11,73856,test,raw_nmse,14,6,0.9975782543500663
logcosh,4096,1,kan,11,73856,test,raw_nmse,27,0,0.9915419615668883
logcosh,4096,1,kan,11,73856,test,raw_nmse,27,6,0.9871126233256041
logcosh,4096,1,kan,29,73856,test,raw_nmse,14,0,0.9667985472085082
logcosh,4096,1,kan,29,73856,test,raw_nmse,14,6,0.9981534838813126
logcosh,4096,1,kan,29,73856,test,raw_nmse,27,0,0.9918842440127051
logcosh,4096,1,kan,29,73856,test,raw_nmse,27,6,0.9853672860505182
logcosh,4096,1,kan,47,73856,test,raw_nmse,14,0,0.9677208500950982
logcosh,4096,1,kan,47,73856,test,raw_nmse,14,6,0.9979445849159215
logcosh,4096,1,kan,47,73856,test,raw_nmse,27,0,0.9928433204251366
logcosh,4096,1,kan,47,73856,test,raw_nmse,27,6,0.9851980003293536
logcosh,4096,1,kan,11,73856,test,normalized_idiv,14,0,5.458830012938234
logcosh,4096,1,kan,11,73856,test,normalized_idiv,14,6,7.528071731377017
logcosh,4096,1,kan,11,73856,test,normalized_idiv,27,0,2.355425538711954
logcosh,4096,1,kan,11,73856,test,normalized_idiv,27,6,2.3806881223919816
logcosh,4096,1,kan,29,73856,test,normalized_idiv,14,0,5.402722779261672
logcosh,4096,1,kan,29,73856,test,normalized_idiv,14,6,7.530014259174854
logcosh,4096,1,kan,29,73856,test,normalized_idiv,27,0,2.312121770733621
logcosh,4096,1,kan,29,73856,test,normalized_idiv,27,6,2.218884477424984
logcosh,4096,1,kan,47,73856,test,normalized_idiv,14,0,5.435258247731401
logcosh,4096,1,kan,47,73856,test,normalized_idiv,14,6,7.259964851645602
logcosh,4096,1,kan,47,73856,test,normalized_idiv,27,0,2.4605331563375605
logcosh,4096,1,kan,47,73856,test,normalized_idiv,27,6,2.2589985062781976
logcosh,4096,1,kan,11,73856,test_block,attention_nmse,14,0,0.07607043534517288
logcosh,4096,1,kan,11,73856,test_block,attention_nmse,14,6,0.158019557595253
logcosh,4096,1,kan,11,73856,test_block,attention_nmse,27,0,0.6535578966140747
logcosh,4096,1,kan,11,73856,test_block,attention_nmse,27,6,0.657686710357666
logcosh,4096,1,kan,29,73856,test_block,attention_nmse,14,0,0.08117508888244629
logcosh,4096,1,kan,29,73856,test_block,attention_nmse,14,6,0.14614741504192352
logcosh,4096,1,kan,29,73856,test_block,attention_nmse,27,0,0.6530166864395142
logcosh,4096,1,kan,29,73856,test_block,attention_nmse,27,6,0.6535741090774536
logcosh,4096,1,kan,47,73856,test_block,attention_nmse,14,0,0.07951284945011139
logcosh,4096,1,kan,47,73856,test_block,attention_nmse,14,6,0.14666715264320374
logcosh,4096,1,kan,47,73856,test_block,attention_nmse,27,0,0.6596260070800781
logcosh,4096,1,kan,47,73856,test_block,attention_nmse,27,6,0.6514979600906372
logcosh,4096,1,kan,11,73856,test_block,output_nmse,14,0,0.8571527004241943
logcosh,4096,1,kan,11,73856,test_block,output_nmse,14,6,0.488993763923645
logcosh,4096,1,kan,11,73856,test_block,output_nmse,27,0,0.22261691093444824
logcosh,4096,1,kan,11,73856,test_block,output_nmse,27,6,0.3630433678627014
logcosh,4096,1,kan,29,73856,test_block,output_nmse,14,0,0.8831764459609985
logcosh,4096,1,kan,29,73856,test_block,output_nmse,14,6,0.46685659885406494
logcosh,4096,1,kan,29,73856,test_block,output_nmse,27,0,0.22105064988136292
logcosh,4096,1,kan,29,73856,test_block,output_nmse,27,6,0.3585614562034607
logcosh,4096,1,kan,47,73856,test_block,output_nmse,14,0,0.8751803040504456
logcosh,4096,1,kan,47,73856,test_block,output_nmse,14,6,0.4648057222366333
logcosh,4096,1,kan,47,73856,test_block,output_nmse,27,0,0.22504469752311707
logcosh,4096,1,kan,47,73856,test_block,output_nmse,27,6,0.3588162064552307
logcosh,4096,1,kan,11,73856,test_block,row_l1,14,0,0.25537487864494324
logcosh,4096,1,kan,11,73856,test_block,row_l1,14,6,0.500460684299469
logcosh,4096,1,kan,11,73856,test_block,row_l1,27,0,0.7704411745071411
logcosh,4096,1,kan,11,73856,test_block,row_l1,27,6,0.7891063690185547
logcosh,4096,1,kan,29,73856,test_block,row_l1,14,0,0.24344384670257568
logcosh,4096,1,kan,29,73856,test_block,row_l1,14,6,0.5007675290107727
logcosh,4096,1,kan,29,73856,test_block,row_l1,27,0,0.7704765796661377
logcosh,4096,1,kan,29,73856,test_block,row_l1,27,6,0.7800357937812805
logcosh,4096,1,kan,47,73856,test_block,row_l1,14,0,0.24948957562446594
logcosh,4096,1,kan,47,73856,test_block,row_l1,14,6,0.4993867874145508
logcosh,4096,1,kan,47,73856,test_block,row_l1,27,0,0.7773424983024597
logcosh,4096,1,kan,47,73856,test_block,row_l1,27,6,0.7838978171348572
logcosh,4096,1,kan,11,73856,test_block,raw_nmse,14,0,0.9713148744307908
logcosh,4096,1,kan,11,73856,test_block,raw_nmse,14,6,0.9969385305885131
logcosh,4096,1,kan,11,73856,test_block,raw_nmse,27,0,0.9826906246388188
logcosh,4096,1,kan,11,73856,test_block,raw_nmse,27,6,0.9867907632042785
logcosh,4096,1,kan,29,73856,test_block,raw_nmse,14,0,0.9668940361248497
logcosh,4096,1,kan,29,73856,test_block,raw_nmse,14,6,0.9976490591527808
logcosh,4096,1,kan,29,73856,test_block,raw_nmse,27,0,0.9836339231096375
logcosh,4096,1,kan,29,73856,test_block,raw_nmse,27,6,0.9849845087612106
logcosh,4096,1,kan,47,73856,test_block,raw_nmse,14,0,0.9678571058492997
logcosh,4096,1,kan,47,73856,test_block,raw_nmse,14,6,0.9973519302468898
logcosh,4096,1,kan,47,73856,test_block,raw_nmse,27,0,0.9853017198309418
logcosh,4096,1,kan,47,73856,test_block,raw_nmse,27,6,0.9851658256522647
logcosh,4096,2,kan,11,147584,train,logcosh,14,0,1.1604854183849906
logcosh,4096,2,kan,11,147584,train,logcosh,14,6,1.1255616339591938
logcosh,4096,2,kan,11,147584,train,logcosh,27,0,0.378374259790759
logcosh,4096,2,kan,11,147584,train,logcosh,27,6,0.41149117498861254
logcosh,4096,2,kan,29,147584,train,logcosh,14,0,1.1649173510739674
logcosh,4096,2,kan,29,147584,train,logcosh,14,6,1.0985464292181775
logcosh,4096,2,kan,29,147584,train,logcosh,27,0,0.38594843139543517
logcosh,4096,2,kan,29,147584,train,logcosh,27,6,0.4050913813123097
logcosh,4096,2,kan,47,147584,train,logcosh,14,0,1.1722644082022196
logcosh,4096,2,kan,47,147584,train,logcosh,14,6,1.1174937844976478
logcosh,4096,2,kan,47,147584,train,logcosh,27,0,0.37524826436777636
logcosh,4096,2,kan,47,147584,train,logcosh,27,6,0.39626551833584067
logcosh,4096,2,kan,11,147584,train,log_mae,14,0,1.7023149902558048
logcosh,4096,2,kan,11,147584,train,log_mae,14,6,1.663766386261409
logcosh,4096,2,kan,11,147584,train,log_mae,27,0,0.7879376874978689
logcosh,4096,2,kan,11,147584,train,log_mae,27,6,0.8317131616349196
logcosh,4096,2,kan,29,147584,train,log_mae,14,0,1.706846747284307
logcosh,4096,2,kan,29,147584,train,log_mae,14,6,1.6338904367514018
logcosh,4096,2,kan,29,147584,train,log_mae,27,0,0.7982602246906625
logcosh,4096,2,kan,29,147584,train,log_mae,27,6,0.8231627202566465
logcosh,4096,2,kan,47,147584,train,log_mae,14,0,1.7148061871941325
logcosh,4096,2,kan,47,147584,train,log_mae,14,6,1.654986176276347
logcosh,4096,2,kan,47,147584,train,log_mae,27,0,0.7839460001746217
logcosh,4096,2,kan,47,147584,train,log_mae,27,6,0.8120502813158864
logcosh,4096,2,kan,11,147584,train,factor2,14,0,0.26688432693481445
logcosh,4096,2,kan,11,147584,train,factor2,14,6,0.27399253845214844
logcosh,4096,2,kan,11,147584,train,factor2,27,0,0.5467185974121094
logcosh,4096,2,kan,11,147584,train,factor2,27,6,0.5228786468505859
logcosh,4096,2,kan,29,147584,train,factor2,14,0,0.2670779228210449
logcosh,4096,2,kan,29,147584,train,factor2,14,6,0.27971982955932617
logcosh,4096,2,kan,29,147584,train,factor2,27,0,0.5403714179992676
logcosh,4096,2,kan,29,147584,train,factor2,27,6,0.5279269218444824
logcosh,4096,2,kan,47,147584,train,factor2,14,0,0.2656822204589844
logcosh,4096,2,kan,47,147584,train,factor2,14,6,0.2755270004272461
logcosh,4096,2,kan,47,147584,train,factor2,27,0,0.5489301681518555
logcosh,4096,2,kan,47,147584,train,factor2,27,6,0.5325956344604492
logcosh,4096,2,kan,11,147584,train,factor10,14,0,0.7311201095581055
logcosh,4096,2,kan,11,147584,train,factor10,14,6,0.7405786514282227
logcosh,4096,2,kan,11,147584,train,factor10,27,0,0.9648885726928711
logcosh,4096,2,kan,11,147584,train,factor10,27,6,0.9573421478271484
logcosh,4096,2,kan,29,147584,train,factor10,14,0,0.7301783561706543
logcosh,4096,2,kan,29,147584,train,factor10,14,6,0.7495822906494141
logcosh,4096,2,kan,29,147584,train,factor10,27,0,0.9633359909057617
logcosh,4096,2,kan,29,147584,train,factor10,27,6,0.958796501159668
logcosh,4096,2,kan,47,147584,train,factor10,14,0,0.7279229164123535
logcosh,4096,2,kan,47,147584,train,factor10,14,6,0.7426609992980957
logcosh,4096,2,kan,47,147584,train,factor10,27,0,0.965639591217041
logcosh,4096,2,kan,47,147584,train,factor10,27,6,0.9611411094665527
logcosh,4096,2,kan,11,147584,train,raw_nmse,14,0,0.9220478854540671
logcosh,4096,2,kan,11,147584,train,raw_nmse,14,6,0.9938369199693438
logcosh,4096,2,kan,11,147584,train,raw_nmse,27,0,0.9871872085898159
logcosh,4096,2,kan,11,147584,train,raw_nmse,27,6,0.9872138845192832
logcosh,4096,2,kan,29,147584,train,raw_nmse,14,0,0.9433326208168973
logcosh,4096,2,kan,29,147584,train,raw_nmse,14,6,0.9956548318169888
logcosh,4096,2,kan,29,147584,train,raw_nmse,27,0,0.9870373884820428
logcosh,4096,2,kan,29,147584,train,raw_nmse,27,6,0.9877790510514244
logcosh,4096,2,kan,47,147584,train,raw_nmse,14,0,0.9452797772362143
logcosh,4096,2,kan,47,147584,train,raw_nmse,14,6,0.9906735079487957
logcosh,4096,2,kan,47,147584,train,raw_nmse,27,0,0.9854865798041113
logcosh,4096,2,kan,47,147584,train,raw_nmse,27,6,0.9879126634592714
logcosh,4096,2,kan,11,147584,train,normalized_idiv,14,0,3.9552472862781816
logcosh,4096,2,kan,11,147584,train,normalized_idiv,14,6,4.833430124588577
logcosh,4096,2,kan,11,147584,train,normalized_idiv,27,0,1.7467203194831815
logcosh,4096,2,kan,11,147584,train,normalized_idiv,27,6,1.7612746401735886
logcosh,4096,2,kan,29,147584,train,normalized_idiv,14,0,4.099426780481094
logcosh,4096,2,kan,29,147584,train,normalized_idiv,14,6,5.035995057205204
logcosh,4096,2,kan,29,147584,train,normalized_idiv,27,0,1.7631165588732756
logcosh,4096,2,kan,29,147584,train,normalized_idiv,27,6,1.7740783949817458
logcosh,4096,2,kan,47,147584,train,normalized_idiv,14,0,4.183227568578498
logcosh,4096,2,kan,47,147584,train,normalized_idiv,14,6,4.678946548517803
logcosh,4096,2,kan,47,147584,train,normalized_idiv,27,0,1.725425483219279
logcosh,4096,2,kan,47,147584,train,normalized_idiv,27,6,1.8146584669467254
logcosh,4096,2,kan,11,147584,validation,logcosh,14,0,1.1666253657866525
logcosh,4096,2,kan,11,147584,validation,logcosh,14,6,1.1100052618036491
logcosh,4096,2,kan,11,147584,validation,logcosh,27,0,0.38429556351719524
logcosh,4096,2,kan,11,147584,validation,logcosh,27,6,0.41643515006357856
logcosh,4096,2,kan,29,147584,validation,logcosh,14,0,1.1686613373965515
logcosh,4096,2,kan,29,147584,validation,logcosh,14,6,1.0825301344056253
logcosh,4096,2,kan,29,147584,validation,logcosh,27,0,0.39387199034421916
logcosh,4096,2,kan,29,147584,validation,logcosh,27,6,0.4094506828718756
logcosh,4096,2,kan,47,147584,validation,logcosh,14,0,1.1758483813828002
logcosh,4096,2,kan,47,147584,validation,logcosh,14,6,1.1019410392371642
logcosh,4096,2,kan,47,147584,validation,logcosh,27,0,0.3814161143078991
logcosh,4096,2,kan,47,147584,validation,logcosh,27,6,0.40198344250940476
logcosh,4096,2,kan,11,147584,validation,log_mae,14,0,1.7100021041134141
logcosh,4096,2,kan,11,147584,validation,log_mae,14,6,1.6468260420950234
logcosh,4096,2,kan,11,147584,validation,log_mae,27,0,0.796075544533587
logcosh,4096,2,kan,11,147584,validation,log_mae,27,6,0.8384170789877818
logcosh,4096,2,kan,29,147584,validation,log_mae,14,0,1.7114636566576564
logcosh,4096,2,kan,29,147584,validation,log_mae,14,6,1.6161551448733977
logcosh,4096,2,kan,29,147584,validation,log_mae,27,0,0.8091005023247859
logcosh,4096,2,kan,29,147584,validation,log_mae,27,6,0.8296557692938724
logcosh,4096,2,kan,47,147584,validation,log_mae,14,0,1.7195924622411667
logcosh,4096,2,kan,47,147584,validation,log_mae,14,6,1.637868754192647
logcosh,4096,2,kan,47,147584,validation,log_mae,27,0,0.7924465979146396
logcosh,4096,2,kan,47,147584,validation,log_mae,27,6,0.8204066622159449
logcosh,4096,2,kan,11,147584,validation,factor2,14,0,0.26434326171875
logcosh,4096,2,kan,11,147584,validation,factor2,14,6,0.2782745361328125
logcosh,4096,2,kan,11,147584,validation,factor2,27,0,0.541015625
logcosh,4096,2,kan,11,147584,validation,factor2,27,6,0.5186614990234375
logcosh,4096,2,kan,29,147584,validation,factor2,14,0,0.2647552490234375
logcosh,4096,2,kan,29,147584,validation,factor2,14,6,0.2826690673828125
logcosh,4096,2,kan,29,147584,validation,factor2,27,0,0.534515380859375
logcosh,4096,2,kan,29,147584,validation,factor2,27,6,0.5231781005859375
logcosh,4096,2,kan,47,147584,validation,factor2,14,0,0.2642974853515625
logcosh,4096,2,kan,47,147584,validation,factor2,14,6,0.2794036865234375
logcosh,4096,2,kan,47,147584,validation,factor2,27,0,0.542877197265625
logcosh,4096,2,kan,47,147584,validation,factor2,27,6,0.5268096923828125
logcosh,4096,2,kan,11,147584,validation,factor10,14,0,0.7295989990234375
logcosh,4096,2,kan,11,147584,validation,factor10,14,6,0.745941162109375
logcosh,4096,2,kan,11,147584,validation,factor10,27,0,0.963348388671875
logcosh,4096,2,kan,11,147584,validation,factor10,27,6,0.9564208984375
logcosh,4096,2,kan,29,147584,validation,factor10,14,0,0.72894287109375
logcosh,4096,2,kan,29,147584,validation,factor10,14,6,0.754180908203125
logcosh,4096,2,kan,29,147584,validation,factor10,27,0,0.9615325927734375
logcosh,4096,2,kan,29,147584,validation,factor10,27,6,0.9582672119140625
logcosh,4096,2,kan,47,147584,validation,factor10,14,0,0.7271575927734375
logcosh,4096,2,kan,47,147584,validation,factor10,14,6,0.74713134765625
logcosh,4096,2,kan,47,147584,validation,factor10,27,0,0.9638214111328125
logcosh,4096,2,kan,47,147584,validation,factor10,27,6,0.95989990234375
logcosh,4096,2,kan,11,147584,validation,raw_nmse,14,0,0.8179208648555305
logcosh,4096,2,kan,11,147584,validation,raw_nmse,14,6,0.8972829121443902
logcosh,4096,2,kan,11,147584,validation,raw_nmse,27,0,0.9586250073422805
logcosh,4096,2,kan,11,147584,validation,raw_nmse,27,6,0.9812919756006898
logcosh,4096,2,kan,29,147584,validation,raw_nmse,14,0,0.8669685284857322
logcosh,4096,2,kan,29,147584,validation,raw_nmse,14,6,0.9264693571914747
logcosh,4096,2,kan,29,147584,validation,raw_nmse,27,0,0.9571435309847557
logcosh,4096,2,kan,29,147584,validation,raw_nmse,27,6,0.9821153751017032
logcosh,4096,2,kan,47,147584,validation,raw_nmse,14,0,0.8716567163300885
logcosh,4096,2,kan,47,147584,validation,raw_nmse,14,6,0.8426363410430627
logcosh,4096,2,kan,47,147584,validation,raw_nmse,27,0,0.9522679189415639
logcosh,4096,2,kan,47,147584,validation,raw_nmse,27,6,0.9823150018716309
logcosh,4096,2,kan,11,147584,validation,normalized_idiv,14,0,2.7798528213116778
logcosh,4096,2,kan,11,147584,validation,normalized_idiv,14,6,3.191772650646691
logcosh,4096,2,kan,11,147584,validation,normalized_idiv,27,0,1.4257966681148044
logcosh,4096,2,kan,11,147584,validation,normalized_idiv,27,6,1.8446319893671228
logcosh,4096,2,kan,29,147584,validation,normalized_idiv,14,0,2.9890649128086144
logcosh,4096,2,kan,29,147584,validation,normalized_idiv,14,6,3.297273561160724
logcosh,4096,2,kan,29,147584,validation,normalized_idiv,27,0,1.4339213421951293
logcosh,4096,2,kan,29,147584,validation,normalized_idiv,27,6,1.8571828274441557
logcosh,4096,2,kan,47,147584,validation,normalized_idiv,14,0,3.036134917734279
logcosh,4096,2,kan,47,147584,validation,normalized_idiv,14,6,2.9814996689828237
logcosh,4096,2,kan,47,147584,validation,normalized_idiv,27,0,1.3915261099356269
logcosh,4096,2,kan,47,147584,validation,normalized_idiv,27,6,1.8816973460126478
logcosh,4096,2,kan,11,147584,test,logcosh,14,0,1.1669085616952732
logcosh,4096,2,kan,11,147584,test,logcosh,14,6,1.1290721469971452
logcosh,4096,2,kan,11,147584,test,logcosh,27,0,0.38264547228220736
logcosh,4096,2,kan,11,147584,test,logcosh,27,6,0.41402628202354835
logcosh,4096,2,kan,29,147584,test,logcosh,14,0,1.1687536033935406
logcosh,4096,2,kan,29,147584,test,logcosh,14,6,1.1037089818969903
logcosh,4096,2,kan,29,147584,test,logcosh,27,0,0.38917651514863927
logcosh,4096,2,kan,29,147584,test,logcosh,27,6,0.40818927271451905
logcosh,4096,2,kan,47,147584,test,logcosh,14,0,1.1762256331644059
logcosh,4096,2,kan,47,147584,test,logcosh,14,6,1.1195423956038835
logcosh,4096,2,kan,47,147584,test,logcosh,27,0,0.3797441458527582
logcosh,4096,2,kan,47,147584,test,logcosh,27,6,0.3992901339915835
logcosh,4096,2,kan,11,147584,test,log_mae,14,0,1.7096226035105389
logcosh,4096,2,kan,11,147584,test,log_mae,14,6,1.6672499324866505
logcosh,4096,2,kan,11,147584,test,log_mae,27,0,0.7933213526145405
logcosh,4096,2,kan,11,147584,test,log_mae,27,6,0.8357331587406073
logcosh,4096,2,kan,29,147584,test,log_mae,14,0,1.7114105674609306
logcosh,4096,2,kan,29,147584,test,log_mae,14,6,1.6392276126565077
logcosh,4096,2,kan,29,147584,test,log_mae,27,0,0.802746390256068
logcosh,4096,2,kan,29,147584,test,log_mae,27,6,0.8282312623029325
logcosh,4096,2,kan,47,147584,test,log_mae,14,0,1.71934214976865
logcosh,4096,2,kan,47,147584,test,log_mae,14,6,1.6571884983450884
logcosh,4096,2,kan,47,147584,test,log_mae,27,0,0.7897418910286566
logcosh,4096,2,kan,47,147584,test,log_mae,27,6,0.8170543680904135
logcosh,4096,2,kan,11,147584,test,factor2,14,0,0.26560211181640625
logcosh,4096,2,kan,11,147584,test,factor2,14,6,0.27523040771484375
logcosh,4096,2,kan,11,147584,test,factor2,27,0,0.543914794921875
logcosh,4096,2,kan,11,147584,test,factor2,27,6,0.5180282592773438
logcosh,4096,2,kan,29,147584,test,factor2,14,0,0.26617431640625
logcosh,4096,2,kan,29,147584,test,factor2,14,6,0.2791748046875
logcosh,4096,2,kan,29,147584,test,factor2,27,0,0.5389404296875
logcosh,4096,2,kan,29,147584,test,factor2,27,6,0.5225067138671875
logcosh,4096,2,kan,47,147584,test,factor2,14,0,0.26425933837890625
logcosh,4096,2,kan,47,147584,test,factor2,14,6,0.27643585205078125
logcosh,4096,2,kan,47,147584,test,factor2,27,0,0.5457611083984375
logcosh,4096,2,kan,47,147584,test,factor2,27,6,0.5283966064453125
logcosh,4096,2,kan,11,147584,test,factor10,14,0,0.7297744750976562
logcosh,4096,2,kan,11,147584,test,factor10,14,6,0.73968505859375
logcosh,4096,2,kan,11,147584,test,factor10,27,0,0.9638900756835938
logcosh,4096,2,kan,11,147584,test,factor10,27,6,0.9567031860351562
logcosh,4096,2,kan,29,147584,test,factor10,14,0,0.7288589477539062
logcosh,4096,2,kan,29,147584,test,factor10,14,6,0.7477798461914062
logcosh,4096,2,kan,29,147584,test,factor10,27,0,0.9628829956054688
logcosh,4096,2,kan,29,147584,test,factor10,27,6,0.9586029052734375
logcosh,4096,2,kan,47,147584,test,factor10,14,0,0.7273712158203125
logcosh,4096,2,kan,47,147584,test,factor10,14,6,0.7422714233398438
logcosh,4096,2,kan,47,147584,test,factor10,27,0,0.96502685546875
logcosh,4096,2,kan,47,147584,test,factor10,27,6,0.9610061645507812
logcosh,4096,2,kan,11,147584,test,raw_nmse,14,0,0.9318906455842658
logcosh,4096,2,kan,11,147584,test,raw_nmse,14,6,0.9974753328148888
logcosh,4096,2,kan,11,147584,test,raw_nmse,27,0,0.9893402219826
logcosh,4096,2,kan,11,147584,test,raw_nmse,27,6,0.9770364075545482
logcosh,4096,2,kan,29,147584,test,raw_nmse,14,0,0.9505735225697284
logcosh,4096,2,kan,29,147584,test,raw_nmse,14,6,0.9982199811912098
logcosh,4096,2,kan,29,147584,test,raw_nmse,27,0,0.9894736479303186
logcosh,4096,2,kan,29,147584,test,raw_nmse,27,6,0.9778543866201085
logcosh,4096,2,kan,47,147584,test,raw_nmse,14,0,0.9523263582264002
logcosh,4096,2,kan,47,147584,test,raw_nmse,14,6,0.9961373482908221
logcosh,4096,2,kan,47,147584,test,raw_nmse,27,0,0.9884906797589665
logcosh,4096,2,kan,47,147584,test,raw_nmse,27,6,0.9785510476044554
logcosh,4096,2,kan,11,147584,test,normalized_idiv,14,0,4.6927273878492555
logcosh,4096,2,kan,11,147584,test,normalized_idiv,14,6,7.454377016059849
logcosh,4096,2,kan,11,147584,test,normalized_idiv,27,0,2.052512484206509
logcosh,4096,2,kan,11,147584,test,normalized_idiv,27,6,1.873980009635413
logcosh,4096,2,kan,29,147584,test,normalized_idiv,14,0,4.947747657036022
logcosh,4096,2,kan,29,147584,test,normalized_idiv,14,6,7.605652524807267
logcosh,4096,2,kan,29,147584,test,normalized_idiv,27,0,2.096998381934908
logcosh,4096,2,kan,29,147584,test,normalized_idiv,27,6,1.8944307954931767
logcosh,4096,2,kan,47,147584,test,normalized_idiv,14,0,5.028833445250409
logcosh,4096,2,kan,47,147584,test,normalized_idiv,14,6,7.35358083820906
logcosh,4096,2,kan,47,147584,test,normalized_idiv,27,0,2.0608957695961294
logcosh,4096,2,kan,47,147584,test,normalized_idiv,27,6,1.9705163553336331
logcosh,4096,2,kan,11,147584,test_block,attention_nmse,14,0,0.08589626848697662
logcosh,4096,2,kan,11,147584,test_block,attention_nmse,14,6,0.16605280339717865
logcosh,4096,2,kan,11,147584,test_block,attention_nmse,27,0,0.6017000079154968
logcosh,4096,2,kan,11,147584,test_block,attention_nmse,27,6,0.608401358127594
logcosh,4096,2,kan,29,147584,test_block,attention_nmse,14,0,0.08149264752864838
logcosh,4096,2,kan,29,147584,test_block,attention_nmse,14,6,0.12857867777347565
logcosh,4096,2,kan,29,147584,test_block,attention_nmse,27,0,0.6121918559074402
logcosh,4096,2,kan,29,147584,test_block,attention_nmse,27,6,0.600724458694458
logcosh,4096,2,kan,47,147584,test_block,attention_nmse,14,0,0.08094074577093124
logcosh,4096,2,kan,47,147584,test_block,attention_nmse,14,6,0.21518480777740479
logcosh,4096,2,kan,47,147584,test_block,attention_nmse,27,0,0.6019784212112427
logcosh,4096,2,kan,47,147584,test_block,attention_nmse,27,6,0.5940327644348145
logcosh,4096,2,kan,11,147584,test_block,output_nmse,14,0,0.903109073638916
logcosh,4096,2,kan,11,147584,test_block,output_nmse,14,6,0.4957718849182129
logcosh,4096,2,kan,11,147584,test_block,output_nmse,27,0,0.19735172390937805
logcosh,4096,2,kan,11,147584,test_block,output_nmse,27,6,0.3271452784538269
logcosh,4096,2,kan,29,147584,test_block,output_nmse,14,0,0.878311812877655
logcosh,4096,2,kan,29,147584,test_block,output_nmse,14,6,0.42707329988479614
logcosh,4096,2,kan,29,147584,test_block,output_nmse,27,0,0.20040000975131989
logcosh,4096,2,kan,29,147584,test_block,output_nmse,27,6,0.3206101059913635
logcosh,4096,2,kan,47,147584,test_block,output_nmse,14,0,0.8757817149162292
logcosh,4096,2,kan,47,147584,test_block,output_nmse,14,6,0.5874484777450562
logcosh,4096,2,kan,47,147584,test_block,output_nmse,27,0,0.19779512286186218
logcosh,4096,2,kan,47,147584,test_block,output_nmse,27,6,0.30932724475860596
logcosh,4096,2,kan,11,147584,test_block,row_l1,14,0,0.22949790954589844
logcosh,4096,2,kan,11,147584,test_block,row_l1,14,6,0.4948144853115082
logcosh,4096,2,kan,11,147584,test_block,row_l1,27,0,0.7131990194320679
logcosh,4096,2,kan,11,147584,test_block,row_l1,27,6,0.7268850207328796
logcosh,4096,2,kan,29,147584,test_block,row_l1,14,0,0.23232205212116241
logcosh,4096,2,kan,29,147584,test_block,row_l1,14,6,0.4869704246520996
logcosh,4096,2,kan,29,147584,test_block,row_l1,27,0,0.7229164838790894
logcosh,4096,2,kan,29,147584,test_block,row_l1,27,6,0.7176741361618042
logcosh,4096,2,kan,47,147584,test_block,row_l1,14,0,0.23399412631988525
logcosh,4096,2,kan,47,147584,test_block,row_l1,14,6,0.51369309425354
logcosh,4096,2,kan,47,147584,test_block,row_l1,27,0,0.709213137626648
logcosh,4096,2,kan,47,147584,test_block,row_l1,27,6,0.7082667946815491
logcosh,4096,2,kan,11,147584,test_block,raw_nmse,14,0,0.932520689479637
logcosh,4096,2,kan,11,147584,test_block,raw_nmse,14,6,0.9967694575019294
logcosh,4096,2,kan,11,147584,test_block,raw_nmse,27,0,0.9781899665317437
logcosh,4096,2,kan,11,147584,test_block,raw_nmse,27,6,0.9761516452054363
logcosh,4096,2,kan,29,147584,test_block,raw_nmse,14,0,0.9510277206554383
logcosh,4096,2,kan,29,147584,test_block,raw_nmse,14,6,0.9976970184179788
logcosh,4096,2,kan,29,147584,test_block,raw_nmse,27,0,0.9777888076941234
logcosh,4096,2,kan,29,147584,test_block,raw_nmse,27,6,0.9775559956607519
logcosh,4096,2,kan,47,147584,test_block,raw_nmse,14,0,0.952755220827179
logcosh,4096,2,kan,47,147584,test_block,raw_nmse,14,6,0.9951209641540837
logcosh,4096,2,kan,47,147584,test_block,raw_nmse,27,0,0.9750570380605668
logcosh,4096,2,kan,47,147584,test_block,raw_nmse,27,6,0.9776568561705508
logcosh,512,1,kan,11,73856,train,logcosh,14,0,1.37610407157095
logcosh,512,1,kan,11,73856,train,logcosh,14,6,1.4031182885304498
logcosh,512,1,kan,11,73856,train,logcosh,27,0,0.6812438541529859
logcosh,512,1,kan,11,73856,train,logcosh,27,6,0.6906548027561725
logcosh,512,1,kan,29,73856,train,logcosh,14,0,1.372665033658142
logcosh,512,1,kan,29,73856,train,logcosh,14,6,1.3995082095302513
logcosh,512,1,kan,29,73856,train,logcosh,27,0,0.6826607891007763
logcosh,512,1,kan,29,73856,train,logcosh,27,6,0.6826221002816775
logcosh,512,1,kan,47,73856,train,logcosh,14,0,1.3720427550120526
logcosh,512,1,kan,47,73856,train,logcosh,14,6,1.394809179235446
logcosh,512,1,kan,47,73856,train,logcosh,27,0,0.6827214031762607
logcosh,512,1,kan,47,73856,train,logcosh,27,6,0.6928950440029985
logcosh,512,1,kan,11,73856,train,log_mae,14,0,1.932528792343545
logcosh,512,1,kan,11,73856,train,log_mae,14,6,1.9625828395461633
logcosh,512,1,kan,11,73856,train,log_mae,27,0,1.1614427829328091
logcosh,512,1,kan,11,73856,train,log_mae,27,6,1.1732035349872625
logcosh,512,1,kan,29,73856,train,log_mae,14,0,1.9293413111364668
logcosh,512,1,kan,29,73856,train,log_mae,14,6,1.9586373883195358
logcosh,512,1,kan,29,73856,train,log_mae,27,0,1.1639260571843881
logcosh,512,1,kan,29,73856,train,log_mae,27,6,1.1642729594140753
logcosh,512,1,kan,47,73856,train,log_mae,14,0,1.9285467714886533
logcosh,512,1,kan,47,73856,train,log_mae,14,6,1.9542220166000754
logcosh,512,1,kan,47,73856,train,log_mae,27,0,1.1640867446823766
logcosh,512,1,kan,47,73856,train,log_mae,27,6,1.1768005925520142
logcosh,512,1,kan,11,73856,train,factor2,14,0,0.23976898193359375
logcosh,512,1,kan,11,73856,train,factor2,14,6,0.2339630126953125
logcosh,512,1,kan,11,73856,train,factor2,27,0,0.39194488525390625
logcosh,512,1,kan,11,73856,train,factor2,27,6,0.38695526123046875
logcosh,512,1,kan,29,73856,train,factor2,14,0,0.23944091796875
logcosh,512,1,kan,29,73856,train,factor2,14,6,0.23490142822265625
logcosh,512,1,kan,29,73856,train,factor2,27,0,0.38985443115234375
logcosh,512,1,kan,29,73856,train,factor2,27,6,0.3881072998046875
logcosh,512,1,kan,47,73856,train,factor2,14,0,0.24048995971679688
logcosh,512,1,kan,47,73856,train,factor2,14,6,0.23392105102539062
logcosh,512,1,kan,47,73856,train,factor2,27,0,0.3890953063964844
logcosh,512,1,kan,47,73856,train,factor2,27,6,0.3832893371582031
logcosh,512,1,kan,11,73856,train,factor10,14,0,0.6750755310058594
logcosh,512,1,kan,11,73856,train,factor10,14,6,0.66485595703125
logcosh,512,1,kan,11,73856,train,factor10,27,0,0.8805046081542969
logcosh,512,1,kan,11,73856,train,factor10,27,6,0.8767051696777344
logcosh,512,1,kan,29,73856,train,factor10,14,0,0.6744842529296875
logcosh,512,1,kan,29,73856,train,factor10,14,6,0.6660652160644531
logcosh,512,1,kan,29,73856,train,factor10,27,0,0.8802223205566406
logcosh,512,1,kan,29,73856,train,factor10,27,6,0.8799362182617188
logcosh,512,1,kan,47,73856,train,factor10,14,0,0.6749725341796875
logcosh,512,1,kan,47,73856,train,factor10,14,6,0.66619873046875
logcosh,512,1,kan,47,73856,train,factor10,27,0,0.8802261352539062
logcosh,512,1,kan,47,73856,train,factor10,27,6,0.8768692016601562
logcosh,512,1,kan,11,73856,train,raw_nmse,14,0,0.9998069626247457
logcosh,512,1,kan,11,73856,train,raw_nmse,14,6,0.9999640928450795
logcosh,512,1,kan,11,73856,train,raw_nmse,27,0,0.9942676361418006
logcosh,512,1,kan,11,73856,train,raw_nmse,27,6,0.99062418326607
logcosh,512,1,kan,29,73856,train,raw_nmse,14,0,0.9996160643954592
logcosh,512,1,kan,29,73856,train,raw_nmse,14,6,0.9999674784913893
logcosh,512,1,kan,29,73856,train,raw_nmse,27,0,0.9947381703344389
logcosh,512,1,kan,29,73856,train,raw_nmse,27,6,0.9896260583068334
logcosh,512,1,kan,47,73856,train,raw_nmse,14,0,0.9997279414146112
logcosh,512,1,kan,47,73856,train,raw_nmse,14,6,0.9999454828893982
logcosh,512,1,kan,47,73856,train,raw_nmse,27,0,0.9946092227989061
logcosh,512,1,kan,47,73856,train,raw_nmse,27,6,0.9918433001118986
logcosh,512,1,kan,11,73856,train,normalized_idiv,14,0,8.98750270587968
logcosh,512,1,kan,11,73856,train,normalized_idiv,14,6,8.03339121016254
logcosh,512,1,kan,11,73856,train,normalized_idiv,27,0,2.8449907123735647
logcosh,512,1,kan,11,73856,train,normalized_idiv,27,6,2.762117712142734
logcosh,512,1,kan,29,73856,train,normalized_idiv,14,0,8.534472626087936
logcosh,512,1,kan,29,73856,train,normalized_idiv,14,6,8.166433257375296
logcosh,512,1,kan,29,73856,train,normalized_idiv,27,0,2.8401904042169823
logcosh,512,1,kan,29,73856,train,normalized_idiv,27,6,2.6563325685412584
logcosh,512,1,kan,47,73856,train,normalized_idiv,14,0,8.840780266185716
logcosh,512,1,kan,47,73856,train,normalized_idiv,14,6,7.753847660205778
logcosh,512,1,kan,47,73856,train,normalized_idiv,27,0,2.8386730160980016
logcosh,512,1,kan,47,73856,train,normalized_idiv,27,6,2.7767092689826907
logcosh,512,1,kan,11,73856,validation,logcosh,14,0,1.3801190345042116
logcosh,512,1,kan,11,73856,validation,logcosh,14,6,1.4095589966164406
logcosh,512,1,kan,11,73856,validation,logcosh,27,0,0.6847777140501683
logcosh,512,1,kan,11,73856,validation,logcosh,27,6,0.6970580794117942
logcosh,512,1,kan,29,73856,validation,logcosh,14,0,1.3795356343400542
logcosh,512,1,kan,29,73856,validation,logcosh,14,6,1.4068669936907177
logcosh,512,1,kan,29,73856,validation,logcosh,27,0,0.6855454182247696
logcosh,512,1,kan,29,73856,validation,logcosh,27,6,0.6897304674483247
logcosh,512,1,kan,47,73856,validation,logcosh,14,0,1.3773119815155765
logcosh,512,1,kan,47,73856,validation,logcosh,14,6,1.4003994647282625
logcosh,512,1,kan,47,73856,validation,logcosh,27,0,0.6859567515215439
logcosh,512,1,kan,47,73856,validation,logcosh,27,6,0.7001058554430976
logcosh,512,1,kan,11,73856,validation,log_mae,14,0,1.9371219127971244
logcosh,512,1,kan,11,73856,validation,log_mae,14,6,1.9695025812246119
logcosh,512,1,kan,11,73856,validation,log_mae,27,0,1.165630245671577
logcosh,512,1,kan,11,73856,validation,log_mae,27,6,1.1817189283482805
logcosh,512,1,kan,29,73856,validation,log_mae,14,0,1.93708636720487
logcosh,512,1,kan,29,73856,validation,log_mae,14,6,1.9663096385113992
logcosh,512,1,kan,29,73856,validation,log_mae,27,0,1.1672465341884748
logcosh,512,1,kan,29,73856,validation,log_mae,27,6,1.1735385683378063
logcosh,512,1,kan,47,73856,validation,log_mae,14,0,1.9344389454237216
logcosh,512,1,kan,47,73856,validation,log_mae,14,6,1.959497251980162
logcosh,512,1,kan,47,73856,validation,log_mae,27,0,1.1679115874306603
logcosh,512,1,kan,47,73856,validation,log_mae,27,6,1.186238042361739
logcosh,512,1,kan,11,73856,validation,factor2,14,0,0.2386474609375
logcosh,512,1,kan,11,73856,validation,factor2,14,6,0.23284912109375
logcosh,512,1,kan,11,73856,validation,factor2,27,0,0.3906707763671875
logcosh,512,1,kan,11,73856,validation,factor2,27,6,0.380401611328125
logcosh,512,1,kan,29,73856,validation,factor2,14,0,0.2381591796875
logcosh,512,1,kan,29,73856,validation,factor2,14,6,0.234832763671875
logcosh,512,1,kan,29,73856,validation,factor2,27,0,0.3896026611328125
logcosh,512,1,kan,29,73856,validation,factor2,27,6,0.383270263671875
logcosh,512,1,kan,47,73856,validation,factor2,14,0,0.2385711669921875
logcosh,512,1,kan,47,73856,validation,factor2,14,6,0.2342987060546875
logcosh,512,1,kan,47,73856,validation,factor2,27,0,0.387939453125
logcosh,512,1,kan,47,73856,validation,factor2,27,6,0.3783111572265625
logcosh,512,1,kan,11,73856,validation,factor10,14,0,0.6738739013671875
logcosh,512,1,kan,11,73856,validation,factor10,14,6,0.666107177734375
logcosh,512,1,kan,11,73856,validation,factor10,27,0,0.8784332275390625
logcosh,512,1,kan,11,73856,validation,factor10,27,6,0.8740386962890625
logcosh,512,1,kan,29,73856,validation,factor10,14,0,0.672027587890625
logcosh,512,1,kan,29,73856,validation,factor10,14,6,0.666595458984375
logcosh,512,1,kan,29,73856,validation,factor10,27,0,0.8782958984375
logcosh,512,1,kan,29,73856,validation,factor10,27,6,0.8761138916015625
logcosh,512,1,kan,47,73856,validation,factor10,14,0,0.67352294921875
logcosh,512,1,kan,47,73856,validation,factor10,14,6,0.66796875
logcosh,512,1,kan,47,73856,validation,factor10,27,0,0.8787841796875
logcosh,512,1,kan,47,73856,validation,factor10,27,6,0.8737640380859375
logcosh,512,1,kan,11,73856,validation,raw_nmse,14,0,0.9996090556338226
logcosh,512,1,kan,11,73856,validation,raw_nmse,14,6,0.9993636513549448
logcosh,512,1,kan,11,73856,validation,raw_nmse,27,0,0.9875601837778918
logcosh,512,1,kan,11,73856,validation,raw_nmse,27,6,0.9956208929900038
logcosh,512,1,kan,29,73856,validation,raw_nmse,14,0,0.999209082020591
logcosh,512,1,kan,29,73856,validation,raw_nmse,14,6,0.9993914969843771
logcosh,512,1,kan,29,73856,validation,raw_nmse,27,0,0.989008264584307
logcosh,512,1,kan,29,73856,validation,raw_nmse,27,6,0.9952013405700972
logcosh,512,1,kan,47,73856,validation,raw_nmse,14,0,0.9994273013978877
logcosh,512,1,kan,47,73856,validation,raw_nmse,14,6,0.9990363374405196
logcosh,512,1,kan,47,73856,validation,raw_nmse,27,0,0.98863705630182
logcosh,512,1,kan,47,73856,validation,raw_nmse,27,6,0.9963690975125327
logcosh,512,1,kan,11,73856,validation,normalized_idiv,14,0,8.423991038033831
logcosh,512,1,kan,11,73856,validation,normalized_idiv,14,6,6.4787145536474275
logcosh,512,1,kan,11,73856,validation,normalized_idiv,27,0,2.41972007540251
logcosh,512,1,kan,11,73856,validation,normalized_idiv,27,6,2.9823166537018007
logcosh,512,1,kan,29,73856,validation,normalized_idiv,14,0,7.954579763263613
logcosh,512,1,kan,29,73856,validation,normalized_idiv,14,6,6.565251426406086
logcosh,512,1,kan,29,73856,validation,normalized_idiv,27,0,2.4321629933600555
logcosh,512,1,kan,29,73856,validation,normalized_idiv,27,6,2.8881857271788474
logcosh,512,1,kan,47,73856,validation,normalized_idiv,14,0,8.281014193451966
logcosh,512,1,kan,47,73856,validation,normalized_idiv,14,6,6.145934315809146
logcosh,512,1,kan,47,73856,validation,normalized_idiv,27,0,2.4305906212635073
logcosh,512,1,kan,47,73856,validation,normalized_idiv,27,6,3.068950394117513
logcosh,512,1,kan,11,73856,test,logcosh,14,0,1.37369393511058
logcosh,512,1,kan,11,73856,test,logcosh,14,6,1.410223169209561
logcosh,512,1,kan,11,73856,test,logcosh,27,0,0.6806343286262216
logcosh,512,1,kan,11,73856,test,logcosh,27,6,0.691111145164863
logcosh,512,1,kan,29,73856,test,logcosh,14,0,1.3687009016541487
logcosh,512,1,kan,29,73856,test,logcosh,14,6,1.4075549291802107
logcosh,512,1,kan,29,73856,test,logcosh,27,0,0.6811334341103719
logcosh,512,1,kan,29,73856,test,logcosh,27,6,0.681245194529593
logcosh,512,1,kan,47,73856,test,logcosh,14,0,1.3688709353857431
logcosh,512,1,kan,47,73856,test,logcosh,14,6,1.4004984355644887
logcosh,512,1,kan,47,73856,test,logcosh,27,0,0.6811761823108498
logcosh,512,1,kan,47,73856,test,logcosh,27,6,0.6899553210838153
logcosh,512,1,kan,11,73856,test,log_mae,14,0,1.930615118948495
logcosh,512,1,kan,11,73856,test,log_mae,14,6,1.9705348211619578
logcosh,512,1,kan,11,73856,test,log_mae,27,0,1.161382697418175
logcosh,512,1,kan,11,73856,test,log_mae,27,6,1.174350578702453
logcosh,512,1,kan,29,73856,test,log_mae,14,0,1.9257431597998362
logcosh,512,1,kan,29,73856,test,log_mae,14,6,1.9675606207357061
logcosh,512,1,kan,29,73856,test,log_mae,27,0,1.1627976705312144
logcosh,512,1,kan,29,73856,test,log_mae,27,6,1.163332107528578
logcosh,512,1,kan,47,73856,test,log_mae,14,0,1.9256645323175832
logcosh,512,1,kan,47,73856,test,log_mae,14,6,1.9604128195333699
logcosh,512,1,kan,47,73856,test,log_mae,27,0,1.162846169184164
logcosh,512,1,kan,47,73856,test,log_mae,27,6,1.1741174458621688
logcosh,512,1,kan,11,73856,test,factor2,14,0,0.23870086669921875
logcosh,512,1,kan,11,73856,test,factor2,14,6,0.23258209228515625
logcosh,512,1,kan,11,73856,test,factor2,27,0,0.39113616943359375
logcosh,512,1,kan,11,73856,test,factor2,27,6,0.38520050048828125
logcosh,512,1,kan,29,73856,test,factor2,14,0,0.2380218505859375
logcosh,512,1,kan,29,73856,test,factor2,14,6,0.232452392578125
logcosh,512,1,kan,29,73856,test,factor2,27,0,0.38909912109375
logcosh,512,1,kan,29,73856,test,factor2,27,6,0.3881988525390625
logcosh,512,1,kan,47,73856,test,factor2,14,0,0.23845672607421875
logcosh,512,1,kan,47,73856,test,factor2,14,6,0.23319244384765625
logcosh,512,1,kan,47,73856,test,factor2,27,0,0.38941192626953125
logcosh,512,1,kan,47,73856,test,factor2,27,6,0.383697509765625
logcosh,512,1,kan,11,73856,test,factor10,14,0,0.6764068603515625
logcosh,512,1,kan,11,73856,test,factor10,14,6,0.6646194458007812
logcosh,512,1,kan,11,73856,test,factor10,27,0,0.8797531127929688
logcosh,512,1,kan,11,73856,test,factor10,27,6,0.8763046264648438
logcosh,512,1,kan,29,73856,test,factor10,14,0,0.6762542724609375
logcosh,512,1,kan,29,73856,test,factor10,14,6,0.6652069091796875
logcosh,512,1,kan,29,73856,test,factor10,27,0,0.8793716430664062
logcosh,512,1,kan,29,73856,test,factor10,27,6,0.8801727294921875
logcosh,512,1,kan,47,73856,test,factor10,14,0,0.6764602661132812
logcosh,512,1,kan,47,73856,test,factor10,14,6,0.6654434204101562
logcosh,512,1,kan,47,73856,test,factor10,27,0,0.8799285888671875
logcosh,512,1,kan,47,73856,test,factor10,27,6,0.8776092529296875
logcosh,512,1,kan,11,73856,test,raw_nmse,14,0,0.9998644535108221
logcosh,512,1,kan,11,73856,test,raw_nmse,14,6,0.9999836831743621
logcosh,512,1,kan,11,73856,test,raw_nmse,27,0,0.9966537009568373
logcosh,512,1,kan,11,73856,test,raw_nmse,27,6,0.9931666674435995
logcosh,512,1,kan,29,73856,test,raw_nmse,14,0,0.9997273594571549
logcosh,512,1,kan,29,73856,test,raw_nmse,14,6,0.999985262325094
logcosh,512,1,kan,29,73856,test,raw_nmse,27,0,0.9968930256412301
logcosh,512,1,kan,29,73856,test,raw_nmse,27,6,0.9924741318438499
logcosh,512,1,kan,47,73856,test,raw_nmse,14,0,0.999805306854002
logcosh,512,1,kan,47,73856,test,raw_nmse,14,6,0.9999768056344751
logcosh,512,1,kan,47,73856,test,raw_nmse,27,0,0.9968829044868688
logcosh,512,1,kan,47,73856,test,raw_nmse,27,6,0.9939461736398941
logcosh,512,1,kan,11,73856,test,normalized_idiv,14,0,9.600743877924113
logcosh,512,1,kan,11,73856,test,normalized_idiv,14,6,9.308687479578746
logcosh,512,1,kan,11,73856,test,normalized_idiv,27,0,3.3927644301753657
logcosh,512,1,kan,11,73856,test,normalized_idiv,27,6,3.001688292645336
logcosh,512,1,kan,29,73856,test,normalized_idiv,14,0,9.15059922835707
logcosh,512,1,kan,29,73856,test,normalized_idiv,14,6,9.371514557278363
logcosh,512,1,kan,29,73856,test,normalized_idiv,27,0,3.395905292878762
logcosh,512,1,kan,29,73856,test,normalized_idiv,27,6,2.8988207097144016
logcosh,512,1,kan,47,73856,test,normalized_idiv,14,0,9.431566428588193
logcosh,512,1,kan,47,73856,test,normalized_idiv,14,6,9.086293581859836
logcosh,512,1,kan,47,73856,test,normalized_idiv,27,0,3.4011311176152113
logcosh,512,1,kan,47,73856,test,normalized_idiv,27,6,2.9991823837045626
logcosh,512,1,kan,11,73856,test_block,attention_nmse,14,0,0.8355557322502136
logcosh,512,1,kan,11,73856,test_block,attention_nmse,14,6,0.9522678852081299
logcosh,512,1,kan,11,73856,test_block,attention_nmse,27,0,0.7852107286453247
logcosh,512,1,kan,11,73856,test_block,attention_nmse,27,6,0.7629647254943848
logcosh,512,1,kan,29,73856,test_block,attention_nmse,14,0,0.7812983989715576
logcosh,512,1,kan,29,73856,test_block,attention_nmse,14,6,0.9606019854545593
logcosh,512,1,kan,29,73856,test_block,attention_nmse,27,0,0.7883449792861938
logcosh,512,1,kan,29,73856,test_block,attention_nmse,27,6,0.7620042562484741
logcosh,512,1,kan,47,73856,test_block,attention_nmse,14,0,0.8357130289077759
logcosh,512,1,kan,47,73856,test_block,attention_nmse,14,6,0.9374154210090637
logcosh,512,1,kan,47,73856,test_block,attention_nmse,27,0,0.7906696200370789
logcosh,512,1,kan,47,73856,test_block,attention_nmse,27,6,0.7690256834030151
logcosh,512,1,kan,11,73856,test_block,output_nmse,14,0,6.059534549713135
logcosh,512,1,kan,11,73856,test_block,output_nmse,14,6,2.287950277328491
logcosh,512,1,kan,11,73856,test_block,output_nmse,27,0,0.3040611147880554
logcosh,512,1,kan,11,73856,test_block,output_nmse,27,6,0.46555525064468384
logcosh,512,1,kan,29,73856,test_block,output_nmse,14,0,5.69456672668457
logcosh,512,1,kan,29,73856,test_block,output_nmse,14,6,2.3086447715759277
logcosh,512,1,kan,29,73856,test_block,output_nmse,27,0,0.3046174943447113
logcosh,512,1,kan,29,73856,test_block,output_nmse,27,6,0.4630797803401947
logcosh,512,1,kan,47,73856,test_block,output_nmse,14,0,6.058579444885254
logcosh,512,1,kan,47,73856,test_block,output_nmse,14,6,2.2600293159484863
logcosh,512,1,kan,47,73856,test_block,output_nmse,27,0,0.3081245422363281
logcosh,512,1,kan,47,73856,test_block,output_nmse,27,6,0.4681554138660431
logcosh,512,1,kan,11,73856,test_block,row_l1,14,0,1.7750740051269531
logcosh,512,1,kan,11,73856,test_block,row_l1,14,6,1.7160522937774658
logcosh,512,1,kan,11,73856,test_block,row_l1,27,0,0.9441618919372559
logcosh,512,1,kan,11,73856,test_block,row_l1,27,6,0.9281648397445679
logcosh,512,1,kan,29,73856,test_block,row_l1,14,0,1.7179746627807617
logcosh,512,1,kan,29,73856,test_block,row_l1,14,6,1.7222005128860474
logcosh,512,1,kan,29,73856,test_block,row_l1,27,0,0.9488708972930908
logcosh,512,1,kan,29,73856,test_block,row_l1,27,6,0.9263038635253906
logcosh,512,1,kan,47,73856,test_block,row_l1,14,0,1.774199366569519
logcosh,512,1,kan,47,73856,test_block,row_l1,14,6,1.7048146724700928
logcosh,512,1,kan,47,73856,test_block,row_l1,27,0,0.9499450922012329
logcosh,512,1,kan,47,73856,test_block,row_l1,27,6,0.9351238012313843
logcosh,512,1,kan,11,73856,test_block,raw_nmse,14,0,0.999850032664951
logcosh,512,1,kan,11,73856,test_block,raw_nmse,14,6,0.9999647110802146
logcosh,512,1,kan,11,73856,test_block,raw_nmse,27,0,0.9931520151758929
logcosh,512,1,kan,11,73856,test_block,raw_nmse,27,6,0.9933444828672947
logcosh,512,1,kan,29,73856,test_block,raw_nmse,14,0,0.9996963732689359
logcosh,512,1,kan,29,73856,test_block,raw_nmse,14,6,0.9999669763828584
logcosh,512,1,kan,29,73856,test_block,raw_nmse,27,0,0.9938553057572873
logcosh,512,1,kan,29,73856,test_block,raw_nmse,27,6,0.992562216101339
logcosh,512,1,kan,47,73856,test_block,raw_nmse,14,0,0.9997822603429894
logcosh,512,1,kan,47,73856,test_block,raw_nmse,14,6,0.9999485601567749
logcosh,512,1,kan,47,73856,test_block,raw_nmse,27,0,0.9936611381891385
logcosh,512,1,kan,47,73856,test_block,raw_nmse,27,6,0.9940934712206423
logcosh,64,1,kan,11,73856,train,logcosh,14,0,1.912531315017065
logcosh,64,1,kan,11,73856,train,logcosh,14,6,1.851535450864131
logcosh,64,1,kan,11,73856,train,logcosh,27,0,1.1156492126773805
logcosh,64,1,kan,11,73856,train,logcosh,27,6,1.1281985618808825
logcosh,64,1,kan,29,73856,train,logcosh,14,0,1.927432749565103
logcosh,64,1,kan,29,73856,train,logcosh,14,6,1.853725176741163
logcosh,64,1,kan,29,73856,train,logcosh,27,0,1.1115912918879807
logcosh,64,1,kan,29,73856,train,logcosh,27,6,1.1234550705926574
logcosh,64,1,kan,47,73856,train,logcosh,14,0,1.908499717745089
logcosh,64,1,kan,47,73856,train,logcosh,14,6,1.8462070900780496
logcosh,64,1,kan,47,73856,train,logcosh,27,0,1.1273165106243046
logcosh,64,1,kan,47,73856,train,logcosh,27,6,1.126845148399092
logcosh,64,1,kan,11,73856,train,log_mae,14,0,2.498801207955424
logcosh,64,1,kan,11,73856,train,log_mae,14,6,2.437296876798186
logcosh,64,1,kan,11,73856,train,log_mae,27,0,1.6553004237845448
logcosh,64,1,kan,11,73856,train,log_mae,27,6,1.6698388316848758
logcosh,64,1,kan,29,73856,train,log_mae,14,0,2.515912288290295
logcosh,64,1,kan,29,73856,train,log_mae,14,6,2.4396032883212087
logcosh,64,1,kan,29,73856,train,log_mae,27,0,1.6511043507701393
logcosh,64,1,kan,29,73856,train,log_mae,27,6,1.664728837863924
logcosh,64,1,kan,47,73856,train,log_mae,14,0,2.495686739886608
logcosh,64,1,kan,47,73856,train,log_mae,14,6,2.431635560785921
logcosh,64,1,kan,47,73856,train,log_mae,27,0,1.6684414850643057
logcosh,64,1,kan,47,73856,train,log_mae,27,6,1.6685222763311793
logcosh,64,1,kan,11,73856,train,factor2,14,0,0.1824951171875
logcosh,64,1,kan,11,73856,train,factor2,14,6,0.1861572265625
logcosh,64,1,kan,11,73856,train,factor2,27,0,0.269317626953125
logcosh,64,1,kan,11,73856,train,factor2,27,6,0.26702880859375
logcosh,64,1,kan,29,73856,train,factor2,14,0,0.179840087890625
logcosh,64,1,kan,29,73856,train,factor2,14,6,0.1865234375
logcosh,64,1,kan,29,73856,train,factor2,27,0,0.270263671875
logcosh,64,1,kan,29,73856,train,factor2,27,6,0.267608642578125
logcosh,64,1,kan,47,73856,train,factor2,14,0,0.1846923828125
logcosh,64,1,kan,47,73856,train,factor2,14,6,0.186065673828125
logcosh,64,1,kan,47,73856,train,factor2,27,0,0.26873779296875
logcosh,64,1,kan,47,73856,train,factor2,27,6,0.26678466796875
logcosh,64,1,kan,11,73856,train,factor10,14,0,0.557159423828125
logcosh,64,1,kan,11,73856,train,factor10,14,6,0.558258056640625
logcosh,64,1,kan,11,73856,train,factor10,27,0,0.738433837890625
logcosh,64,1,kan,11,73856,train,factor10,27,6,0.736053466796875
logcosh,64,1,kan,29,73856,train,factor10,14,0,0.550384521484375
logcosh,64,1,kan,29,73856,train,factor10,14,6,0.557769775390625
logcosh,64,1,kan,29,73856,train,factor10,27,0,0.740386962890625
logcosh,64,1,kan,29,73856,train,factor10,27,6,0.73846435546875
logcosh,64,1,kan,47,73856,train,factor10,14,0,0.555633544921875
logcosh,64,1,kan,47,73856,train,factor10,14,6,0.559112548828125
logcosh,64,1,kan,47,73856,train,factor10,27,0,0.735137939453125
logcosh,64,1,kan,47,73856,train,factor10,27,6,0.7364501953125
logcosh,64,1,kan,11,73856,train,raw_nmse,14,0,0.9999966943682259
logcosh,64,1,kan,11,73856,train,raw_nmse,14,6,0.9999923304213216
logcosh,64,1,kan,11,73856,train,raw_nmse,27,0,0.9994794805671042
logcosh,64,1,kan,11,73856,train,raw_nmse,27,6,0.9987975753968678
logcosh,64,1,kan,29,73856,train,raw_nmse,14,0,0.9999979535944246
logcosh,64,1,kan,29,73856,train,raw_nmse,14,6,0.9999915822709875
logcosh,64,1,kan,29,73856,train,raw_nmse,27,0,0.9995587634066402
logcosh,64,1,kan,29,73856,train,raw_nmse,27,6,0.9987180378269774
logcosh,64,1,kan,47,73856,train,raw_nmse,14,0,0.9999972026850488
logcosh,64,1,kan,47,73856,train,raw_nmse,14,6,0.9999902810348417
logcosh,64,1,kan,47,73856,train,raw_nmse,27,0,0.999606991570602
logcosh,64,1,kan,47,73856,train,raw_nmse,27,6,0.9987651830200456
logcosh,64,1,kan,11,73856,train,normalized_idiv,14,0,11.598188509084359
logcosh,64,1,kan,11,73856,train,normalized_idiv,14,6,9.65259283216329
logcosh,64,1,kan,11,73856,train,normalized_idiv,27,0,4.615829917470717
logcosh,64,1,kan,11,73856,train,normalized_idiv,27,6,4.381739257588621
logcosh,64,1,kan,29,73856,train,normalized_idiv,14,0,12.095376713911053
logcosh,64,1,kan,29,73856,train,normalized_idiv,14,6,9.55913348050352
logcosh,64,1,kan,29,73856,train,normalized_idiv,27,0,4.784262938707328
logcosh,64,1,kan,29,73856,train,normalized_idiv,27,6,4.3344162699515865
logcosh,64,1,kan,47,73856,train,normalized_idiv,14,0,11.761629587925253
logcosh,64,1,kan,47,73856,train,normalized_idiv,14,6,9.417526636454657
logcosh,64,1,kan,47,73856,train,normalized_idiv,27,0,4.864420642131301
logcosh,64,1,kan,47,73856,train,normalized_idiv,27,6,4.361229580266514
logcosh,64,1,kan,11,73856,validation,logcosh,14,0,1.9441798505699166
logcosh,64,1,kan,11,73856,validation,logcosh,14,6,1.8822303395819417
logcosh,64,1,kan,11,73856,validation,logcosh,27,0,1.1175358656121257
logcosh,64,1,kan,11,73856,validation,logcosh,27,6,1.1393868386007235
logcosh,64,1,kan,29,73856,validation,logcosh,14,0,1.9523879878951913
logcosh,64,1,kan,29,73856,validation,logcosh,14,6,1.8853085114000345
logcosh,64,1,kan,29,73856,validation,logcosh,27,0,1.1112144784435074
logcosh,64,1,kan,29,73856,validation,logcosh,27,6,1.1324561934654092
logcosh,64,1,kan,47,73856,validation,logcosh,14,0,1.9370049948364227
logcosh,64,1,kan,47,73856,validation,logcosh,14,6,1.8751270160357876
logcosh,64,1,kan,47,73856,validation,logcosh,27,0,1.1265508575320804
logcosh,64,1,kan,47,73856,validation,logcosh,27,6,1.1351977524831678
logcosh,64,1,kan,11,73856,validation,log_mae,14,0,2.5327748493219815
logcosh,64,1,kan,11,73856,validation,log_mae,14,6,2.4693885592417306
logcosh,64,1,kan,11,73856,validation,log_mae,27,0,1.6585237834865107
logcosh,64,1,kan,11,73856,validation,log_mae,27,6,1.684160883469692
logcosh,64,1,kan,29,73856,validation,log_mae,14,0,2.542694269890603
logcosh,64,1,kan,29,73856,validation,log_mae,14,6,2.4725848242517774
logcosh,64,1,kan,29,73856,validation,log_mae,27,0,1.6518947529116637
logcosh,64,1,kan,29,73856,validation,log_mae,27,6,1.6762128960657967
logcosh,64,1,kan,47,73856,validation,log_mae,14,0,2.5259055912102895
logcosh,64,1,kan,47,73856,validation,log_mae,14,6,2.461921877067022
logcosh,64,1,kan,47,73856,validation,log_mae,27,0,1.6685810005547228
logcosh,64,1,kan,47,73856,validation,log_mae,27,6,1.6795249494938864
logcosh,64,1,kan,11,73856,validation,factor2,14,0,0.1798858642578125
logcosh,64,1,kan,11,73856,validation,factor2,14,6,0.181365966796875
logcosh,64,1,kan,11,73856,validation,factor2,27,0,0.2680816650390625
logcosh,64,1,kan,11,73856,validation,factor2,27,6,0.2603759765625
logcosh,64,1,kan,29,73856,validation,factor2,14,0,0.1781768798828125
logcosh,64,1,kan,29,73856,validation,factor2,14,6,0.1816558837890625
logcosh,64,1,kan,29,73856,validation,factor2,27,0,0.270355224609375
logcosh,64,1,kan,29,73856,validation,factor2,27,6,0.26171875
logcosh,64,1,kan,47,73856,validation,factor2,14,0,0.1800537109375
logcosh,64,1,kan,47,73856,validation,factor2,14,6,0.1822662353515625
logcosh,64,1,kan,47,73856,validation,factor2,27,0,0.267974853515625
logcosh,64,1,kan,47,73856,validation,factor2,27,6,0.261444091796875
logcosh,64,1,kan,11,73856,validation,factor10,14,0,0.5459136962890625
logcosh,64,1,kan,11,73856,validation,factor10,14,6,0.5528106689453125
logcosh,64,1,kan,11,73856,validation,factor10,27,0,0.7389068603515625
logcosh,64,1,kan,11,73856,validation,factor10,27,6,0.7289276123046875
logcosh,64,1,kan,29,73856,validation,factor10,14,0,0.5402984619140625
logcosh,64,1,kan,29,73856,validation,factor10,14,6,0.552276611328125
logcosh,64,1,kan,29,73856,validation,factor10,27,0,0.7398834228515625
logcosh,64,1,kan,29,73856,validation,factor10,27,6,0.73162841796875
logcosh,64,1,kan,47,73856,validation,factor10,14,0,0.5465850830078125
logcosh,64,1,kan,47,73856,validation,factor10,14,6,0.55450439453125
logcosh,64,1,kan,47,73856,validation,factor10,27,0,0.73541259765625
logcosh,64,1,kan,47,73856,validation,factor10,27,6,0.7301788330078125
logcosh,64,1,kan,11,73856,validation,raw_nmse,14,0,0.9999947647055754
logcosh,64,1,kan,11,73856,validation,raw_nmse,14,6,0.9999656842896011
logcosh,64,1,kan,11,73856,validation,raw_nmse,27,0,0.9990922559072928
logcosh,64,1,kan,11,73856,validation,raw_nmse,27,6,0.9997416809824862
logcosh,64,1,kan,29,73856,validation,raw_nmse,14,0,0.9999967075021682
logcosh,64,1,kan,29,73856,validation,raw_nmse,14,6,0.9999619915105065
logcosh,64,1,kan,29,73856,validation,raw_nmse,27,0,0.9992492956533993
logcosh,64,1,kan,29,73856,validation,raw_nmse,27,6,0.9997304091961108
logcosh,64,1,kan,47,73856,validation,raw_nmse,14,0,0.999995505733394
logcosh,64,1,kan,47,73856,validation,raw_nmse,14,6,0.9999577177717204
logcosh,64,1,kan,47,73856,validation,raw_nmse,27,0,0.999320228230322
logcosh,64,1,kan,47,73856,validation,raw_nmse,27,6,0.9997422628824733
logcosh,64,1,kan,11,73856,validation,normalized_idiv,14,0,11.424792572014466
logcosh,64,1,kan,11,73856,validation,normalized_idiv,14,6,8.433474592292274
logcosh,64,1,kan,11,73856,validation,normalized_idiv,27,0,4.1539966710655944
logcosh,64,1,kan,11,73856,validation,normalized_idiv,27,6,5.010232090724826
logcosh,64,1,kan,29,73856,validation,normalized_idiv,14,0,11.880833501605904
logcosh,64,1,kan,29,73856,validation,normalized_idiv,14,6,8.329439861418406
logcosh,64,1,kan,29,73856,validation,normalized_idiv,27,0,4.340300553352209
logcosh,64,1,kan,29,73856,validation,normalized_idiv,27,6,4.996090776605146
logcosh,64,1,kan,47,73856,validation,normalized_idiv,14,0,11.5695887860085
logcosh,64,1,kan,47,73856,validation,normalized_idiv,14,6,8.227193570305646
logcosh,64,1,kan,47,73856,validation,normalized_idiv,27,0,4.4044438763998075
logcosh,64,1,kan,47,73856,validation,normalized_idiv,27,6,5.017503963876622
logcosh,64,1,kan,11,73856,test,logcosh,14,0,1.922658984939064
logcosh,64,1,kan,11,73856,test,logcosh,14,6,1.881076837603361
logcosh,64,1,kan,11,73856,test,logcosh,27,0,1.1149517565334235
logcosh,64,1,kan,11,73856,test,logcosh,27,6,1.125267184631142
logcosh,64,1,kan,29,73856,test,logcosh,14,0,1.9287831759450174
logcosh,64,1,kan,29,73856,test,logcosh,14,6,1.883951085928334
logcosh,64,1,kan,29,73856,test,logcosh,27,0,1.111110436342526
logcosh,64,1,kan,29,73856,test,logcosh,27,6,1.1215090032890374
logcosh,64,1,kan,47,73856,test,logcosh,14,0,1.9144839907017286
logcosh,64,1,kan,47,73856,test,logcosh,14,6,1.8760407364844371
logcosh,64,1,kan,47,73856,test,logcosh,27,0,1.125326608038968
logcosh,64,1,kan,47,73856,test,logcosh,27,6,1.1242089636735773
logcosh,64,1,kan,11,73856,test,log_mae,14,0,2.5102419240856904
logcosh,64,1,kan,11,73856,test,log_mae,14,6,2.468368892422471
logcosh,64,1,kan,11,73856,test,log_mae,27,0,1.655029397802719
logcosh,64,1,kan,11,73856,test,log_mae,27,6,1.668495101924584
logcosh,64,1,kan,29,73856,test,log_mae,14,0,2.5175886752504226
logcosh,64,1,kan,29,73856,test,log_mae,14,6,2.471107209209616
logcosh,64,1,kan,29,73856,test,log_mae,27,0,1.6510118272492926
logcosh,64,1,kan,29,73856,test,log_mae,27,6,1.664513995532054
logcosh,64,1,kan,47,73856,test,log_mae,14,0,2.5021504727983626
logcosh,64,1,kan,47,73856,test,log_mae,14,6,2.4628898889014392
logcosh,64,1,kan,47,73856,test,log_mae,27,0,1.6667024818308644
logcosh,64,1,kan,47,73856,test,log_mae,27,6,1.6673979659420932
logcosh,64,1,kan,11,73856,test,factor2,14,0,0.18140411376953125
logcosh,64,1,kan,11,73856,test,factor2,14,6,0.18231964111328125
logcosh,64,1,kan,11,73856,test,factor2,27,0,0.26982879638671875
logcosh,64,1,kan,11,73856,test,factor2,27,6,0.263763427734375
logcosh,64,1,kan,29,73856,test,factor2,14,0,0.17942047119140625
logcosh,64,1,kan,29,73856,test,factor2,14,6,0.1821746826171875
logcosh,64,1,kan,29,73856,test,factor2,27,0,0.2709197998046875
logcosh,64,1,kan,29,73856,test,factor2,27,6,0.26418304443359375
logcosh,64,1,kan,47,73856,test,factor2,14,0,0.1812744140625
logcosh,64,1,kan,47,73856,test,factor2,14,6,0.1827239990234375
logcosh,64,1,kan,47,73856,test,factor2,27,0,0.2680206298828125
logcosh,64,1,kan,47,73856,test,factor2,27,6,0.26383209228515625
logcosh,64,1,kan,11,73856,test,factor10,14,0,0.550933837890625
logcosh,64,1,kan,11,73856,test,factor10,14,6,0.5516815185546875
logcosh,64,1,kan,11,73856,test,factor10,27,0,0.7385787963867188
logcosh,64,1,kan,11,73856,test,factor10,27,6,0.7340164184570312
logcosh,64,1,kan,29,73856,test,factor10,14,0,0.5471725463867188
logcosh,64,1,kan,29,73856,test,factor10,14,6,0.55194091796875
logcosh,64,1,kan,29,73856,test,factor10,27,0,0.7392578125
logcosh,64,1,kan,29,73856,test,factor10,27,6,0.7350845336914062
logcosh,64,1,kan,47,73856,test,factor10,14,0,0.5509796142578125
logcosh,64,1,kan,47,73856,test,factor10,14,6,0.5537567138671875
logcosh,64,1,kan,47,73856,test,factor10,27,0,0.7356719970703125
logcosh,64,1,kan,47,73856,test,factor10,27,6,0.734619140625
logcosh,64,1,kan,11,73856,test,raw_nmse,14,0,0.9999977020005233
logcosh,64,1,kan,11,73856,test,raw_nmse,14,6,0.9999986974147361
logcosh,64,1,kan,11,73856,test,raw_nmse,27,0,0.9996871945787588
logcosh,64,1,kan,11,73856,test,raw_nmse,27,6,0.9995485019096934
logcosh,64,1,kan,29,73856,test,raw_nmse,14,0,0.9999985886742324
logcosh,64,1,kan,29,73856,test,raw_nmse,14,6,0.999998556522261
logcosh,64,1,kan,29,73856,test,raw_nmse,27,0,0.9997380657003112
logcosh,64,1,kan,29,73856,test,raw_nmse,27,6,0.9995367251360441
logcosh,64,1,kan,47,73856,test,raw_nmse,14,0,0.9999980703520354
logcosh,64,1,kan,47,73856,test,raw_nmse,14,6,0.9999983050572959
logcosh,64,1,kan,47,73856,test,raw_nmse,27,0,0.9997589462618715
logcosh,64,1,kan,47,73856,test,raw_nmse,27,6,0.9995459202951846
logcosh,64,1,kan,11,73856,test,normalized_idiv,14,0,11.828101494908084
logcosh,64,1,kan,11,73856,test,normalized_idiv,14,6,10.637427129470586
logcosh,64,1,kan,11,73856,test,normalized_idiv,27,0,4.765048561986959
logcosh,64,1,kan,11,73856,test,normalized_idiv,27,6,4.684791527527435
logcosh,64,1,kan,29,73856,test,normalized_idiv,14,0,12.314450190005854
logcosh,64,1,kan,29,73856,test,normalized_idiv,14,6,10.534139514169384
logcosh,64,1,kan,29,73856,test,normalized_idiv,27,0,4.953245654766375
logcosh,64,1,kan,29,73856,test,normalized_idiv,27,6,4.688956916173004
logcosh,64,1,kan,47,73856,test,normalized_idiv,14,0,12.005092844390294
logcosh,64,1,kan,47,73856,test,normalized_idiv,14,6,10.383589247502593
logcosh,64,1,kan,47,73856,test,normalized_idiv,27,0,4.995852826034879
logcosh,64,1,kan,47,73856,test,normalized_idiv,27,6,4.69371628531035
logcosh,64,1,kan,11,73856,test_block,attention_nmse,14,0,0.9953212738037109
logcosh,64,1,kan,11,73856,test_block,attention_nmse,14,6,0.9954999685287476
logcosh,64,1,kan,11,73856,test_block,attention_nmse,27,0,0.8919435739517212
logcosh,64,1,kan,11,73856,test_block,attention_nmse,27,6,0.848521888256073
logcosh,64,1,kan,29,73856,test_block,attention_nmse,14,0,0.9960160255432129
logcosh,64,1,kan,29,73856,test_block,attention_nmse,14,6,0.9951428174972534
logcosh,64,1,kan,29,73856,test_block,attention_nmse,27,0,0.8926929831504822
logcosh,64,1,kan,29,73856,test_block,attention_nmse,27,6,0.8379489183425903
logcosh,64,1,kan,47,73856,test_block,attention_nmse,14,0,0.9954971075057983
logcosh,64,1,kan,47,73856,test_block,attention_nmse,14,6,0.9945944547653198
logcosh,64,1,kan,47,73856,test_block,attention_nmse,27,0,0.8920305967330933
logcosh,64,1,kan,47,73856,test_block,attention_nmse,27,6,0.8494858145713806
logcosh,64,1,kan,11,73856,test_block,output_nmse,14,0,7.56887149810791
logcosh,64,1,kan,11,73856,test_block,output_nmse,14,6,2.203622817993164
logcosh,64,1,kan,11,73856,test_block,output_nmse,27,0,0.3420640528202057
logcosh,64,1,kan,11,73856,test_block,output_nmse,27,6,0.48709267377853394
logcosh,64,1,kan,29,73856,test_block,output_nmse,14,0,7.629064559936523
logcosh,64,1,kan,29,73856,test_block,output_nmse,14,6,2.2056565284729004
logcosh,64,1,kan,29,73856,test_block,output_nmse,27,0,0.3433905243873596
logcosh,64,1,kan,29,73856,test_block,output_nmse,27,6,0.478294312953949
logcosh,64,1,kan,47,73856,test_block,output_nmse,14,0,7.582152366638184
logcosh,64,1,kan,47,73856,test_block,output_nmse,14,6,2.203505277633667
logcosh,64,1,kan,47,73856,test_block,output_nmse,27,0,0.34241604804992676
logcosh,64,1,kan,47,73856,test_block,output_nmse,27,6,0.48240041732788086
logcosh,64,1,kan,11,73856,test_block,row_l1,14,0,1.9395074844360352
logcosh,64,1,kan,11,73856,test_block,row_l1,14,6,1.767453908920288
logcosh,64,1,kan,11,73856,test_block,row_l1,27,0,1.1349297761917114
logcosh,64,1,kan,11,73856,test_block,row_l1,27,6,1.0836890935897827
logcosh,64,1,kan,29,73856,test_block,row_l1,14,0,1.9406099319458008
logcosh,64,1,kan,29,73856,test_block,row_l1,14,6,1.766799807548523
logcosh,64,1,kan,29,73856,test_block,row_l1,27,0,1.1321808099746704
logcosh,64,1,kan,29,73856,test_block,row_l1,27,6,1.0674769878387451
logcosh,64,1,kan,47,73856,test_block,row_l1,14,0,1.9395405054092407
logcosh,64,1,kan,47,73856,test_block,row_l1,14,6,1.7665421962738037
logcosh,64,1,kan,47,73856,test_block,row_l1,27,0,1.1363327503204346
logcosh,64,1,kan,47,73856,test_block,row_l1,27,6,1.0813543796539307
logcosh,64,1,kan,11,73856,test_block,raw_nmse,14,0,0.9999977525984979
logcosh,64,1,kan,11,73856,test_block,raw_nmse,14,6,0.9999981374969565
logcosh,64,1,kan,11,73856,test_block,raw_nmse,27,0,0.999496000229389
logcosh,64,1,kan,11,73856,test_block,raw_nmse,27,6,0.9995894827415549
logcosh,64,1,kan,29,73856,test_block,raw_nmse,14,0,0.9999985730091555
logcosh,64,1,kan,29,73856,test_block,raw_nmse,14,6,0.9999979425982567
logcosh,64,1,kan,29,73856,test_block,raw_nmse,27,0,0.9995848625691689
logcosh,64,1,kan,29,73856,test_block,raw_nmse,27,6,0.9995770915470195
logcosh,64,1,kan,47,73856,test_block,raw_nmse,14,0,0.9999980751058039
logcosh,64,1,kan,47,73856,test_block,raw_nmse,14,6,0.9999976974683977
logcosh,64,1,kan,47,73856,test_block,raw_nmse,27,0,0.9996177277830678
logcosh,64,1,kan,47,73856,test_block,raw_nmse,27,6,0.9995851662393701
logcosh,4096,1,mlp,11,73856,train,logcosh,14,0,0.9656423016266129
logcosh,4096,1,mlp,11,73856,train,logcosh,14,6,0.7940915590124038
logcosh,4096,1,mlp,11,73856,train,logcosh,27,0,0.2773655750839185
logcosh,4096,1,mlp,11,73856,train,logcosh,27,6,0.2784069726807893
logcosh,4096,1,mlp,29,73856,train,logcosh,14,0,0.9553974981843623
logcosh,4096,1,mlp,29,73856,train,logcosh,14,6,0.7834847559407553
logcosh,4096,1,mlp,29,73856,train,logcosh,27,0,0.2752057869044221
logcosh,4096,1,mlp,29,73856,train,logcosh,27,6,0.2787028202881048
logcosh,4096,1,mlp,47,73856,train,logcosh,14,0,0.9764264973027108
logcosh,4096,1,mlp,47,73856,train,logcosh,14,6,0.7804482320908249
logcosh,4096,1,mlp,47,73856,train,logcosh,27,0,0.26994480899949713
logcosh,4096,1,mlp,47,73856,train,logcosh,27,6,0.27650849157227453
logcosh,4096,1,mlp,11,73856,train,log_mae,14,0,1.487076654775092
logcosh,4096,1,mlp,11,73856,train,log_mae,14,6,1.2936466109463605
logcosh,4096,1,mlp,11,73856,train,log_mae,27,0,0.6493042247978902
logcosh,4096,1,mlp,11,73856,train,log_mae,27,6,0.6515499273214217
logcosh,4096,1,mlp,29,73856,train,log_mae,14,0,1.475835828368763
logcosh,4096,1,mlp,29,73856,train,log_mae,14,6,1.281806529085923
logcosh,4096,1,mlp,29,73856,train,log_mae,27,0,0.6466396758064021
logcosh,4096,1,mlp,29,73856,train,log_mae,27,6,0.6517477442489791
logcosh,4096,1,mlp,47,73856,train,log_mae,14,0,1.4992177602949157
logcosh,4096,1,mlp,47,73856,train,log_mae,14,6,1.2782045880216035
logcosh,4096,1,mlp,47,73856,train,log_mae,27,0,0.6394925594874793
logcosh,4096,1,mlp,47,73856,train,log_mae,27,6,0.6487543543278907
logcosh,4096,1,mlp,11,73856,train,factor2,14,0,0.3069324493408203
logcosh,4096,1,mlp,11,73856,train,factor2,14,6,0.3512272834777832
logcosh,4096,1,mlp,11,73856,train,factor2,27,0,0.6326780319213867
logcosh,4096,1,mlp,11,73856,train,factor2,27,6,0.6300549507141113
logcosh,4096,1,mlp,29,73856,train,factor2,14,0,0.3090481758117676
logcosh,4096,1,mlp,29,73856,train,factor2,14,6,0.35366153717041016
logcosh,4096,1,mlp,29,73856,train,factor2,27,0,0.6338353157043457
logcosh,4096,1,mlp,29,73856,train,factor2,27,6,0.6304531097412109
logcosh,4096,1,mlp,47,73856,train,factor2,14,0,0.3044257164001465
logcosh,4096,1,mlp,47,73856,train,factor2,14,6,0.35484743118286133
logcosh,4096,1,mlp,47,73856,train,factor2,27,0,0.6379690170288086
logcosh,4096,1,mlp,47,73856,train,factor2,27,6,0.6325263977050781
logcosh,4096,1,mlp,11,73856,train,factor10,14,0,0.790215015411377
logcosh,4096,1,mlp,11,73856,train,factor10,14,6,0.8445572853088379
logcosh,4096,1,mlp,11,73856,train,factor10,27,0,0.9840898513793945
logcosh,4096,1,mlp,11,73856,train,factor10,27,6,0.9841527938842773
logcosh,4096,1,mlp,29,73856,train,factor10,14,0,0.7929964065551758
logcosh,4096,1,mlp,29,73856,train,factor10,14,6,0.8475160598754883
logcosh,4096,1,mlp,29,73856,train,factor10,27,0,0.984677791595459
logcosh,4096,1,mlp,29,73856,train,factor10,27,6,0.9841184616088867
logcosh,4096,1,mlp,47,73856,train,factor10,14,0,0.7864832878112793
logcosh,4096,1,mlp,47,73856,train,factor10,14,6,0.848597526550293
logcosh,4096,1,mlp,47,73856,train,factor10,27,0,0.9856557846069336
logcosh,4096,1,mlp,47,73856,train,factor10,27,6,0.984522819519043
logcosh,4096,1,mlp,11,73856,train,raw_nmse,14,0,0.9924516683572498
logcosh,4096,1,mlp,11,73856,train,raw_nmse,14,6,0.9995567799101196
logcosh,4096,1,mlp,11,73856,train,raw_nmse,27,0,0.9879820795689007
logcosh,4096,1,mlp,11,73856,train,raw_nmse,27,6,0.9872996993101801
logcosh,4096,1,mlp,29,73856,train,raw_nmse,14,0,0.9857366371154597
logcosh,4096,1,mlp,29,73856,train,raw_nmse,14,6,0.9990374205700437
logcosh,4096,1,mlp,29,73856,train,raw_nmse,27,0,0.9875858414925006
logcosh,4096,1,mlp,29,73856,train,raw_nmse,27,6,0.9870969757661044
logcosh,4096,1,mlp,47,73856,train,raw_nmse,14,0,0.9895509737453967
logcosh,4096,1,mlp,47,73856,train,raw_nmse,14,6,0.9992228712887461
logcosh,4096,1,mlp,47,73856,train,raw_nmse,27,0,0.9866001312674404
logcosh,4096,1,mlp,47,73856,train,raw_nmse,27,6,0.9870991062375748
logcosh,4096,1,mlp,11,73856,train,normalized_idiv,14,0,5.193748855421835
logcosh,4096,1,mlp,11,73856,train,normalized_idiv,14,6,5.1624957665581706
logcosh,4096,1,mlp,11,73856,train,normalized_idiv,27,0,1.6604310795522106
logcosh,4096,1,mlp,11,73856,train,normalized_idiv,27,6,1.6073669217121476
logcosh,4096,1,mlp,29,73856,train,normalized_idiv,14,0,4.698497629903078
logcosh,4096,1,mlp,29,73856,train,normalized_idiv,14,6,4.797927824396511
logcosh,4096,1,mlp,29,73856,train,normalized_idiv,27,0,1.6258866845082465
logcosh,4096,1,mlp,29,73856,train,normalized_idiv,27,6,1.6043022186124998
logcosh,4096,1,mlp,47,73856,train,normalized_idiv,14,0,4.930318269095056
logcosh,4096,1,mlp,47,73856,train,normalized_idiv,14,6,4.916591009322711
logcosh,4096,1,mlp,47,73856,train,normalized_idiv,27,0,1.5794418939025066
logcosh,4096,1,mlp,47,73856,train,normalized_idiv,27,6,1.6123310938345636
logcosh,4096,1,mlp,11,73856,validation,logcosh,14,0,0.9725229063350366
logcosh,4096,1,mlp,11,73856,validation,logcosh,14,6,0.7948652967322253
logcosh,4096,1,mlp,11,73856,validation,logcosh,27,0,0.2817451326977623
logcosh,4096,1,mlp,11,73856,validation,logcosh,27,6,0.28378641361922335
logcosh,4096,1,mlp,29,73856,validation,logcosh,14,0,0.9611451989969092
logcosh,4096,1,mlp,29,73856,validation,logcosh,14,6,0.7835795158641582
logcosh,4096,1,mlp,29,73856,validation,logcosh,27,0,0.2800255368897071
logcosh,4096,1,mlp,29,73856,validation,logcosh,27,6,0.28416930472080404
logcosh,4096,1,mlp,47,73856,validation,logcosh,14,0,0.980468988343836
logcosh,4096,1,mlp,47,73856,validation,logcosh,14,6,0.783971504397917
logcosh,4096,1,mlp,47,73856,validation,logcosh,27,0,0.2740189509116084
logcosh,4096,1,mlp,47,73856,validation,logcosh,27,6,0.2817556377272166
logcosh,4096,1,mlp,11,73856,validation,log_mae,14,0,1.4945054052014939
logcosh,4096,1,mlp,11,73856,validation,log_mae,14,6,1.2950975812911398
logcosh,4096,1,mlp,11,73856,validation,log_mae,27,0,0.6557312557418851
logcosh,4096,1,mlp,11,73856,validation,log_mae,27,6,0.6599649366367237
logcosh,4096,1,mlp,29,73856,validation,log_mae,14,0,1.4828494172471665
logcosh,4096,1,mlp,29,73856,validation,log_mae,14,6,1.281842104289007
logcosh,4096,1,mlp,29,73856,validation,log_mae,27,0,0.6539921902335044
logcosh,4096,1,mlp,29,73856,validation,log_mae,27,6,0.6599926960333655
logcosh,4096,1,mlp,47,73856,validation,log_mae,14,0,1.503308905255949
logcosh,4096,1,mlp,47,73856,validation,log_mae,14,6,1.2820074002290713
logcosh,4096,1,mlp,47,73856,validation,log_mae,27,0,0.6456041942790137
logcosh,4096,1,mlp,47,73856,validation,log_mae,27,6,0.6577273316783301
logcosh,4096,1,mlp,11,73856,validation,factor2,14,0,0.30621337890625
logcosh,4096,1,mlp,11,73856,validation,factor2,14,6,0.348785400390625
logcosh,4096,1,mlp,11,73856,validation,factor2,27,0,0.626617431640625
logcosh,4096,1,mlp,11,73856,validation,factor2,27,6,0.622344970703125
logcosh,4096,1,mlp,29,73856,validation,factor2,14,0,0.3065643310546875
logcosh,4096,1,mlp,29,73856,validation,factor2,14,6,0.3556976318359375
logcosh,4096,1,mlp,29,73856,validation,factor2,27,0,0.628662109375
logcosh,4096,1,mlp,29,73856,validation,factor2,27,6,0.6227874755859375
logcosh,4096,1,mlp,47,73856,validation,factor2,14,0,0.30230712890625
logcosh,4096,1,mlp,47,73856,validation,factor2,14,6,0.3557891845703125
logcosh,4096,1,mlp,47,73856,validation,factor2,27,0,0.6351318359375
logcosh,4096,1,mlp,47,73856,validation,factor2,27,6,0.6245880126953125
logcosh,4096,1,mlp,11,73856,validation,factor10,14,0,0.7873077392578125
logcosh,4096,1,mlp,11,73856,validation,factor10,14,6,0.8443450927734375
logcosh,4096,1,mlp,11,73856,validation,factor10,27,0,0.9834136962890625
logcosh,4096,1,mlp,11,73856,validation,factor10,27,6,0.9844970703125
logcosh,4096,1,mlp,29,73856,validation,factor10,14,0,0.79119873046875
logcosh,4096,1,mlp,29,73856,validation,factor10,14,6,0.847503662109375
logcosh,4096,1,mlp,29,73856,validation,factor10,27,0,0.983612060546875
logcosh,4096,1,mlp,29,73856,validation,factor10,27,6,0.9837188720703125
logcosh,4096,1,mlp,47,73856,validation,factor10,14,0,0.785308837890625
logcosh,4096,1,mlp,47,73856,validation,factor10,14,6,0.8472900390625
logcosh,4096,1,mlp,47,73856,validation,factor10,27,0,0.98529052734375
logcosh,4096,1,mlp,47,73856,validation,factor10,27,6,0.9842987060546875
logcosh,4096,1,mlp,11,73856,validation,raw_nmse,14,0,0.9818401922736225
logcosh,4096,1,mlp,11,73856,validation,raw_nmse,14,6,0.9935186363683515
logcosh,4096,1,mlp,11,73856,validation,raw_nmse,27,0,0.9594150789709103
logcosh,4096,1,mlp,11,73856,validation,raw_nmse,27,6,0.982631685813927
logcosh,4096,1,mlp,29,73856,validation,raw_nmse,14,0,0.966532213158096
logcosh,4096,1,mlp,29,73856,validation,raw_nmse,14,6,0.984393737441268
logcosh,4096,1,mlp,29,73856,validation,raw_nmse,27,0,0.9579258255629387
logcosh,4096,1,mlp,29,73856,validation,raw_nmse,27,6,0.9823352728706942
logcosh,4096,1,mlp,47,73856,validation,raw_nmse,14,0,0.9752480804476588
logcosh,4096,1,mlp,47,73856,validation,raw_nmse,14,6,0.9875702553634299
logcosh,4096,1,mlp,47,73856,validation,raw_nmse,27,0,0.9543901811174819
logcosh,4096,1,mlp,47,73856,validation,raw_nmse,27,6,0.9819827825562548
logcosh,4096,1,mlp,11,73856,validation,normalized_idiv,14,0,4.301118488307142
logcosh,4096,1,mlp,11,73856,validation,normalized_idiv,14,6,4.037472518550452
logcosh,4096,1,mlp,11,73856,validation,normalized_idiv,27,0,1.33533653220563
logcosh,4096,1,mlp,11,73856,validation,normalized_idiv,27,6,1.7362705703714516
logcosh,4096,1,mlp,29,73856,validation,normalized_idiv,14,0,3.796272775685469
logcosh,4096,1,mlp,29,73856,validation,normalized_idiv,14,6,3.5538785245314166
logcosh,4096,1,mlp,29,73856,validation,normalized_idiv,27,0,1.319914421664405
logcosh,4096,1,mlp,29,73856,validation,normalized_idiv,27,6,1.741946096224551
logcosh,4096,1,mlp,47,73856,validation,normalized_idiv,14,0,4.0552273921101465
logcosh,4096,1,mlp,47,73856,validation,normalized_idiv,14,6,3.6190913553854283
logcosh,4096,1,mlp,47,73856,validation,normalized_idiv,27,0,1.270137051441875
logcosh,4096,1,mlp,47,73856,validation,normalized_idiv,27,6,1.7368987661367679
logcosh,4096,1,mlp,11,73856,test,logcosh,14,0,0.977883368383336
logcosh,4096,1,mlp,11,73856,test,logcosh,14,6,0.806437963533863
logcosh,4096,1,mlp,11,73856,test,logcosh,27,0,0.28622918884394305
logcosh,4096,1,mlp,11,73856,test,logcosh,27,6,0.2847581157965787
logcosh,4096,1,mlp,29,73856,test,logcosh,14,0,0.9681056795550593
logcosh,4096,1,mlp,29,73856,test,logcosh,14,6,0.7931099484891808
logcosh,4096,1,mlp,29,73856,test,logcosh,27,0,0.282684578156968
logcosh,4096,1,mlp,29,73856,test,logcosh,27,6,0.28508887898307866
logcosh,4096,1,mlp,47,73856,test,logcosh,14,0,0.9907684260911284
logcosh,4096,1,mlp,47,73856,test,logcosh,14,6,0.7941778315364232
logcosh,4096,1,mlp,47,73856,test,logcosh,27,0,0.2772829931741403
logcosh,4096,1,mlp,47,73856,test,logcosh,27,6,0.2828326464156862
logcosh,4096,1,mlp,11,73856,test,log_mae,14,0,1.5021450026129202
logcosh,4096,1,mlp,11,73856,test,log_mae,14,6,1.3084761441391022
logcosh,4096,1,mlp,11,73856,test,log_mae,27,0,0.6620724009022917
logcosh,4096,1,mlp,11,73856,test,log_mae,27,6,0.6612855549833679
logcosh,4096,1,mlp,29,73856,test,log_mae,14,0,1.4904796865571512
logcosh,4096,1,mlp,29,73856,test,log_mae,14,6,1.293659242812974
logcosh,4096,1,mlp,29,73856,test,log_mae,27,0,0.6574063677036843
logcosh,4096,1,mlp,29,73856,test,log_mae,27,6,0.6613877137791143
logcosh,4096,1,mlp,47,73856,test,log_mae,14,0,1.5163159287881314
logcosh,4096,1,mlp,47,73856,test,log_mae,14,6,1.29415843617691
logcosh,4096,1,mlp,47,73856,test,log_mae,27,0,0.6498388141088937
logcosh,4096,1,mlp,47,73856,test,log_mae,27,6,0.6577710306868684
logcosh,4096,1,mlp,11,73856,test,factor2,14,0,0.3011322021484375
logcosh,4096,1,mlp,11,73856,test,factor2,14,6,0.3466033935546875
logcosh,4096,1,mlp,11,73856,test,factor2,27,0,0.6237716674804688
logcosh,4096,1,mlp,11,73856,test,factor2,27,6,0.622802734375
logcosh,4096,1,mlp,29,73856,test,factor2,14,0,0.3052825927734375
logcosh,4096,1,mlp,29,73856,test,factor2,14,6,0.3485870361328125
logcosh,4096,1,mlp,29,73856,test,factor2,27,0,0.6262588500976562
logcosh,4096,1,mlp,29,73856,test,factor2,27,6,0.6234054565429688
logcosh,4096,1,mlp,47,73856,test,factor2,14,0,0.2987518310546875
logcosh,4096,1,mlp,47,73856,test,factor2,14,6,0.3505096435546875
logcosh,4096,1,mlp,47,73856,test,factor2,27,0,0.6314163208007812
logcosh,4096,1,mlp,47,73856,test,factor2,27,6,0.625640869140625
logcosh,4096,1,mlp,11,73856,test,factor10,14,0,0.785491943359375
logcosh,4096,1,mlp,11,73856,test,factor10,14,6,0.8410568237304688
logcosh,4096,1,mlp,11,73856,test,factor10,27,0,0.9824295043945312
logcosh,4096,1,mlp,11,73856,test,factor10,27,6,0.9833297729492188
logcosh,4096,1,mlp,29,73856,test,factor10,14,0,0.78839111328125
logcosh,4096,1,mlp,29,73856,test,factor10,14,6,0.8442611694335938
logcosh,4096,1,mlp,29,73856,test,factor10,27,0,0.9837265014648438
logcosh,4096,1,mlp,29,73856,test,factor10,27,6,0.9832687377929688
logcosh,4096,1,mlp,47,73856,test,factor10,14,0,0.781463623046875
logcosh,4096,1,mlp,47,73856,test,factor10,14,6,0.8446807861328125
logcosh,4096,1,mlp,47,73856,test,factor10,27,0,0.9847793579101562
logcosh,4096,1,mlp,47,73856,test,factor10,27,6,0.9835968017578125
logcosh,4096,1,mlp,11,73856,test,raw_nmse,14,0,0.9932619014232221
logcosh,4096,1,mlp,11,73856,test,raw_nmse,14,6,0.9998152229251048
logcosh,4096,1,mlp,11,73856,test,raw_nmse,27,0,0.9897176738654158
logcosh,4096,1,mlp,11,73856,test,raw_nmse,27,6,0.977541273102127
logcosh,4096,1,mlp,29,73856,test,raw_nmse,14,0,0.9873188991930049
logcosh,4096,1,mlp,29,73856,test,raw_nmse,14,6,0.9996025356407556
logcosh,4096,1,mlp,29,73856,test,raw_nmse,27,0,0.9891099844225262
logcosh,4096,1,mlp,29,73856,test,raw_nmse,27,6,0.9774144083647351
logcosh,4096,1,mlp,47,73856,test,raw_nmse,14,0,0.9908719664692036
logcosh,4096,1,mlp,47,73856,test,raw_nmse,14,6,0.9996724588385122
logcosh,4096,1,mlp,47,73856,test,raw_nmse,27,0,0.9883758152091776
logcosh,4096,1,mlp,47,73856,test,raw_nmse,27,6,0.9773356237803269
logcosh,4096,1,mlp,11,73856,test,normalized_idiv,14,0,5.440609423360241
logcosh,4096,1,mlp,11,73856,test,normalized_idiv,14,6,6.579531691159595
logcosh,4096,1,mlp,11,73856,test,normalized_idiv,27,0,1.9597883521833281
logcosh,4096,1,mlp,11,73856,test,normalized_idiv,27,6,1.7202922438352097
logcosh,4096,1,mlp,29,73856,test,normalized_idiv,14,0,4.895180179858109
logcosh,4096,1,mlp,29,73856,test,normalized_idiv,14,6,6.695378128314804
logcosh,4096,1,mlp,29,73856,test,normalized_idiv,27,0,1.9090002842927694
logcosh,4096,1,mlp,29,73856,test,normalized_idiv,27,6,1.7249516545049273
logcosh,4096,1,mlp,47,73856,test,normalized_idiv,14,0,5.269968286125756
logcosh,4096,1,mlp,47,73856,test,normalized_idiv,14,6,6.266701640412438
logcosh,4096,1,mlp,47,73856,test,normalized_idiv,27,0,1.8648321540801671
logcosh,4096,1,mlp,47,73856,test,normalized_idiv,27,6,1.7308964657808246
logcosh,4096,1,mlp,11,73856,test_block,attention_nmse,14,0,0.10562941431999207
logcosh,4096,1,mlp,11,73856,test_block,attention_nmse,14,6,0.5583133697509766
logcosh,4096,1,mlp,11,73856,test_block,attention_nmse,27,0,0.5501968264579773
logcosh,4096,1,mlp,11,73856,test_block,attention_nmse,27,6,0.5120388269424438
logcosh,4096,1,mlp,29,73856,test_block,attention_nmse,14,0,0.08004309237003326
logcosh,4096,1,mlp,29,73856,test_block,attention_nmse,14,6,0.25089186429977417
logcosh,4096,1,mlp,29,73856,test_block,attention_nmse,27,0,0.5475484728813171
logcosh,4096,1,mlp,29,73856,test_block,attention_nmse,27,6,0.516694188117981
logcosh,4096,1,mlp,47,73856,test_block,attention_nmse,14,0,0.0912935808300972
logcosh,4096,1,mlp,47,73856,test_block,attention_nmse,14,6,0.3252609670162201
logcosh,4096,1,mlp,47,73856,test_block,attention_nmse,27,0,0.5453740954399109
logcosh,4096,1,mlp,47,73856,test_block,attention_nmse,27,6,0.5101892948150635
logcosh,4096,1,mlp,11,73856,test_block,output_nmse,14,0,1.049161672592163
logcosh,4096,1,mlp,11,73856,test_block,output_nmse,14,6,1.3604888916015625
logcosh,4096,1,mlp,11,73856,test_block,output_nmse,27,0,0.17779430747032166
logcosh,4096,1,mlp,11,73856,test_block,output_nmse,27,6,0.25384044647216797
logcosh,4096,1,mlp,29,73856,test_block,output_nmse,14,0,0.8621562123298645
logcosh,4096,1,mlp,29,73856,test_block,output_nmse,14,6,0.6856594681739807
logcosh,4096,1,mlp,29,73856,test_block,output_nmse,27,0,0.17187891900539398
logcosh,4096,1,mlp,29,73856,test_block,output_nmse,27,6,0.2576810419559479
logcosh,4096,1,mlp,47,73856,test_block,output_nmse,14,0,0.9489258527755737
logcosh,4096,1,mlp,47,73856,test_block,output_nmse,14,6,0.846150815486908
logcosh,4096,1,mlp,47,73856,test_block,output_nmse,27,0,0.17208874225616455
logcosh,4096,1,mlp,47,73856,test_block,output_nmse,27,6,0.2552993595600128
logcosh,4096,1,mlp,11,73856,test_block,row_l1,14,0,0.5264453887939453
logcosh,4096,1,mlp,11,73856,test_block,row_l1,14,6,1.2712467908859253
logcosh,4096,1,mlp,11,73856,test_block,row_l1,27,0,0.6353540420532227
logcosh,4096,1,mlp,11,73856,test_block,row_l1,27,6,0.6068812012672424
logcosh,4096,1,mlp,29,73856,test_block,row_l1,14,0,0.38880854845046997
logcosh,4096,1,mlp,29,73856,test_block,row_l1,14,6,0.8896098136901855
logcosh,4096,1,mlp,29,73856,test_block,row_l1,27,0,0.6323553919792175
logcosh,4096,1,mlp,29,73856,test_block,row_l1,27,6,0.6099003553390503
logcosh,4096,1,mlp,47,73856,test_block,row_l1,14,0,0.46054840087890625
logcosh,4096,1,mlp,47,73856,test_block,row_l1,14,6,0.9998228549957275
logcosh,4096,1,mlp,47,73856,test_block,row_l1,27,0,0.62828129529953
logcosh,4096,1,mlp,47,73856,test_block,row_l1,27,6,0.6046725511550903
logcosh,4096,1,mlp,11,73856,test_block,raw_nmse,14,0,0.9931629904657933
logcosh,4096,1,mlp,11,73856,test_block,raw_nmse,14,6,0.9997010066171704
logcosh,4096,1,mlp,11,73856,test_block,raw_nmse,27,0,0.9794631079438558
logcosh,4096,1,mlp,11,73856,test_block,raw_nmse,27,6,0.9779042646511087
logcosh,4096,1,mlp,29,73856,test_block,raw_nmse,14,0,0.9871723891165732
logcosh,4096,1,mlp,29,73856,test_block,raw_nmse,14,6,0.9994276957988497
logcosh,4096,1,mlp,29,73856,test_block,raw_nmse,27,0,0.9790964811353532
logcosh,4096,1,mlp,29,73856,test_block,raw_nmse,27,6,0.9778680546131173
logcosh,4096,1,mlp,47,73856,test_block,raw_nmse,14,0,0.9905962135273116
logcosh,4096,1,mlp,47,73856,test_block,raw_nmse,14,6,0.9995270152837137
logcosh,4096,1,mlp,47,73856,test_block,raw_nmse,27,0,0.9771197551218843
logcosh,4096,1,mlp,47,73856,test_block,raw_nmse,27,6,0.9772434736305144
logcosh,4096,2,mlp,11,147584,train,logcosh,14,0,0.8975744981435779
logcosh,4096,2,mlp,11,147584,train,logcosh,14,6,0.7068260594985973
logcosh,4096,2,mlp,11,147584,train,logcosh,27,0,0.24640996797022524
logcosh,4096,2,mlp,11,147584,train,logcosh,27,6,0.2499014682291454
logcosh,4096,2,mlp,29,147584,train,logcosh,14,0,0.8952103525714025
logcosh,4096,2,mlp,29,147584,train,logcosh,14,6,0.6973019003107703
logcosh,4096,2,mlp,29,147584,train,logcosh,27,0,0.24613862450463098
logcosh,4096,2,mlp,29,147584,train,logcosh,27,6,0.2476930338504571
logcosh,4096,2,mlp,47,147584,train,logcosh,14,0,0.8726319417867919
logcosh,4096,2,mlp,47,147584,train,logcosh,14,6,0.7033027667478512
logcosh,4096,2,mlp,47,147584,train,logcosh,27,0,0.24470808232083885
logcosh,4096,2,mlp,47,147584,train,logcosh,27,6,0.24747458625674185
logcosh,4096,2,mlp,11,147584,train,log_mae,14,0,1.4108977963856795
logcosh,4096,2,mlp,11,147584,train,log_mae,14,6,1.1929917541817021
logcosh,4096,2,mlp,11,147584,train,log_mae,27,0,0.6040807699064892
logcosh,4096,2,mlp,11,147584,train,log_mae,27,6,0.6093477428657323
logcosh,4096,2,mlp,29,147584,train,log_mae,14,0,1.4083239151040354
logcosh,4096,2,mlp,29,147584,train,log_mae,14,6,1.1823937153144377
logcosh,4096,2,mlp,29,147584,train,log_mae,27,0,0.6037144801132226
logcosh,4096,2,mlp,29,147584,train,log_mae,27,6,0.6058361645838148
logcosh,4096,2,mlp,47,147584,train,log_mae,14,0,1.3826685268981658
logcosh,4096,2,mlp,47,147584,train,log_mae,14,6,1.1893559201430088
logcosh,4096,2,mlp,47,147584,train,log_mae,27,0,0.6020544978448171
logcosh,4096,2,mlp,47,147584,train,log_mae,27,6,0.6062285927373983
logcosh,4096,2,mlp,11,147584,train,factor2,14,0,0.323366641998291
logcosh,4096,2,mlp,11,147584,train,factor2,14,6,0.37901878356933594
logcosh,4096,2,mlp,11,147584,train,factor2,27,0,0.6653203964233398
logcosh,4096,2,mlp,11,147584,train,factor2,27,6,0.661320686340332
logcosh,4096,2,mlp,29,147584,train,factor2,14,0,0.3239145278930664
logcosh,4096,2,mlp,29,147584,train,factor2,14,6,0.38086462020874023
logcosh,4096,2,mlp,29,147584,train,factor2,27,0,0.6654763221740723
logcosh,4096,2,mlp,29,147584,train,factor2,27,6,0.6643261909484863
logcosh,4096,2,mlp,47,147584,train,factor2,14,0,0.3300800323486328
logcosh,4096,2,mlp,47,147584,train,factor2,14,6,0.37932348251342773
logcosh,4096,2,mlp,47,147584,train,factor2,27,0,0.6658024787902832
logcosh,4096,2,mlp,47,147584,train,factor2,27,6,0.6628990173339844
logcosh,4096,2,mlp,11,147584,train,factor10,14,0,0.8110747337341309
logcosh,4096,2,mlp,11,147584,train,factor10,14,6,0.8718442916870117
logcosh,4096,2,mlp,11,147584,train,factor10,27,0,0.9884018898010254
logcosh,4096,2,mlp,11,147584,train,factor10,27,6,0.9878997802734375
logcosh,4096,2,mlp,29,147584,train,factor10,14,0,0.8116044998168945
logcosh,4096,2,mlp,29,147584,train,factor10,14,6,0.8759584426879883
logcosh,4096,2,mlp,29,147584,train,factor10,27,0,0.9883260726928711
logcosh,4096,2,mlp,29,147584,train,factor10,27,6,0.9880790710449219
logcosh,4096,2,mlp,47,147584,train,factor10,14,0,0.8191251754760742
logcosh,4096,2,mlp,47,147584,train,factor10,14,6,0.8736138343811035
logcosh,4096,2,mlp,47,147584,train,factor10,27,0,0.9888091087341309
logcosh,4096,2,mlp,47,147584,train,factor10,27,6,0.9884190559387207
logcosh,4096,2,mlp,11,147584,train,raw_nmse,14,0,0.9808377721212336
logcosh,4096,2,mlp,11,147584,train,raw_nmse,14,6,0.9983320753440824
logcosh,4096,2,mlp,11,147584,train,raw_nmse,27,0,0.9857228475786265
logcosh,4096,2,mlp,11,147584,train,raw_nmse,27,6,0.9847082627327076
logcosh,4096,2,mlp,29,147584,train,raw_nmse,14,0,0.9660036875484517
logcosh,4096,2,mlp,29,147584,train,raw_nmse,14,6,0.9958478098305311
logcosh,4096,2,mlp,29,147584,train,raw_nmse,27,0,0.9861736942600143
logcosh,4096,2,mlp,29,147584,train,raw_nmse,27,6,0.9845896833086607
logcosh,4096,2,mlp,47,147584,train,raw_nmse,14,0,0.989092729916864
logcosh,4096,2,mlp,47,147584,train,raw_nmse,14,6,0.9985349754770464
logcosh,4096,2,mlp,47,147584,train,raw_nmse,27,0,0.9849538752063729
logcosh,4096,2,mlp,47,147584,train,raw_nmse,27,6,0.9851566187799753
logcosh,4096,2,mlp,11,147584,train,normalized_idiv,14,0,4.436506933802847
logcosh,4096,2,mlp,11,147584,train,normalized_idiv,14,6,4.350396928060832
logcosh,4096,2,mlp,11,147584,train,normalized_idiv,27,0,1.5298762865096416
logcosh,4096,2,mlp,11,147584,train,normalized_idiv,27,6,1.5068358758101401
logcosh,4096,2,mlp,29,147584,train,normalized_idiv,14,0,4.001650063898101
logcosh,4096,2,mlp,29,147584,train,normalized_idiv,14,6,3.985203100715321
logcosh,4096,2,mlp,29,147584,train,normalized_idiv,27,0,1.5218520934008264
logcosh,4096,2,mlp,29,147584,train,normalized_idiv,27,6,1.5002968430263544
logcosh,4096,2,mlp,47,147584,train,normalized_idiv,14,0,4.755873693463891
logcosh,4096,2,mlp,47,147584,train,normalized_idiv,14,6,4.432534875142034
logcosh,4096,2,mlp,47,147584,train,normalized_idiv,27,0,1.4809343466197276
logcosh,4096,2,mlp,47,147584,train,normalized_idiv,27,6,1.5156566776837452
logcosh,4096,2,mlp,11,147584,validation,logcosh,14,0,0.9061723777598816
logcosh,4096,2,mlp,11,147584,validation,logcosh,14,6,0.7141068136047404
logcosh,4096,2,mlp,11,147584,validation,logcosh,27,0,0.25356289013456534
logcosh,4096,2,mlp,11,147584,validation,logcosh,27,6,0.256752355258088
logcosh,4096,2,mlp,29,147584,validation,logcosh,14,0,0.9024797277207789
logcosh,4096,2,mlp,29,147584,validation,logcosh,14,6,0.7073123008544261
logcosh,4096,2,mlp,29,147584,validation,logcosh,27,0,0.2521169886193023
logcosh,4096,2,mlp,29,147584,validation,logcosh,27,6,0.25471122429437265
logcosh,4096,2,mlp,47,147584,validation,logcosh,14,0,0.8842920957607551
logcosh,4096,2,mlp,47,147584,validation,logcosh,14,6,0.7137776192130022
logcosh,4096,2,mlp,47,147584,validation,logcosh,27,0,0.25219414826222086
logcosh,4096,2,mlp,47,147584,validation,logcosh,27,6,0.25532081678986673
logcosh,4096,2,mlp,11,147584,validation,log_mae,14,0,1.4214839757488562
logcosh,4096,2,mlp,11,147584,validation,log_mae,14,6,1.2025705977937893
logcosh,4096,2,mlp,11,147584,validation,log_mae,27,0,0.6147158708036858
logcosh,4096,2,mlp,11,147584,validation,log_mae,27,6,0.6197796277513965
logcosh,4096,2,mlp,29,147584,validation,log_mae,14,0,1.416710965635616
logcosh,4096,2,mlp,29,147584,validation,log_mae,14,6,1.1938971439395178
logcosh,4096,2,mlp,29,147584,validation,log_mae,27,0,0.6129274564362052
logcosh,4096,2,mlp,29,147584,validation,log_mae,27,6,0.6171885122419103
logcosh,4096,2,mlp,47,147584,validation,log_mae,14,0,1.3968250737071912
logcosh,4096,2,mlp,47,147584,validation,log_mae,14,6,1.2023440381521429
logcosh,4096,2,mlp,47,147584,validation,log_mae,27,0,0.613043705010081
logcosh,4096,2,mlp,47,147584,validation,log_mae,27,6,0.6184686559939343
logcosh,4096,2,mlp,11,147584,validation,factor2,14,0,0.3190155029296875
logcosh,4096,2,mlp,11,147584,validation,factor2,14,6,0.37451171875
logcosh,4096,2,mlp,11,147584,validation,factor2,27,0,0.65643310546875
logcosh,4096,2,mlp,11,147584,validation,factor2,27,6,0.6530914306640625
logcosh,4096,2,mlp,29,147584,validation,factor2,14,0,0.323516845703125
logcosh,4096,2,mlp,29,147584,validation,factor2,14,6,0.3773956298828125
logcosh,4096,2,mlp,29,147584,validation,factor2,27,0,0.65765380859375
logcosh,4096,2,mlp,29,147584,validation,factor2,27,6,0.6545562744140625
logcosh,4096,2,mlp,47,147584,validation,factor2,14,0,0.3246612548828125
logcosh,4096,2,mlp,47,147584,validation,factor2,14,6,0.373931884765625
logcosh,4096,2,mlp,47,147584,validation,factor2,27,0,0.657623291015625
logcosh,4096,2,mlp,47,147584,validation,factor2,27,6,0.653228759765625
logcosh,4096,2,mlp,11,147584,validation,factor10,14,0,0.8072509765625
logcosh,4096,2,mlp,11,147584,validation,factor10,14,6,0.86944580078125
logcosh,4096,2,mlp,11,147584,validation,factor10,27,0,0.9878997802734375
logcosh,4096,2,mlp,11,147584,validation,factor10,27,6,0.987457275390625
logcosh,4096,2,mlp,29,147584,validation,factor10,14,0,0.809112548828125
logcosh,4096,2,mlp,29,147584,validation,factor10,14,6,0.8722076416015625
logcosh,4096,2,mlp,29,147584,validation,factor10,27,0,0.988037109375
logcosh,4096,2,mlp,29,147584,validation,factor10,27,6,0.9875640869140625
logcosh,4096,2,mlp,47,147584,validation,factor10,14,0,0.816162109375
logcosh,4096,2,mlp,47,147584,validation,factor10,14,6,0.8713226318359375
logcosh,4096,2,mlp,47,147584,validation,factor10,27,0,0.9873504638671875
logcosh,4096,2,mlp,47,147584,validation,factor10,27,6,0.9878082275390625
logcosh,4096,2,mlp,11,147584,validation,raw_nmse,14,0,0.954413085413947
logcosh,4096,2,mlp,11,147584,validation,raw_nmse,14,6,0.9726199003615978
logcosh,4096,2,mlp,11,147584,validation,raw_nmse,27,0,0.952452463619365
logcosh,4096,2,mlp,11,147584,validation,raw_nmse,27,6,0.9794229438051447
logcosh,4096,2,mlp,29,147584,validation,raw_nmse,14,0,0.9207053435407576
logcosh,4096,2,mlp,29,147584,validation,raw_nmse,14,6,0.9296111168844611
logcosh,4096,2,mlp,29,147584,validation,raw_nmse,27,0,0.9547062980360144
logcosh,4096,2,mlp,29,147584,validation,raw_nmse,27,6,0.9782712235268074
logcosh,4096,2,mlp,47,147584,validation,raw_nmse,14,0,0.9745309362690945
logcosh,4096,2,mlp,47,147584,validation,raw_nmse,14,6,0.9757728061711749
logcosh,4096,2,mlp,47,147584,validation,raw_nmse,27,0,0.9495784521808853
logcosh,4096,2,mlp,47,147584,validation,raw_nmse,27,6,0.9794827332643377
logcosh,4096,2,mlp,11,147584,validation,normalized_idiv,14,0,3.5438945106134074
logcosh,4096,2,mlp,11,147584,validation,normalized_idiv,14,6,3.1437844892144584
logcosh,4096,2,mlp,11,147584,validation,normalized_idiv,27,0,1.2243724659066637
logcosh,4096,2,mlp,11,147584,validation,normalized_idiv,27,6,1.6417185357005348
logcosh,4096,2,mlp,29,147584,validation,normalized_idiv,14,0,3.0803375892032703
logcosh,4096,2,mlp,29,147584,validation,normalized_idiv,14,6,2.7715941321095854
logcosh,4096,2,mlp,29,147584,validation,normalized_idiv,27,0,1.2298096141775232
logcosh,4096,2,mlp,29,147584,validation,normalized_idiv,27,6,1.6195857386063581
logcosh,4096,2,mlp,47,147584,validation,normalized_idiv,14,0,3.9056383810108164
logcosh,4096,2,mlp,47,147584,validation,normalized_idiv,14,6,3.1964609263514197
logcosh,4096,2,mlp,47,147584,validation,normalized_idiv,27,0,1.196338418007672
logcosh,4096,2,mlp,47,147584,validation,normalized_idiv,27,6,1.625079749500289
logcosh,4096,2,mlp,11,147584,test,logcosh,14,0,0.9171159464351216
logcosh,4096,2,mlp,11,147584,test,logcosh,14,6,0.7251788139687954
logcosh,4096,2,mlp,11,147584,test,logcosh,27,0,0.2558440037316787
logcosh,4096,2,mlp,11,147584,test,logcosh,27,6,0.25919383565955234
logcosh,4096,2,mlp,29,147584,test,logcosh,14,0,0.912284230134762
logcosh,4096,2,mlp,29,147584,test,logcosh,14,6,0.7140822401263993
logcosh,4096,2,mlp,29,147584,test,logcosh,27,0,0.25498475492931105
logcosh,4096,2,mlp,29,147584,test,logcosh,27,6,0.25671219048502386
logcosh,4096,2,mlp,47,147584,test,logcosh,14,0,0.8910387390849726
logcosh,4096,2,mlp,47,147584,test,logcosh,14,6,0.7203189832471137
logcosh,4096,2,mlp,47,147584,test,logcosh,27,0,0.25448359242971397
logcosh,4096,2,mlp,47,147584,test,logcosh,27,6,0.2565569523676102
logcosh,4096,2,mlp,11,147584,test,log_mae,14,0,1.4332830844662254
logcosh,4096,2,mlp,11,147584,test,log_mae,14,6,1.215458858373391
logcosh,4096,2,mlp,11,147584,test,log_mae,27,0,0.618741378876143
logcosh,4096,2,mlp,11,147584,test,log_mae,27,6,0.6241649318585564
logcosh,4096,2,mlp,29,147584,test,log_mae,14,0,1.4287215342205997
logcosh,4096,2,mlp,29,147584,test,log_mae,14,6,1.2028917530350425
logcosh,4096,2,mlp,29,147584,test,log_mae,27,0,0.61718742053958
logcosh,4096,2,mlp,29,147584,test,log_mae,27,6,0.6197752945700329
logcosh,4096,2,mlp,47,147584,test,log_mae,14,0,1.4041393698989992
logcosh,4096,2,mlp,47,147584,test,log_mae,14,6,1.2096206622205967
logcosh,4096,2,mlp,47,147584,test,log_mae,27,0,0.6163223907052866
logcosh,4096,2,mlp,47,147584,test,log_mae,27,6,0.6200780206032918
logcosh,4096,2,mlp,11,147584,test,factor2,14,0,0.31737518310546875
logcosh,4096,2,mlp,11,147584,test,factor2,14,6,0.3698883056640625
logcosh,4096,2,mlp,11,147584,test,factor2,27,0,0.654388427734375
logcosh,4096,2,mlp,11,147584,test,factor2,27,6,0.6508560180664062
logcosh,4096,2,mlp,29,147584,test,factor2,14,0,0.31653594970703125
logcosh,4096,2,mlp,29,147584,test,factor2,14,6,0.3725128173828125
logcosh,4096,2,mlp,29,147584,test,factor2,27,0,0.6558380126953125
logcosh,4096,2,mlp,29,147584,test,factor2,27,6,0.6534194946289062
logcosh,4096,2,mlp,47,147584,test,factor2,14,0,0.32402801513671875
logcosh,4096,2,mlp,47,147584,test,factor2,14,6,0.37169647216796875
logcosh,4096,2,mlp,47,147584,test,factor2,27,0,0.6557693481445312
logcosh,4096,2,mlp,47,147584,test,factor2,27,6,0.6524734497070312
logcosh,4096,2,mlp,11,147584,test,factor10,14,0,0.8047714233398438
logcosh,4096,2,mlp,11,147584,test,factor10,14,6,0.8671340942382812
logcosh,4096,2,mlp,11,147584,test,factor10,27,0,0.9870452880859375
logcosh,4096,2,mlp,11,147584,test,factor10,27,6,0.9867782592773438
logcosh,4096,2,mlp,29,147584,test,factor10,14,0,0.806427001953125
logcosh,4096,2,mlp,29,147584,test,factor10,14,6,0.8715667724609375
logcosh,4096,2,mlp,29,147584,test,factor10,27,0,0.98712158203125
logcosh,4096,2,mlp,29,147584,test,factor10,27,6,0.9872055053710938
logcosh,4096,2,mlp,47,147584,test,factor10,14,0,0.8136367797851562
logcosh,4096,2,mlp,47,147584,test,factor10,14,6,0.8681411743164062
logcosh,4096,2,mlp,47,147584,test,factor10,27,0,0.9875259399414062
logcosh,4096,2,mlp,47,147584,test,factor10,27,6,0.9873199462890625
logcosh,4096,2,mlp,11,147584,test,raw_nmse,14,0,0.9829139493663457
logcosh,4096,2,mlp,11,147584,test,raw_nmse,14,6,0.9993274022074872
logcosh,4096,2,mlp,11,147584,test,raw_nmse,27,0,0.9880428929942258
logcosh,4096,2,mlp,11,147584,test,raw_nmse,27,6,0.9739153652347249
logcosh,4096,2,mlp,29,147584,test,raw_nmse,14,0,0.9699571176206032
logcosh,4096,2,mlp,29,147584,test,raw_nmse,14,6,0.9982765989246184
logcosh,4096,2,mlp,29,147584,test,raw_nmse,27,0,0.988277975105875
logcosh,4096,2,mlp,29,147584,test,raw_nmse,27,6,0.9735985750030482
logcosh,4096,2,mlp,47,147584,test,raw_nmse,14,0,0.9902947339300279
logcosh,4096,2,mlp,47,147584,test,raw_nmse,14,6,0.9993909205550163
logcosh,4096,2,mlp,47,147584,test,raw_nmse,27,0,0.9868988825601029
logcosh,4096,2,mlp,47,147584,test,raw_nmse,27,6,0.9747307764849333
logcosh,4096,2,mlp,11,147584,test,normalized_idiv,14,0,4.665727103331739
logcosh,4096,2,mlp,11,147584,test,normalized_idiv,14,6,6.529845777559514
logcosh,4096,2,mlp,11,147584,test,normalized_idiv,27,0,1.846054729501989
logcosh,4096,2,mlp,11,147584,test,normalized_idiv,27,6,1.6284833556464333
logcosh,4096,2,mlp,29,147584,test,normalized_idiv,14,0,4.291414346005287
logcosh,4096,2,mlp,29,147584,test,normalized_idiv,14,6,6.016466614069255
logcosh,4096,2,mlp,29,147584,test,normalized_idiv,27,0,1.8213308197853963
logcosh,4096,2,mlp,29,147584,test,normalized_idiv,27,6,1.6323078502530257
logcosh,4096,2,mlp,47,147584,test,normalized_idiv,14,0,4.9453994099854315
logcosh,4096,2,mlp,47,147584,test,normalized_idiv,14,6,5.894314338713438
logcosh,4096,2,mlp,47,147584,test,normalized_idiv,27,0,1.7606168741131138
logcosh,4096,2,mlp,47,147584,test,normalized_idiv,27,6,1.6472142234494964
logcosh,4096,2,mlp,11,147584,test_block,attention_nmse,14,0,0.07395009696483612
logcosh,4096,2,mlp,11,147584,test_block,attention_nmse,14,6,0.17033055424690247
logcosh,4096,2,mlp,11,147584,test_block,attention_nmse,27,0,0.5235148668289185
logcosh,4096,2,mlp,11,147584,test_block,attention_nmse,27,6,0.48546522855758667
logcosh,4096,2,mlp,29,147584,test_block,attention_nmse,14,0,0.07425189018249512
logcosh,4096,2,mlp,29,147584,test_block,attention_nmse,14,6,0.11581120640039444
logcosh,4096,2,mlp,29,147584,test_block,attention_nmse,27,0,0.5240106582641602
logcosh,4096,2,mlp,29,147584,test_block,attention_nmse,27,6,0.4876430630683899
logcosh,4096,2,mlp,47,147584,test_block,attention_nmse,14,0,0.0945916697382927
logcosh,4096,2,mlp,47,147584,test_block,attention_nmse,14,6,0.20278684794902802
logcosh,4096,2,mlp,47,147584,test_block,attention_nmse,27,0,0.5237177014350891
logcosh,4096,2,mlp,47,147584,test_block,attention_nmse,27,6,0.4863246977329254
logcosh,4096,2,mlp,11,147584,test_block,output_nmse,14,0,0.820472240447998
logcosh,4096,2,mlp,11,147584,test_block,output_nmse,14,6,0.5039687752723694
logcosh,4096,2,mlp,11,147584,test_block,output_nmse,27,0,0.16879385709762573
logcosh,4096,2,mlp,11,147584,test_block,output_nmse,27,6,0.23825505375862122
logcosh,4096,2,mlp,29,147584,test_block,output_nmse,14,0,0.8134334087371826
logcosh,4096,2,mlp,29,147584,test_block,output_nmse,14,6,0.3771686553955078
logcosh,4096,2,mlp,29,147584,test_block,output_nmse,27,0,0.16828420758247375
logcosh,4096,2,mlp,29,147584,test_block,output_nmse,27,6,0.23790863156318665
logcosh,4096,2,mlp,47,147584,test_block,output_nmse,14,0,0.9581609964370728
logcosh,4096,2,mlp,47,147584,test_block,output_nmse,14,6,0.5740121603012085
logcosh,4096,2,mlp,47,147584,test_block,output_nmse,27,0,0.16844627261161804
logcosh,4096,2,mlp,47,147584,test_block,output_nmse,27,6,0.2391311228275299
logcosh,4096,2,mlp,11,147584,test_block,row_l1,14,0,0.34492745995521545
logcosh,4096,2,mlp,11,147584,test_block,row_l1,14,6,0.7362259030342102
logcosh,4096,2,mlp,11,147584,test_block,row_l1,27,0,0.6022310256958008
logcosh,4096,2,mlp,11,147584,test_block,row_l1,27,6,0.5783047676086426
logcosh,4096,2,mlp,29,147584,test_block,row_l1,14,0,0.2789742052555084
logcosh,4096,2,mlp,29,147584,test_block,row_l1,14,6,0.5054545402526855
logcosh,4096,2,mlp,29,147584,test_block,row_l1,27,0,0.6017497777938843
logcosh,4096,2,mlp,29,147584,test_block,row_l1,27,6,0.5781577825546265
logcosh,4096,2,mlp,47,147584,test_block,row_l1,14,0,0.481833279132843
logcosh,4096,2,mlp,47,147584,test_block,row_l1,14,6,0.7986934185028076
logcosh,4096,2,mlp,47,147584,test_block,row_l1,27,0,0.6007819175720215
logcosh,4096,2,mlp,47,147584,test_block,row_l1,27,6,0.5768747925758362
logcosh,4096,2,mlp,11,147584,test_block,raw_nmse,14,0,0.9825481662356532
logcosh,4096,2,mlp,11,147584,test_block,raw_nmse,14,6,0.9990264003438196
logcosh,4096,2,mlp,11,147584,test_block,raw_nmse,27,0,0.9756194233212357
logcosh,4096,2,mlp,11,147584,test_block,raw_nmse,27,6,0.9737839395664032
logcosh,4096,2,mlp,29,147584,test_block,raw_nmse,14,0,0.9693762596166933
logcosh,4096,2,mlp,29,147584,test_block,raw_nmse,14,6,0.9977164927740253
logcosh,4096,2,mlp,29,147584,test_block,raw_nmse,27,0,0.9766189558261328
logcosh,4096,2,mlp,29,147584,test_block,raw_nmse,27,6,0.97357321496133
logcosh,4096,2,mlp,47,147584,test_block,raw_nmse,14,0,0.9901393452818338
logcosh,4096,2,mlp,47,147584,test_block,raw_nmse,14,6,0.9991506233633666
logcosh,4096,2,mlp,47,147584,test_block,raw_nmse,27,0,0.974841625763483
logcosh,4096,2,mlp,47,147584,test_block,raw_nmse,27,6,0.9743249528752763
logcosh,512,1,mlp,11,73856,train,logcosh,14,0,1.2951763492132853
logcosh,512,1,mlp,11,73856,train,logcosh,14,6,1.2806711578059906
logcosh,512,1,mlp,11,73856,train,logcosh,27,0,0.5495378879783354
logcosh,512,1,mlp,11,73856,train,logcosh,27,6,0.5718844605786595
logcosh,512,1,mlp,29,73856,train,logcosh,14,0,1.3018415275860034
logcosh,512,1,mlp,29,73856,train,logcosh,14,6,1.2905695757448328
logcosh,512,1,mlp,29,73856,train,logcosh,27,0,0.5555219580599221
logcosh,512,1,mlp,29,73856,train,logcosh,27,6,0.5780603593196569
logcosh,512,1,mlp,47,73856,train,logcosh,14,0,1.2900716228328966
logcosh,512,1,mlp,47,73856,train,logcosh,14,6,1.2936206744399767
logcosh,512,1,mlp,47,73856,train,logcosh,27,0,0.5476759965738927
logcosh,512,1,mlp,47,73856,train,logcosh,27,6,0.5704331008300186
logcosh,512,1,mlp,11,73856,train,log_mae,14,0,1.8464981756325312
logcosh,512,1,mlp,11,73856,train,log_mae,14,6,1.831665193060777
logcosh,512,1,mlp,11,73856,train,log_mae,27,0,1.0053944783155722
logcosh,512,1,mlp,11,73856,train,log_mae,27,6,1.0326854422961884
logcosh,512,1,mlp,29,73856,train,log_mae,14,0,1.8536233998212435
logcosh,512,1,mlp,29,73856,train,log_mae,14,6,1.8424676473188322
logcosh,512,1,mlp,29,73856,train,log_mae,27,0,1.0129259783884292
logcosh,512,1,mlp,29,73856,train,log_mae,27,6,1.0405255518742436
logcosh,512,1,mlp,47,73856,train,log_mae,14,0,1.840963908293487
logcosh,512,1,mlp,47,73856,train,log_mae,14,6,1.8457435153592507
logcosh,512,1,mlp,47,73856,train,log_mae,27,0,1.002708878117095
logcosh,512,1,mlp,47,73856,train,log_mae,27,6,1.0311417432968812
logcosh,512,1,mlp,11,73856,train,factor2,14,0,0.24875259399414062
logcosh,512,1,mlp,11,73856,train,factor2,14,6,0.24973678588867188
logcosh,512,1,mlp,11,73856,train,factor2,27,0,0.4433555603027344
logcosh,512,1,mlp,11,73856,train,factor2,27,6,0.4329376220703125
logcosh,512,1,mlp,29,73856,train,factor2,14,0,0.24895858764648438
logcosh,512,1,mlp,29,73856,train,factor2,14,6,0.24824142456054688
logcosh,512,1,mlp,29,73856,train,factor2,27,0,0.4397468566894531
logcosh,512,1,mlp,29,73856,train,factor2,27,6,0.4291839599609375
logcosh,512,1,mlp,47,73856,train,factor2,14,0,0.2502250671386719
logcosh,512,1,mlp,47,73856,train,factor2,14,6,0.24726104736328125
logcosh,512,1,mlp,47,73856,train,factor2,27,0,0.4457283020019531
logcosh,512,1,mlp,47,73856,train,factor2,27,6,0.4326744079589844
logcosh,512,1,mlp,11,73856,train,factor10,14,0,0.694915771484375
logcosh,512,1,mlp,11,73856,train,factor10,14,6,0.695709228515625
logcosh,512,1,mlp,11,73856,train,factor10,27,0,0.9200897216796875
logcosh,512,1,mlp,11,73856,train,factor10,27,6,0.9141464233398438
logcosh,512,1,mlp,29,73856,train,factor10,14,0,0.6925888061523438
logcosh,512,1,mlp,29,73856,train,factor10,14,6,0.6933517456054688
logcosh,512,1,mlp,29,73856,train,factor10,27,0,0.9185447692871094
logcosh,512,1,mlp,29,73856,train,factor10,27,6,0.9119377136230469
logcosh,512,1,mlp,47,73856,train,factor10,14,0,0.6964340209960938
logcosh,512,1,mlp,47,73856,train,factor10,14,6,0.6921882629394531
logcosh,512,1,mlp,47,73856,train,factor10,27,0,0.9200553894042969
logcosh,512,1,mlp,47,73856,train,factor10,27,6,0.9142799377441406
logcosh,512,1,mlp,11,73856,train,raw_nmse,14,0,0.9991557127992419
logcosh,512,1,mlp,11,73856,train,raw_nmse,14,6,0.9998624974502691
logcosh,512,1,mlp,11,73856,train,raw_nmse,27,0,0.993825548329243
logcosh,512,1,mlp,11,73856,train,raw_nmse,27,6,0.9892474635300709
logcosh,512,1,mlp,29,73856,train,raw_nmse,14,0,0.9989934077661435
logcosh,512,1,mlp,29,73856,train,raw_nmse,14,6,0.9998609930926944
logcosh,512,1,mlp,29,73856,train,raw_nmse,27,0,0.9941835742929895
logcosh,512,1,mlp,29,73856,train,raw_nmse,27,6,0.9904168586961601
logcosh,512,1,mlp,47,73856,train,raw_nmse,14,0,0.9991045285536627
logcosh,512,1,mlp,47,73856,train,raw_nmse,14,6,0.9998702740636649
logcosh,512,1,mlp,47,73856,train,raw_nmse,27,0,0.9947292571881236
logcosh,512,1,mlp,47,73856,train,raw_nmse,27,6,0.991017704216849
logcosh,512,1,mlp,11,73856,train,normalized_idiv,14,0,8.177316842999751
logcosh,512,1,mlp,11,73856,train,normalized_idiv,14,6,7.391692662753398
logcosh,512,1,mlp,11,73856,train,normalized_idiv,27,0,2.6100457826016523
logcosh,512,1,mlp,11,73856,train,normalized_idiv,27,6,2.5026232662558665
logcosh,512,1,mlp,29,73856,train,normalized_idiv,14,0,8.12377344870763
logcosh,512,1,mlp,29,73856,train,normalized_idiv,14,6,7.383323527978394
logcosh,512,1,mlp,29,73856,train,normalized_idiv,27,0,2.627910484317726
logcosh,512,1,mlp,29,73856,train,normalized_idiv,27,6,2.5518454156881574
logcosh,512,1,mlp,47,73856,train,normalized_idiv,14,0,8.2804902718073
logcosh,512,1,mlp,47,73856,train,normalized_idiv,14,6,7.425373518992619
logcosh,512,1,mlp,47,73856,train,normalized_idiv,27,0,2.6822952163114477
logcosh,512,1,mlp,47,73856,train,normalized_idiv,27,6,2.5892789906745315
logcosh,512,1,mlp,11,73856,validation,logcosh,14,0,1.3066172557563343
logcosh,512,1,mlp,11,73856,validation,logcosh,14,6,1.2992348051266973
logcosh,512,1,mlp,11,73856,validation,logcosh,27,0,0.5570387455066658
logcosh,512,1,mlp,11,73856,validation,logcosh,27,6,0.5823010711926555
logcosh,512,1,mlp,29,73856,validation,logcosh,14,0,1.313740784083062
logcosh,512,1,mlp,29,73856,validation,logcosh,14,6,1.303747842536598
logcosh,512,1,mlp,29,73856,validation,logcosh,27,0,0.5620983547941363
logcosh,512,1,mlp,29,73856,validation,logcosh,27,6,0.5870095413394032
logcosh,512,1,mlp,47,73856,validation,logcosh,14,0,1.3027970841340206
logcosh,512,1,mlp,47,73856,validation,logcosh,14,6,1.3060997332915316
logcosh,512,1,mlp,47,73856,validation,logcosh,27,0,0.5554463699422234
logcosh,512,1,mlp,47,73856,validation,logcosh,27,6,0.5809880117066579
logcosh,512,1,mlp,11,73856,validation,log_mae,14,0,1.8603904624525285
logcosh,512,1,mlp,11,73856,validation,log_mae,14,6,1.8508057506253923
logcosh,512,1,mlp,11,73856,validation,log_mae,27,0,1.015070714167186
logcosh,512,1,mlp,11,73856,validation,log_mae,27,6,1.0454000182664962
logcosh,512,1,mlp,29,73856,validation,log_mae,14,0,1.8670688209095943
logcosh,512,1,mlp,29,73856,validation,log_mae,14,6,1.8562238656134529
logcosh,512,1,mlp,29,73856,validation,log_mae,27,0,1.0214321954382464
logcosh,512,1,mlp,29,73856,validation,log_mae,27,6,1.0518785580497743
logcosh,512,1,mlp,47,73856,validation,log_mae,14,0,1.8560991833165872
logcosh,512,1,mlp,47,73856,validation,log_mae,14,6,1.8582918782552102
logcosh,512,1,mlp,47,73856,validation,log_mae,27,0,1.0127749710543106
logcosh,512,1,mlp,47,73856,validation,log_mae,27,6,1.0450309114081784
logcosh,512,1,mlp,11,73856,validation,factor2,14,0,0.2430419921875
logcosh,512,1,mlp,11,73856,validation,factor2,14,6,0.2489013671875
logcosh,512,1,mlp,11,73856,validation,factor2,27,0,0.438262939453125
logcosh,512,1,mlp,11,73856,validation,factor2,27,6,0.4278564453125
logcosh,512,1,mlp,29,73856,validation,factor2,14,0,0.245391845703125
logcosh,512,1,mlp,29,73856,validation,factor2,14,6,0.24810791015625
logcosh,512,1,mlp,29,73856,validation,factor2,27,0,0.4349822998046875
logcosh,512,1,mlp,29,73856,validation,factor2,27,6,0.4229278564453125
logcosh,512,1,mlp,47,73856,validation,factor2,14,0,0.24578857421875
logcosh,512,1,mlp,47,73856,validation,factor2,14,6,0.2463226318359375
logcosh,512,1,mlp,47,73856,validation,factor2,27,0,0.4419403076171875
logcosh,512,1,mlp,47,73856,validation,factor2,27,6,0.4244384765625
logcosh,512,1,mlp,11,73856,validation,factor10,14,0,0.6900482177734375
logcosh,512,1,mlp,11,73856,validation,factor10,14,6,0.6916351318359375
logcosh,512,1,mlp,11,73856,validation,factor10,27,0,0.9193878173828125
logcosh,512,1,mlp,11,73856,validation,factor10,27,6,0.910980224609375
logcosh,512,1,mlp,29,73856,validation,factor10,14,0,0.6881256103515625
logcosh,512,1,mlp,29,73856,validation,factor10,14,6,0.691650390625
logcosh,512,1,mlp,29,73856,validation,factor10,27,0,0.918121337890625
logcosh,512,1,mlp,29,73856,validation,factor10,27,6,0.90966796875
logcosh,512,1,mlp,47,73856,validation,factor10,14,0,0.6925048828125
logcosh,512,1,mlp,47,73856,validation,factor10,14,6,0.6899261474609375
logcosh,512,1,mlp,47,73856,validation,factor10,27,0,0.9193115234375
logcosh,512,1,mlp,47,73856,validation,factor10,27,6,0.9114837646484375
logcosh,512,1,mlp,11,73856,validation,raw_nmse,14,0,0.9982922907702101
logcosh,512,1,mlp,11,73856,validation,raw_nmse,14,6,0.9978976677664737
logcosh,512,1,mlp,11,73856,validation,raw_nmse,27,0,0.9861498795989925
logcosh,512,1,mlp,11,73856,validation,raw_nmse,27,6,0.9941102495446745
logcosh,512,1,mlp,29,73856,validation,raw_nmse,14,0,0.9979830657916002
logcosh,512,1,mlp,29,73856,validation,raw_nmse,14,6,0.9979244754423658
logcosh,512,1,mlp,29,73856,validation,raw_nmse,27,0,0.9872038863298398
logcosh,512,1,mlp,29,73856,validation,raw_nmse,27,6,0.995065771071685
logcosh,512,1,mlp,47,73856,validation,raw_nmse,14,0,0.9982838130296036
logcosh,512,1,mlp,47,73856,validation,raw_nmse,14,6,0.9980011603407034
logcosh,512,1,mlp,47,73856,validation,raw_nmse,27,0,0.9886518528691787
logcosh,512,1,mlp,47,73856,validation,raw_nmse,27,6,0.9953887655820937
logcosh,512,1,mlp,11,73856,validation,normalized_idiv,14,0,7.659067423733909
logcosh,512,1,mlp,11,73856,validation,normalized_idiv,14,6,5.698403013897166
logcosh,512,1,mlp,11,73856,validation,normalized_idiv,27,0,2.215778497337436
logcosh,512,1,mlp,11,73856,validation,normalized_idiv,27,6,2.6696980652124473
logcosh,512,1,mlp,29,73856,validation,normalized_idiv,14,0,7.546747149520306
logcosh,512,1,mlp,29,73856,validation,normalized_idiv,14,6,5.770576934214107
logcosh,512,1,mlp,29,73856,validation,normalized_idiv,27,0,2.2359825526714876
logcosh,512,1,mlp,29,73856,validation,normalized_idiv,27,6,2.7661533554625195
logcosh,512,1,mlp,47,73856,validation,normalized_idiv,14,0,7.8281208341029815
logcosh,512,1,mlp,47,73856,validation,normalized_idiv,14,6,5.758435245324814
logcosh,512,1,mlp,47,73856,validation,normalized_idiv,27,0,2.298331437336559
logcosh,512,1,mlp,47,73856,validation,normalized_idiv,27,6,2.818200453224986
logcosh,512,1,mlp,11,73856,test,logcosh,14,0,1.3021438413892577
logcosh,512,1,mlp,11,73856,test,logcosh,14,6,1.3059201462622418
logcosh,512,1,mlp,11,73856,test,logcosh,27,0,0.5516370119498355
logcosh,512,1,mlp,11,73856,test,logcosh,27,6,0.5758637286995839
logcosh,512,1,mlp,29,73856,test,logcosh,14,0,1.3097717051455473
logcosh,512,1,mlp,29,73856,test,logcosh,14,6,1.3129087408769011
logcosh,512,1,mlp,29,73856,test,logcosh,27,0,0.5573942613536853
logcosh,512,1,mlp,29,73856,test,logcosh,27,6,0.5813900824071074
logcosh,512,1,mlp,47,73856,test,logcosh,14,0,1.3004121931560961
logcosh,512,1,mlp,47,73856,test,logcosh,14,6,1.315192547236607
logcosh,512,1,mlp,47,73856,test,logcosh,27,0,0.5494000590143688
logcosh,512,1,mlp,47,73856,test,logcosh,27,6,0.5735112819662994
logcosh,512,1,mlp,11,73856,test,log_mae,14,0,1.8551276095995632
logcosh,512,1,mlp,11,73856,test,log_mae,14,6,1.8593729505947278
logcosh,512,1,mlp,11,73856,test,log_mae,27,0,1.008508928132089
logcosh,512,1,mlp,11,73856,test,log_mae,27,6,1.038875347716956
logcosh,512,1,mlp,29,73856,test,log_mae,14,0,1.8637384468147644
logcosh,512,1,mlp,29,73856,test,log_mae,14,6,1.8668040793391567
logcosh,512,1,mlp,29,73856,test,log_mae,27,0,1.0155565924695602
logcosh,512,1,mlp,29,73856,test,log_mae,27,6,1.0456010453424813
logcosh,512,1,mlp,47,73856,test,log_mae,14,0,1.8536512790478952
logcosh,512,1,mlp,47,73856,test,log_mae,14,6,1.8690457287112379
logcosh,512,1,mlp,47,73856,test,log_mae,27,0,1.0053520018345634
logcosh,512,1,mlp,47,73856,test,log_mae,27,6,1.03577461987339
logcosh,512,1,mlp,11,73856,test,factor2,14,0,0.2452239990234375
logcosh,512,1,mlp,11,73856,test,factor2,14,6,0.24478912353515625
logcosh,512,1,mlp,11,73856,test,factor2,27,0,0.44225311279296875
logcosh,512,1,mlp,11,73856,test,factor2,27,6,0.42861175537109375
logcosh,512,1,mlp,29,73856,test,factor2,14,0,0.2434539794921875
logcosh,512,1,mlp,29,73856,test,factor2,14,6,0.2437286376953125
logcosh,512,1,mlp,29,73856,test,factor2,27,0,0.43946075439453125
logcosh,512,1,mlp,29,73856,test,factor2,27,6,0.42597198486328125
logcosh,512,1,mlp,47,73856,test,factor2,14,0,0.2452850341796875
logcosh,512,1,mlp,47,73856,test,factor2,14,6,0.24436187744140625
logcosh,512,1,mlp,47,73856,test,factor2,27,0,0.44414520263671875
logcosh,512,1,mlp,47,73856,test,factor2,27,6,0.4297637939453125
logcosh,512,1,mlp,11,73856,test,factor10,14,0,0.693359375
logcosh,512,1,mlp,11,73856,test,factor10,14,6,0.6900711059570312
logcosh,512,1,mlp,11,73856,test,factor10,27,0,0.9200820922851562
logcosh,512,1,mlp,11,73856,test,factor10,27,6,0.9129867553710938
logcosh,512,1,mlp,29,73856,test,factor10,14,0,0.690216064453125
logcosh,512,1,mlp,29,73856,test,factor10,14,6,0.6883544921875
logcosh,512,1,mlp,29,73856,test,factor10,27,0,0.9191970825195312
logcosh,512,1,mlp,29,73856,test,factor10,27,6,0.9117355346679688
logcosh,512,1,mlp,47,73856,test,factor10,14,0,0.6933135986328125
logcosh,512,1,mlp,47,73856,test,factor10,14,6,0.6873245239257812
logcosh,512,1,mlp,47,73856,test,factor10,27,0,0.9203872680664062
logcosh,512,1,mlp,47,73856,test,factor10,27,6,0.9139633178710938
logcosh,512,1,mlp,11,73856,test,raw_nmse,14,0,0.9994291259305736
logcosh,512,1,mlp,11,73856,test,raw_nmse,14,6,0.9999472010011251
logcosh,512,1,mlp,11,73856,test,raw_nmse,27,0,0.9961913257247708
logcosh,512,1,mlp,11,73856,test,raw_nmse,27,6,0.9921568066595198
logcosh,512,1,mlp,29,73856,test,raw_nmse,14,0,0.9992962326498188
logcosh,512,1,mlp,29,73856,test,raw_nmse,14,6,0.9999492525373184
logcosh,512,1,mlp,29,73856,test,raw_nmse,27,0,0.9964299125264897
logcosh,512,1,mlp,29,73856,test,raw_nmse,27,6,0.9929420471310967
logcosh,512,1,mlp,47,73856,test,raw_nmse,14,0,0.9993935219634316
logcosh,512,1,mlp,47,73856,test,raw_nmse,14,6,0.9999509237016109
logcosh,512,1,mlp,47,73856,test,raw_nmse,27,0,0.9966887396214966
logcosh,512,1,mlp,47,73856,test,raw_nmse,27,6,0.9932902199217093
logcosh,512,1,mlp,11,73856,test,normalized_idiv,14,0,8.844201628805104
logcosh,512,1,mlp,11,73856,test,normalized_idiv,14,6,8.888202320236298
logcosh,512,1,mlp,11,73856,test,normalized_idiv,27,0,2.9991409636944377
logcosh,512,1,mlp,11,73856,test,normalized_idiv,27,6,2.7360806065889527
logcosh,512,1,mlp,29,73856,test,normalized_idiv,14,0,8.758557708313072
logcosh,512,1,mlp,29,73856,test,normalized_idiv,14,6,9.196217466474701
logcosh,512,1,mlp,29,73856,test,normalized_idiv,27,0,3.0351361290037184
logcosh,512,1,mlp,29,73856,test,normalized_idiv,27,6,2.7909749320252826
logcosh,512,1,mlp,47,73856,test,normalized_idiv,14,0,8.975737158479133
logcosh,512,1,mlp,47,73856,test,normalized_idiv,14,6,9.24758447405487
logcosh,512,1,mlp,47,73856,test,normalized_idiv,27,0,3.1258190584654817
logcosh,512,1,mlp,47,73856,test,normalized_idiv,27,6,2.8438126730188866
logcosh,512,1,mlp,11,73856,test_block,attention_nmse,14,0,0.7091015577316284
logcosh,512,1,mlp,11,73856,test_block,attention_nmse,14,6,0.8390727043151855
logcosh,512,1,mlp,11,73856,test_block,attention_nmse,27,0,0.7496302127838135
logcosh,512,1,mlp,11,73856,test_block,attention_nmse,27,6,0.7186889052391052
logcosh,512,1,mlp,29,73856,test_block,attention_nmse,14,0,0.6782956123352051
logcosh,512,1,mlp,29,73856,test_block,attention_nmse,14,6,0.8423229455947876
logcosh,512,1,mlp,29,73856,test_block,attention_nmse,27,0,0.7537739872932434
logcosh,512,1,mlp,29,73856,test_block,attention_nmse,27,6,0.7234833240509033
logcosh,512,1,mlp,47,73856,test_block,attention_nmse,14,0,0.7073624134063721
logcosh,512,1,mlp,47,73856,test_block,attention_nmse,14,6,0.839545488357544
logcosh,512,1,mlp,47,73856,test_block,attention_nmse,27,0,0.7452249526977539
logcosh,512,1,mlp,47,73856,test_block,attention_nmse,27,6,0.7177611589431763
logcosh,512,1,mlp,11,73856,test_block,output_nmse,14,0,5.24847412109375
logcosh,512,1,mlp,11,73856,test_block,output_nmse,14,6,2.0205178260803223
logcosh,512,1,mlp,11,73856,test_block,output_nmse,27,0,0.2688601016998291
logcosh,512,1,mlp,11,73856,test_block,output_nmse,27,6,0.40258026123046875
logcosh,512,1,mlp,29,73856,test_block,output_nmse,14,0,5.033805847167969
logcosh,512,1,mlp,29,73856,test_block,output_nmse,14,6,2.0166127681732178
logcosh,512,1,mlp,29,73856,test_block,output_nmse,27,0,0.27311158180236816
logcosh,512,1,mlp,29,73856,test_block,output_nmse,27,6,0.40224671363830566
logcosh,512,1,mlp,47,73856,test_block,output_nmse,14,0,5.268383979797363
logcosh,512,1,mlp,47,73856,test_block,output_nmse,14,6,2.0162482261657715
logcosh,512,1,mlp,47,73856,test_block,output_nmse,27,0,0.2646591067314148
logcosh,512,1,mlp,47,73856,test_block,output_nmse,27,6,0.3963077664375305
logcosh,512,1,mlp,11,73856,test_block,row_l1,14,0,1.6235692501068115
logcosh,512,1,mlp,11,73856,test_block,row_l1,14,6,1.6055182218551636
logcosh,512,1,mlp,11,73856,test_block,row_l1,27,0,0.8873825669288635
logcosh,512,1,mlp,11,73856,test_block,row_l1,27,6,0.8626367449760437
logcosh,512,1,mlp,29,73856,test_block,row_l1,14,0,1.586000680923462
logcosh,512,1,mlp,29,73856,test_block,row_l1,14,6,1.609004020690918
logcosh,512,1,mlp,29,73856,test_block,row_l1,27,0,0.8915441036224365
logcosh,512,1,mlp,29,73856,test_block,row_l1,27,6,0.8679010272026062
logcosh,512,1,mlp,47,73856,test_block,row_l1,14,0,1.6187961101531982
logcosh,512,1,mlp,47,73856,test_block,row_l1,14,6,1.6070215702056885
logcosh,512,1,mlp,47,73856,test_block,row_l1,27,0,0.882258951663971
logcosh,512,1,mlp,47,73856,test_block,row_l1,27,6,0.8604283332824707
logcosh,512,1,mlp,11,73856,test_block,raw_nmse,14,0,0.9993311151076497
logcosh,512,1,mlp,11,73856,test_block,raw_nmse,14,6,0.9999041308276719
logcosh,512,1,mlp,11,73856,test_block,raw_nmse,27,0,0.9928298391457133
logcosh,512,1,mlp,11,73856,test_block,raw_nmse,27,6,0.9923866183959017
logcosh,512,1,mlp,29,73856,test_block,raw_nmse,14,0,0.9992123084328319
logcosh,512,1,mlp,29,73856,test_block,raw_nmse,14,6,0.9999055955230952
logcosh,512,1,mlp,29,73856,test_block,raw_nmse,27,0,0.9932368761754424
logcosh,512,1,mlp,29,73856,test_block,raw_nmse,27,6,0.9931534488621381
logcosh,512,1,mlp,47,73856,test_block,raw_nmse,14,0,0.9992938217819048
logcosh,512,1,mlp,47,73856,test_block,raw_nmse,14,6,0.9999076124411227
logcosh,512,1,mlp,47,73856,test_block,raw_nmse,27,0,0.9938968429331857
logcosh,512,1,mlp,47,73856,test_block,raw_nmse,27,6,0.9935470071447481
logcosh,64,1,mlp,11,73856,train,logcosh,14,0,1.7343102335264013
logcosh,64,1,mlp,11,73856,train,logcosh,14,6,1.6791345863763727
logcosh,64,1,mlp,11,73856,train,logcosh,27,0,0.8418067082348322
logcosh,64,1,mlp,11,73856,train,logcosh,27,6,0.8345130546425586
logcosh,64,1,mlp,29,73856,train,logcosh,14,0,1.701751910823026
logcosh,64,1,mlp,29,73856,train,logcosh,14,6,1.6380407719514223
logcosh,64,1,mlp,29,73856,train,logcosh,27,0,0.8324011938142052
logcosh,64,1,mlp,29,73856,train,logcosh,27,6,0.8223189319979953
logcosh,64,1,mlp,47,73856,train,logcosh,14,0,1.7161222074683136
logcosh,64,1,mlp,47,73856,train,logcosh,14,6,1.6560622906189792
logcosh,64,1,mlp,47,73856,train,logcosh,27,0,0.8472944957257693
logcosh,64,1,mlp,47,73856,train,logcosh,27,6,0.8255800195853211
logcosh,64,1,mlp,11,73856,train,log_mae,14,0,2.31368395411819
logcosh,64,1,mlp,11,73856,train,log_mae,14,6,2.2579500123590464
logcosh,64,1,mlp,11,73856,train,log_mae,27,0,1.3487404774712664
logcosh,64,1,mlp,11,73856,train,log_mae,27,6,1.3407979533479357
logcosh,64,1,mlp,29,73856,train,log_mae,14,0,2.2775303342347826
logcosh,64,1,mlp,29,73856,train,log_mae,14,6,2.21477352817395
logcosh,64,1,mlp,29,73856,train,log_mae,27,0,1.3386855131311455
logcosh,64,1,mlp,29,73856,train,log_mae,27,6,1.3271182371072194
logcosh,64,1,mlp,47,73856,train,log_mae,14,0,2.292599293803235
logcosh,64,1,mlp,47,73856,train,log_mae,14,6,2.2336480357387103
logcosh,64,1,mlp,47,73856,train,log_mae,27,0,1.3548999179221708
logcosh,64,1,mlp,47,73856,train,log_mae,27,6,1.3301753686910212
logcosh,64,1,mlp,11,73856,train,factor2,14,0,0.1973876953125
logcosh,64,1,mlp,11,73856,train,factor2,14,6,0.198028564453125
logcosh,64,1,mlp,11,73856,train,factor2,27,0,0.335906982421875
logcosh,64,1,mlp,11,73856,train,factor2,27,6,0.338165283203125
logcosh,64,1,mlp,29,73856,train,factor2,14,0,0.205169677734375
logcosh,64,1,mlp,29,73856,train,factor2,14,6,0.20257568359375
logcosh,64,1,mlp,29,73856,train,factor2,27,0,0.338592529296875
logcosh,64,1,mlp,29,73856,train,factor2,27,6,0.340240478515625
logcosh,64,1,mlp,47,73856,train,factor2,14,0,0.201690673828125
logcosh,64,1,mlp,47,73856,train,factor2,14,6,0.199920654296875
logcosh,64,1,mlp,47,73856,train,factor2,27,0,0.337921142578125
logcosh,64,1,mlp,47,73856,train,factor2,27,6,0.34130859375
logcosh,64,1,mlp,11,73856,train,factor10,14,0,0.5875244140625
logcosh,64,1,mlp,11,73856,train,factor10,14,6,0.591217041015625
logcosh,64,1,mlp,11,73856,train,factor10,27,0,0.827911376953125
logcosh,64,1,mlp,11,73856,train,factor10,27,6,0.8306884765625
logcosh,64,1,mlp,29,73856,train,factor10,14,0,0.59466552734375
logcosh,64,1,mlp,29,73856,train,factor10,14,6,0.6043701171875
logcosh,64,1,mlp,29,73856,train,factor10,27,0,0.830902099609375
logcosh,64,1,mlp,29,73856,train,factor10,27,6,0.83392333984375
logcosh,64,1,mlp,47,73856,train,factor10,14,0,0.591796875
logcosh,64,1,mlp,47,73856,train,factor10,14,6,0.600616455078125
logcosh,64,1,mlp,47,73856,train,factor10,27,0,0.825927734375
logcosh,64,1,mlp,47,73856,train,factor10,27,6,0.833160400390625
logcosh,64,1,mlp,11,73856,train,raw_nmse,14,0,0.9999148249820115
logcosh,64,1,mlp,11,73856,train,raw_nmse,14,6,0.9999633891582573
logcosh,64,1,mlp,11,73856,train,raw_nmse,27,0,0.998006395282236
logcosh,64,1,mlp,11,73856,train,raw_nmse,27,6,0.9945523582982728
logcosh,64,1,mlp,29,73856,train,raw_nmse,14,0,0.9998945689890737
logcosh,64,1,mlp,29,73856,train,raw_nmse,14,6,0.99995624911933
logcosh,64,1,mlp,29,73856,train,raw_nmse,27,0,0.9979271980541781
logcosh,64,1,mlp,29,73856,train,raw_nmse,27,6,0.9943526822023879
logcosh,64,1,mlp,47,73856,train,raw_nmse,14,0,0.9999195225817712
logcosh,64,1,mlp,47,73856,train,raw_nmse,14,6,0.9999513560114417
logcosh,64,1,mlp,47,73856,train,raw_nmse,27,0,0.998141119856593
logcosh,64,1,mlp,47,73856,train,raw_nmse,27,6,0.9946043459639631
logcosh,64,1,mlp,11,73856,train,normalized_idiv,14,0,10.152119041558704
logcosh,64,1,mlp,11,73856,train,normalized_idiv,14,6,9.051976959008572
logcosh,64,1,mlp,11,73856,train,normalized_idiv,27,0,3.7812835644013134
logcosh,64,1,mlp,11,73856,train,normalized_idiv,27,6,3.327728243089563
logcosh,64,1,mlp,29,73856,train,normalized_idiv,14,0,9.75842723686378
logcosh,64,1,mlp,29,73856,train,normalized_idiv,14,6,8.913699986300017
logcosh,64,1,mlp,29,73856,train,normalized_idiv,27,0,3.724500190044493
logcosh,64,1,mlp,29,73856,train,normalized_idiv,27,6,3.295427787117189
logcosh,64,1,mlp,47,73856,train,normalized_idiv,14,0,10.069340997066588
logcosh,64,1,mlp,47,73856,train,normalized_idiv,14,6,9.249783324473654
logcosh,64,1,mlp,47,73856,train,normalized_idiv,27,0,3.8000309106121404
logcosh,64,1,mlp,47,73856,train,normalized_idiv,27,6,3.3326797014777583
logcosh,64,1,mlp,11,73856,validation,logcosh,14,0,1.7375412812412092
logcosh,64,1,mlp,11,73856,validation,logcosh,14,6,1.7161619531561811
logcosh,64,1,mlp,11,73856,validation,logcosh,27,0,0.8520802267485968
logcosh,64,1,mlp,11,73856,validation,logcosh,27,6,0.8578458383642458
logcosh,64,1,mlp,29,73856,validation,logcosh,14,0,1.713045500042341
logcosh,64,1,mlp,29,73856,validation,logcosh,14,6,1.668660216683096
logcosh,64,1,mlp,29,73856,validation,logcosh,27,0,0.8490659994715786
logcosh,64,1,mlp,29,73856,validation,logcosh,27,6,0.8464309387503355
logcosh,64,1,mlp,47,73856,validation,logcosh,14,0,1.732486134030959
logcosh,64,1,mlp,47,73856,validation,logcosh,14,6,1.6917547056611548
logcosh,64,1,mlp,47,73856,validation,logcosh,27,0,0.8598331199344581
logcosh,64,1,mlp,47,73856,validation,logcosh,27,6,0.8503796939920754
logcosh,64,1,mlp,11,73856,validation,log_mae,14,0,2.317927131964211
logcosh,64,1,mlp,11,73856,validation,log_mae,14,6,2.295093807838663
logcosh,64,1,mlp,11,73856,validation,log_mae,27,0,1.3621749603379432
logcosh,64,1,mlp,11,73856,validation,log_mae,27,6,1.368684335326892
logcosh,64,1,mlp,29,73856,validation,log_mae,14,0,2.2933000273043262
logcosh,64,1,mlp,29,73856,validation,log_mae,14,6,2.2443453371081947
logcosh,64,1,mlp,29,73856,validation,log_mae,27,0,1.359181424074958
logcosh,64,1,mlp,29,73856,validation,log_mae,27,6,1.356027483518932
logcosh,64,1,mlp,47,73856,validation,log_mae,14,0,2.3108451069748526
logcosh,64,1,mlp,47,73856,validation,log_mae,14,6,2.269463269537761
logcosh,64,1,mlp,47,73856,validation,log_mae,27,0,1.3712762539793828
logcosh,64,1,mlp,47,73856,validation,log_mae,27,6,1.3601848449542682
logcosh,64,1,mlp,11,73856,validation,factor2,14,0,0.19464111328125
logcosh,64,1,mlp,11,73856,validation,factor2,14,6,0.1982269287109375
logcosh,64,1,mlp,11,73856,validation,factor2,27,0,0.3281707763671875
logcosh,64,1,mlp,11,73856,validation,factor2,27,6,0.3278350830078125
logcosh,64,1,mlp,29,73856,validation,factor2,14,0,0.1952362060546875
logcosh,64,1,mlp,29,73856,validation,factor2,14,6,0.2040557861328125
logcosh,64,1,mlp,29,73856,validation,factor2,27,0,0.3293304443359375
logcosh,64,1,mlp,29,73856,validation,factor2,27,6,0.3317413330078125
logcosh,64,1,mlp,47,73856,validation,factor2,14,0,0.1980133056640625
logcosh,64,1,mlp,47,73856,validation,factor2,14,6,0.1999969482421875
logcosh,64,1,mlp,47,73856,validation,factor2,27,0,0.3272552490234375
logcosh,64,1,mlp,47,73856,validation,factor2,27,6,0.330810546875
logcosh,64,1,mlp,11,73856,validation,factor10,14,0,0.5842742919921875
logcosh,64,1,mlp,11,73856,validation,factor10,14,6,0.5863037109375
logcosh,64,1,mlp,11,73856,validation,factor10,27,0,0.823272705078125
logcosh,64,1,mlp,11,73856,validation,factor10,27,6,0.8210296630859375
logcosh,64,1,mlp,29,73856,validation,factor10,14,0,0.58941650390625
logcosh,64,1,mlp,29,73856,validation,factor10,14,6,0.599151611328125
logcosh,64,1,mlp,29,73856,validation,factor10,27,0,0.824310302734375
logcosh,64,1,mlp,29,73856,validation,factor10,27,6,0.8258819580078125
logcosh,64,1,mlp,47,73856,validation,factor10,14,0,0.585113525390625
logcosh,64,1,mlp,47,73856,validation,factor10,14,6,0.5936431884765625
logcosh,64,1,mlp,47,73856,validation,factor10,27,0,0.8214569091796875
logcosh,64,1,mlp,47,73856,validation,factor10,27,6,0.8242034912109375
logcosh,64,1,mlp,11,73856,validation,raw_nmse,14,0,0.9998398376284007
logcosh,64,1,mlp,11,73856,validation,raw_nmse,14,6,0.9998128132427679
logcosh,64,1,mlp,11,73856,validation,raw_nmse,27,0,0.9963802143302207
logcosh,64,1,mlp,11,73856,validation,raw_nmse,27,6,0.9989109226786274
logcosh,64,1,mlp,29,73856,validation,raw_nmse,14,0,0.9998571746676389
logcosh,64,1,mlp,29,73856,validation,raw_nmse,14,6,0.9997726147335042
logcosh,64,1,mlp,29,73856,validation,raw_nmse,27,0,0.9965718845879615
logcosh,64,1,mlp,29,73856,validation,raw_nmse,27,6,0.9989304826128975
logcosh,64,1,mlp,47,73856,validation,raw_nmse,14,0,0.9998759776495091
logcosh,64,1,mlp,47,73856,validation,raw_nmse,14,6,0.9997468166588006
logcosh,64,1,mlp,47,73856,validation,raw_nmse,27,0,0.9968603604572065
logcosh,64,1,mlp,47,73856,validation,raw_nmse,27,6,0.998969699966322
logcosh,64,1,mlp,11,73856,validation,normalized_idiv,14,0,9.393894215521712
logcosh,64,1,mlp,11,73856,validation,normalized_idiv,14,6,7.490199496410269
logcosh,64,1,mlp,11,73856,validation,normalized_idiv,27,0,3.2308113720378646
logcosh,64,1,mlp,11,73856,validation,normalized_idiv,27,6,3.9380881660941998
logcosh,64,1,mlp,29,73856,validation,normalized_idiv,14,0,9.428551474513418
logcosh,64,1,mlp,29,73856,validation,normalized_idiv,14,6,7.35498345444759
logcosh,64,1,mlp,29,73856,validation,normalized_idiv,27,0,3.2348070182209465
logcosh,64,1,mlp,29,73856,validation,normalized_idiv,27,6,3.9830948876409016
logcosh,64,1,mlp,47,73856,validation,normalized_idiv,14,0,9.487167490758264
logcosh,64,1,mlp,47,73856,validation,normalized_idiv,14,6,7.291917436084203
logcosh,64,1,mlp,47,73856,validation,normalized_idiv,27,0,3.283187975838829
logcosh,64,1,mlp,47,73856,validation,normalized_idiv,27,6,4.016744295428275
logcosh,64,1,mlp,11,73856,test,logcosh,14,0,1.7429757906140093
logcosh,64,1,mlp,11,73856,test,logcosh,14,6,1.706973197674873
logcosh,64,1,mlp,11,73856,test,logcosh,27,0,0.8574041813483131
logcosh,64,1,mlp,11,73856,test,logcosh,27,6,0.8489834037244491
logcosh,64,1,mlp,29,73856,test,logcosh,14,0,1.7129669518344084
logcosh,64,1,mlp,29,73856,test,logcosh,14,6,1.6744715015938774
logcosh,64,1,mlp,29,73856,test,logcosh,27,0,0.8489721758203874
logcosh,64,1,mlp,29,73856,test,logcosh,27,6,0.8392332361126866
logcosh,64,1,mlp,47,73856,test,logcosh,14,0,1.728589866369778
logcosh,64,1,mlp,47,73856,test,logcosh,14,6,1.686004686611966
logcosh,64,1,mlp,47,73856,test,logcosh,27,0,0.860006373103374
logcosh,64,1,mlp,47,73856,test,logcosh,27,6,0.8416844853477294
logcosh,64,1,mlp,11,73856,test,log_mae,14,0,2.3235348638727515
logcosh,64,1,mlp,11,73856,test,log_mae,14,6,2.2865798366556858
logcosh,64,1,mlp,11,73856,test,log_mae,27,0,1.3670169369399034
logcosh,64,1,mlp,11,73856,test,log_mae,27,6,1.3591613590931906
logcosh,64,1,mlp,29,73856,test,log_mae,14,0,2.2919368131724838
logcosh,64,1,mlp,29,73856,test,log_mae,14,6,2.2523795147690846
logcosh,64,1,mlp,29,73856,test,log_mae,27,0,1.357695178279776
logcosh,64,1,mlp,29,73856,test,log_mae,27,6,1.348449351997219
logcosh,64,1,mlp,47,73856,test,log_mae,14,0,2.3083750997693784
logcosh,64,1,mlp,47,73856,test,log_mae,14,6,2.2641006197982945
logcosh,64,1,mlp,47,73856,test,log_mae,27,0,1.3702509385675183
logcosh,64,1,mlp,47,73856,test,log_mae,27,6,1.35072613520324
logcosh,64,1,mlp,11,73856,test,factor2,14,0,0.194549560546875
logcosh,64,1,mlp,11,73856,test,factor2,14,6,0.19644927978515625
logcosh,64,1,mlp,11,73856,test,factor2,27,0,0.3302154541015625
logcosh,64,1,mlp,11,73856,test,factor2,27,6,0.328765869140625
logcosh,64,1,mlp,29,73856,test,factor2,14,0,0.196563720703125
logcosh,64,1,mlp,29,73856,test,factor2,14,6,0.19829559326171875
logcosh,64,1,mlp,29,73856,test,factor2,27,0,0.3326873779296875
logcosh,64,1,mlp,29,73856,test,factor2,27,6,0.33158111572265625
logcosh,64,1,mlp,47,73856,test,factor2,14,0,0.19602203369140625
logcosh,64,1,mlp,47,73856,test,factor2,14,6,0.198486328125
logcosh,64,1,mlp,47,73856,test,factor2,27,0,0.32861328125
logcosh,64,1,mlp,47,73856,test,factor2,27,6,0.33184051513671875
logcosh,64,1,mlp,11,73856,test,factor10,14,0,0.5826950073242188
logcosh,64,1,mlp,11,73856,test,factor10,14,6,0.5870742797851562
logcosh,64,1,mlp,11,73856,test,factor10,27,0,0.8221588134765625
logcosh,64,1,mlp,11,73856,test,factor10,27,6,0.8259735107421875
logcosh,64,1,mlp,29,73856,test,factor10,14,0,0.5925216674804688
logcosh,64,1,mlp,29,73856,test,factor10,14,6,0.5952987670898438
logcosh,64,1,mlp,29,73856,test,factor10,27,0,0.8243179321289062
logcosh,64,1,mlp,29,73856,test,factor10,27,6,0.8288803100585938
logcosh,64,1,mlp,47,73856,test,factor10,14,0,0.587646484375
logcosh,64,1,mlp,47,73856,test,factor10,14,6,0.5924835205078125
logcosh,64,1,mlp,47,73856,test,factor10,27,0,0.82122802734375
logcosh,64,1,mlp,47,73856,test,factor10,27,6,0.8275833129882812
logcosh,64,1,mlp,11,73856,test,raw_nmse,14,0,0.9999450145417301
logcosh,64,1,mlp,11,73856,test,raw_nmse,14,6,0.9999941433121716
logcosh,64,1,mlp,11,73856,test,raw_nmse,27,0,0.9989564040275456
logcosh,64,1,mlp,11,73856,test,raw_nmse,27,6,0.9982711893785479
logcosh,64,1,mlp,29,73856,test,raw_nmse,14,0,0.9999449660443633
logcosh,64,1,mlp,29,73856,test,raw_nmse,14,6,0.9999943828462037
logcosh,64,1,mlp,29,73856,test,raw_nmse,27,0,0.9989529527421931
logcosh,64,1,mlp,29,73856,test,raw_nmse,27,6,0.9982303482175904
logcosh,64,1,mlp,47,73856,test,raw_nmse,14,0,0.9999508779375677
logcosh,64,1,mlp,47,73856,test,raw_nmse,14,6,0.9999933624332502
logcosh,64,1,mlp,47,73856,test,raw_nmse,27,0,0.9990162998562284
logcosh,64,1,mlp,47,73856,test,raw_nmse,27,6,0.998312730418142
logcosh,64,1,mlp,11,73856,test,normalized_idiv,14,0,10.35674896807552
logcosh,64,1,mlp,11,73856,test,normalized_idiv,14,6,9.73872030109536
logcosh,64,1,mlp,11,73856,test,normalized_idiv,27,0,4.339811799140057
logcosh,64,1,mlp,11,73856,test,normalized_idiv,27,6,3.9170125606110404
logcosh,64,1,mlp,29,73856,test,normalized_idiv,14,0,10.237147037419735
logcosh,64,1,mlp,29,73856,test,normalized_idiv,14,6,10.114565546071534
logcosh,64,1,mlp,29,73856,test,normalized_idiv,27,0,4.240931330204897
logcosh,64,1,mlp,29,73856,test,normalized_idiv,27,6,3.8573839161162584
logcosh,64,1,mlp,47,73856,test,normalized_idiv,14,0,10.291934553796743
logcosh,64,1,mlp,47,73856,test,normalized_idiv,14,6,9.954487917755504
logcosh,64,1,mlp,47,73856,test,normalized_idiv,27,0,4.266764568774264
logcosh,64,1,mlp,47,73856,test,normalized_idiv,27,6,3.908970135814276
logcosh,64,1,mlp,11,73856,test_block,attention_nmse,14,0,0.9330013990402222
logcosh,64,1,mlp,11,73856,test_block,attention_nmse,14,6,0.9837566018104553
logcosh,64,1,mlp,11,73856,test_block,attention_nmse,27,0,0.8626687526702881
logcosh,64,1,mlp,11,73856,test_block,attention_nmse,27,6,0.8084700107574463
logcosh,64,1,mlp,29,73856,test_block,attention_nmse,14,0,0.9418449401855469
logcosh,64,1,mlp,29,73856,test_block,attention_nmse,14,6,0.9775230884552002
logcosh,64,1,mlp,29,73856,test_block,attention_nmse,27,0,0.855208158493042
logcosh,64,1,mlp,29,73856,test_block,attention_nmse,27,6,0.7996577024459839
logcosh,64,1,mlp,47,73856,test_block,attention_nmse,14,0,0.9547415971755981
logcosh,64,1,mlp,47,73856,test_block,attention_nmse,14,6,0.9716254472732544
logcosh,64,1,mlp,47,73856,test_block,attention_nmse,27,0,0.8554677367210388
logcosh,64,1,mlp,47,73856,test_block,attention_nmse,27,6,0.8002865314483643
logcosh,64,1,mlp,11,73856,test_block,output_nmse,14,0,6.839917182922363
logcosh,64,1,mlp,11,73856,test_block,output_nmse,14,6,2.2465410232543945
logcosh,64,1,mlp,11,73856,test_block,output_nmse,27,0,0.33836716413497925
logcosh,64,1,mlp,11,73856,test_block,output_nmse,27,6,0.4729776680469513
logcosh,64,1,mlp,29,73856,test_block,output_nmse,14,0,6.870291709899902
logcosh,64,1,mlp,29,73856,test_block,output_nmse,14,6,2.2535459995269775
logcosh,64,1,mlp,29,73856,test_block,output_nmse,27,0,0.3335891366004944
logcosh,64,1,mlp,29,73856,test_block,output_nmse,27,6,0.4660199284553528
logcosh,64,1,mlp,47,73856,test_block,output_nmse,14,0,7.022124290466309
logcosh,64,1,mlp,47,73856,test_block,output_nmse,14,6,2.2593164443969727
logcosh,64,1,mlp,47,73856,test_block,output_nmse,27,0,0.331850528717041
logcosh,64,1,mlp,47,73856,test_block,output_nmse,27,6,0.4662666320800781
logcosh,64,1,mlp,11,73856,test_block,row_l1,14,0,1.8770480155944824
logcosh,64,1,mlp,11,73856,test_block,row_l1,14,6,1.7559552192687988
logcosh,64,1,mlp,11,73856,test_block,row_l1,27,0,1.058683156967163
logcosh,64,1,mlp,11,73856,test_block,row_l1,27,6,0.9939941167831421
logcosh,64,1,mlp,29,73856,test_block,row_l1,14,0,1.883507251739502
logcosh,64,1,mlp,29,73856,test_block,row_l1,14,6,1.751095175743103
logcosh,64,1,mlp,29,73856,test_block,row_l1,27,0,1.0487043857574463
logcosh,64,1,mlp,29,73856,test_block,row_l1,27,6,0.9830372333526611
logcosh,64,1,mlp,47,73856,test_block,row_l1,14,0,1.8988069295883179
logcosh,64,1,mlp,47,73856,test_block,row_l1,14,6,1.744896650314331
logcosh,64,1,mlp,47,73856,test_block,row_l1,27,0,1.0511820316314697
logcosh,64,1,mlp,47,73856,test_block,row_l1,27,6,0.984902560710907
logcosh,64,1,mlp,11,73856,test_block,raw_nmse,14,0,0.9999375066353092
logcosh,64,1,mlp,11,73856,test_block,raw_nmse,14,6,0.9999909638912333
logcosh,64,1,mlp,11,73856,test_block,raw_nmse,27,0,0.9981091851487551
logcosh,64,1,mlp,11,73856,test_block,raw_nmse,27,6,0.9983308938281316
logcosh,64,1,mlp,29,73856,test_block,raw_nmse,14,0,0.999940045450192
logcosh,64,1,mlp,29,73856,test_block,raw_nmse,14,6,0.9999901038678918
logcosh,64,1,mlp,29,73856,test_block,raw_nmse,27,0,0.9981055970622216
logcosh,64,1,mlp,29,73856,test_block,raw_nmse,27,6,0.9983057706692232
logcosh,64,1,mlp,47,73856,test_block,raw_nmse,14,0,0.9999456048991651
logcosh,64,1,mlp,47,73856,test_block,raw_nmse,14,6,0.9999888617968308
logcosh,64,1,mlp,47,73856,test_block,raw_nmse,27,0,0.9982232370744565
logcosh,64,1,mlp,47,73856,test_block,raw_nmse,27,6,0.9983903760348247
logcosh,4096,1,mulkan,11,73856,train,logcosh,14,0,1.1262976700815948
logcosh,4096,1,mulkan,11,73856,train,logcosh,14,6,1.1164682648122102
logcosh,4096,1,mulkan,11,73856,train,logcosh,27,0,0.3866027720766624
logcosh,4096,1,mulkan,11,73856,train,logcosh,27,6,0.41049998508349816
logcosh,4096,1,mulkan,29,73856,train,logcosh,14,0,1.2014807971371972
logcosh,4096,1,mulkan,29,73856,train,logcosh,14,6,1.1401206612923296
logcosh,4096,1,mulkan,29,73856,train,logcosh,27,0,0.38268384862408844
logcosh,4096,1,mulkan,29,73856,train,logcosh,27,6,0.42374067028722673
logcosh,4096,1,mulkan,47,73856,train,logcosh,14,0,1.2136392863876497
logcosh,4096,1,mulkan,47,73856,train,logcosh,14,6,1.1366065167435169
logcosh,4096,1,mulkan,47,73856,train,logcosh,27,0,0.37397152061117966
logcosh,4096,1,mulkan,47,73856,train,logcosh,27,6,0.3944575691176118
logcosh,4096,1,mulkan,11,73856,train,log_mae,14,0,1.6648883148281373
logcosh,4096,1,mulkan,11,73856,train,log_mae,14,6,1.6528463483060611
logcosh,4096,1,mulkan,11,73856,train,log_mae,27,0,0.799133055005895
logcosh,4096,1,mulkan,11,73856,train,log_mae,27,6,0.8306067610376952
logcosh,4096,1,mulkan,29,73856,train,log_mae,14,0,1.7458533263110114
logcosh,4096,1,mulkan,29,73856,train,log_mae,14,6,1.6790041138551248
logcosh,4096,1,mulkan,29,73856,train,log_mae,27,0,0.7940744153868252
logcosh,4096,1,mulkan,29,73856,train,log_mae,27,6,0.8475904333519181
logcosh,4096,1,mulkan,47,73856,train,log_mae,14,0,1.7595215690522013
logcosh,4096,1,mulkan,47,73856,train,log_mae,14,6,1.6751227624368936
logcosh,4096,1,mulkan,47,73856,train,log_mae,27,0,0.782744489998856
logcosh,4096,1,mulkan,47,73856,train,log_mae,27,6,0.8096319014384266
logcosh,4096,1,mulkan,11,73856,train,factor2,14,0,0.27363061904907227
logcosh,4096,1,mulkan,11,73856,train,factor2,14,6,0.27805328369140625
logcosh,4096,1,mulkan,11,73856,train,factor2,27,0,0.5399188995361328
logcosh,4096,1,mulkan,11,73856,train,factor2,27,6,0.5231842994689941
logcosh,4096,1,mulkan,29,73856,train,factor2,14,0,0.26250362396240234
logcosh,4096,1,mulkan,29,73856,train,factor2,14,6,0.27289867401123047
logcosh,4096,1,mulkan,29,73856,train,factor2,27,0,0.5429706573486328
logcosh,4096,1,mulkan,29,73856,train,factor2,27,6,0.5146870613098145
logcosh,4096,1,mulkan,47,73856,train,factor2,14,0,0.25929975509643555
logcosh,4096,1,mulkan,47,73856,train,factor2,14,6,0.27353334426879883
logcosh,4096,1,mulkan,47,73856,train,factor2,27,0,0.5487241744995117
logcosh,4096,1,mulkan,47,73856,train,factor2,27,6,0.5341801643371582
logcosh,4096,1,mulkan,11,73856,train,factor10,14,0,0.7399873733520508
logcosh,4096,1,mulkan,11,73856,train,factor10,14,6,0.7433028221130371
logcosh,4096,1,mulkan,11,73856,train,factor10,27,0,0.9630241394042969
logcosh,4096,1,mulkan,11,73856,train,factor10,27,6,0.9576005935668945
logcosh,4096,1,mulkan,29,73856,train,factor10,14,0,0.7192940711975098
logcosh,4096,1,mulkan,29,73856,train,factor10,14,6,0.7364535331726074
logcosh,4096,1,mulkan,29,73856,train,factor10,27,0,0.9640903472900391
logcosh,4096,1,mulkan,29,73856,train,factor10,27,6,0.954340934753418
logcosh,4096,1,mulkan,47,73856,train,factor10,14,0,0.7164292335510254
logcosh,4096,1,mulkan,47,73856,train,factor10,14,6,0.7370080947875977
logcosh,4096,1,mulkan,47,73856,train,factor10,27,0,0.9661221504211426
logcosh,4096,1,mulkan,47,73856,train,factor10,27,6,0.961341381072998
logcosh,4096,1,mulkan,11,73856,train,raw_nmse,14,0,0.7755035798594525
logcosh,4096,1,mulkan,11,73856,train,raw_nmse,14,6,0.9898618036865781
logcosh,4096,1,mulkan,11,73856,train,raw_nmse,27,0,0.9768037412028804
logcosh,4096,1,mulkan,11,73856,train,raw_nmse,27,6,0.9771329491336243
logcosh,4096,1,mulkan,29,73856,train,raw_nmse,14,0,0.7546431207778306
logcosh,4096,1,mulkan,29,73856,train,raw_nmse,14,6,0.9887065235361224
logcosh,4096,1,mulkan,29,73856,train,raw_nmse,27,0,0.9739623294161337
logcosh,4096,1,mulkan,29,73856,train,raw_nmse,27,6,0.9720610880413609
logcosh,4096,1,mulkan,47,73856,train,raw_nmse,14,0,0.9421254100810982
logcosh,4096,1,mulkan,47,73856,train,raw_nmse,14,6,0.9888719643198535
logcosh,4096,1,mulkan,47,73856,train,raw_nmse,27,0,0.9785424244214563
logcosh,4096,1,mulkan,47,73856,train,raw_nmse,27,6,0.9628503587396946
logcosh,4096,1,mulkan,11,73856,train,normalized_idiv,14,0,3.2289174437784944
logcosh,4096,1,mulkan,11,73856,train,normalized_idiv,14,6,4.646208283555551
logcosh,4096,1,mulkan,11,73856,train,normalized_idiv,27,0,1.4891558988920535
logcosh,4096,1,mulkan,11,73856,train,normalized_idiv,27,6,1.476430298302323
logcosh,4096,1,mulkan,29,73856,train,normalized_idiv,14,0,3.448429380439456
logcosh,4096,1,mulkan,29,73856,train,normalized_idiv,14,6,4.745163060159397
logcosh,4096,1,mulkan,29,73856,train,normalized_idiv,27,0,1.4249905711359927
logcosh,4096,1,mulkan,29,73856,train,normalized_idiv,27,6,1.5187627450663548
logcosh,4096,1,mulkan,47,73856,train,normalized_idiv,14,0,4.380059490793717
logcosh,4096,1,mulkan,47,73856,train,normalized_idiv,14,6,4.687453954518273
logcosh,4096,1,mulkan,47,73856,train,normalized_idiv,27,0,1.482025545772819
logcosh,4096,1,mulkan,47,73856,train,normalized_idiv,27,6,1.3840319967531487
logcosh,4096,1,mulkan,11,73856,validation,logcosh,14,0,1.1309678169982753
logcosh,4096,1,mulkan,11,73856,validation,logcosh,14,6,1.1055853703451386
logcosh,4096,1,mulkan,11,73856,validation,logcosh,27,0,0.39308292359532293
logcosh,4096,1,mulkan,11,73856,validation,logcosh,27,6,0.4167623378239752
logcosh,4096,1,mulkan,29,73856,validation,logcosh,14,0,1.2044933805410833
logcosh,4096,1,mulkan,29,73856,validation,logcosh,14,6,1.128527108802591
logcosh,4096,1,mulkan,29,73856,validation,logcosh,27,0,0.38954223516010256
logcosh,4096,1,mulkan,29,73856,validation,logcosh,27,6,0.4323995627527799
logcosh,4096,1,mulkan,47,73856,validation,logcosh,14,0,1.2153983339919525
logcosh,4096,1,mulkan,47,73856,validation,logcosh,14,6,1.1261035575355463
logcosh,4096,1,mulkan,47,73856,validation,logcosh,27,0,0.3790680981221768
logcosh,4096,1,mulkan,47,73856,validation,logcosh,27,6,0.39859099080791166
logcosh,4096,1,mulkan,11,73856,validation,log_mae,14,0,1.6702319931174543
logcosh,4096,1,mulkan,11,73856,validation,log_mae,14,6,1.640537385789509
logcosh,4096,1,mulkan,11,73856,validation,log_mae,27,0,0.8076189009956167
logcosh,4096,1,mulkan,11,73856,validation,log_mae,27,6,0.8390343779872755
logcosh,4096,1,mulkan,29,73856,validation,log_mae,14,0,1.7491023594240005
logcosh,4096,1,mulkan,29,73856,validation,log_mae,14,6,1.6660946483551076
logcosh,4096,1,mulkan,29,73856,validation,log_mae,27,0,0.8033978214408595
logcosh,4096,1,mulkan,29,73856,validation,log_mae,27,6,0.8590620581060056
logcosh,4096,1,mulkan,47,73856,validation,log_mae,14,0,1.7617085050588912
logcosh,4096,1,mulkan,47,73856,validation,log_mae,14,6,1.663972319307783
logcosh,4096,1,mulkan,47,73856,validation,log_mae,27,0,0.7897705655573475
logcosh,4096,1,mulkan,47,73856,validation,log_mae,27,6,0.815317935270905
logcosh,4096,1,mulkan,11,73856,validation,factor2,14,0,0.27154541015625
logcosh,4096,1,mulkan,11,73856,validation,factor2,14,6,0.28131103515625
logcosh,4096,1,mulkan,11,73856,validation,factor2,27,0,0.5362548828125
logcosh,4096,1,mulkan,11,73856,validation,factor2,27,6,0.5182647705078125
logcosh,4096,1,mulkan,29,73856,validation,factor2,14,0,0.262908935546875
logcosh,4096,1,mulkan,29,73856,validation,factor2,14,6,0.2759857177734375
logcosh,4096,1,mulkan,29,73856,validation,factor2,27,0,0.5365142822265625
logcosh,4096,1,mulkan,29,73856,validation,factor2,27,6,0.50897216796875
logcosh,4096,1,mulkan,47,73856,validation,factor2,14,0,0.2585601806640625
logcosh,4096,1,mulkan,47,73856,validation,factor2,14,6,0.2754669189453125
logcosh,4096,1,mulkan,47,73856,validation,factor2,27,0,0.54302978515625
logcosh,4096,1,mulkan,47,73856,validation,factor2,27,6,0.532012939453125
logcosh,4096,1,mulkan,11,73856,validation,factor10,14,0,0.7386627197265625
logcosh,4096,1,mulkan,11,73856,validation,factor10,14,6,0.7458038330078125
logcosh,4096,1,mulkan,11,73856,validation,factor10,27,0,0.961944580078125
logcosh,4096,1,mulkan,11,73856,validation,factor10,27,6,0.95721435546875
logcosh,4096,1,mulkan,29,73856,validation,factor10,14,0,0.7175750732421875
logcosh,4096,1,mulkan,29,73856,validation,factor10,14,6,0.7395782470703125
logcosh,4096,1,mulkan,29,73856,validation,factor10,27,0,0.96160888671875
logcosh,4096,1,mulkan,29,73856,validation,factor10,27,6,0.951995849609375
logcosh,4096,1,mulkan,47,73856,validation,factor10,14,0,0.7166748046875
logcosh,4096,1,mulkan,47,73856,validation,factor10,14,6,0.740692138671875
logcosh,4096,1,mulkan,47,73856,validation,factor10,27,0,0.9652862548828125
logcosh,4096,1,mulkan,47,73856,validation,factor10,27,6,0.960479736328125
logcosh,4096,1,mulkan,11,73856,validation,raw_nmse,14,0,0.42182839630631447
logcosh,4096,1,mulkan,11,73856,validation,raw_nmse,14,6,0.8354043889528329
logcosh,4096,1,mulkan,11,73856,validation,raw_nmse,27,0,0.9222457482046643
logcosh,4096,1,mulkan,11,73856,validation,raw_nmse,27,6,0.9665307591695661
logcosh,4096,1,mulkan,29,73856,validation,raw_nmse,14,0,0.4225125368820427
logcosh,4096,1,mulkan,29,73856,validation,raw_nmse,14,6,0.8101805408616785
logcosh,4096,1,mulkan,29,73856,validation,raw_nmse,27,0,0.9108379563198923
logcosh,4096,1,mulkan,29,73856,validation,raw_nmse,27,6,0.9620000959910862
logcosh,4096,1,mulkan,47,73856,validation,raw_nmse,14,0,0.8625429475034876
logcosh,4096,1,mulkan,47,73856,validation,raw_nmse,14,6,0.8148625158412206
logcosh,4096,1,mulkan,47,73856,validation,raw_nmse,27,0,0.9326228570050982
logcosh,4096,1,mulkan,47,73856,validation,raw_nmse,27,6,0.9338611034646916
logcosh,4096,1,mulkan,11,73856,validation,normalized_idiv,14,0,1.9428310689518844
logcosh,4096,1,mulkan,11,73856,validation,normalized_idiv,14,6,2.8971256671593553
logcosh,4096,1,mulkan,11,73856,validation,normalized_idiv,27,0,1.1628056208405246
logcosh,4096,1,mulkan,11,73856,validation,normalized_idiv,27,6,1.5551749516794116
logcosh,4096,1,mulkan,29,73856,validation,normalized_idiv,14,0,2.111519690240225
logcosh,4096,1,mulkan,29,73856,validation,normalized_idiv,14,6,2.9965655074030724
logcosh,4096,1,mulkan,29,73856,validation,normalized_idiv,27,0,1.1209730886545557
logcosh,4096,1,mulkan,29,73856,validation,normalized_idiv,27,6,1.5586076483457314
logcosh,4096,1,mulkan,47,73856,validation,normalized_idiv,14,0,3.0805578874544604
logcosh,4096,1,mulkan,47,73856,validation,normalized_idiv,14,6,2.950922971824916
logcosh,4096,1,mulkan,47,73856,validation,normalized_idiv,27,0,1.193420214895242
logcosh,4096,1,mulkan,47,73856,validation,normalized_idiv,27,6,1.3424689927815872
logcosh,4096,1,mulkan,11,73856,test,logcosh,14,0,1.1307693630781717
logcosh,4096,1,mulkan,11,73856,test,logcosh,14,6,1.122069219316276
logcosh,4096,1,mulkan,11,73856,test,logcosh,27,0,0.3899785028232064
logcosh,4096,1,mulkan,11,73856,test,logcosh,27,6,0.4148555481269838
logcosh,4096,1,mulkan,29,73856,test,logcosh,14,0,1.2049765682640456
logcosh,4096,1,mulkan,29,73856,test,logcosh,14,6,1.145346345046145
logcosh,4096,1,mulkan,29,73856,test,logcosh,27,0,0.3870891496195008
logcosh,4096,1,mulkan,29,73856,test,logcosh,27,6,0.4274884697897931
logcosh,4096,1,mulkan,47,73856,test,logcosh,14,0,1.2156140640266573
logcosh,4096,1,mulkan,47,73856,test,logcosh,14,6,1.1395205595248004
logcosh,4096,1,mulkan,47,73856,test,logcosh,27,0,0.3779209180759034
logcosh,4096,1,mulkan,47,73856,test,logcosh,27,6,0.3976545247680344
logcosh,4096,1,mulkan,11,73856,test,log_mae,14,0,1.6701308724509687
logcosh,4096,1,mulkan,11,73856,test,log_mae,14,6,1.6592138658352935
logcosh,4096,1,mulkan,11,73856,test,log_mae,27,0,0.8038321032149068
logcosh,4096,1,mulkan,11,73856,test,log_mae,27,6,0.8367435371326423
logcosh,4096,1,mulkan,29,73856,test,log_mae,14,0,1.75022356313913
logcosh,4096,1,mulkan,29,73856,test,log_mae,14,6,1.6844159026937389
logcosh,4096,1,mulkan,29,73856,test,log_mae,27,0,0.7994422453961639
logcosh,4096,1,mulkan,29,73856,test,log_mae,27,6,0.8527462697674154
logcosh,4096,1,mulkan,47,73856,test,log_mae,14,0,1.7619452355454683
logcosh,4096,1,mulkan,47,73856,test,log_mae,14,6,1.6786343083662798
logcosh,4096,1,mulkan,47,73856,test,log_mae,27,0,0.7880739554950745
logcosh,4096,1,mulkan,47,73856,test,log_mae,27,6,0.8141197495806584
logcosh,4096,1,mulkan,11,73856,test,factor2,14,0,0.27239227294921875
logcosh,4096,1,mulkan,11,73856,test,factor2,14,6,0.276397705078125
logcosh,4096,1,mulkan,11,73856,test,factor2,27,0,0.538726806640625
logcosh,4096,1,mulkan,11,73856,test,factor2,27,6,0.5185165405273438
logcosh,4096,1,mulkan,29,73856,test,factor2,14,0,0.261383056640625
logcosh,4096,1,mulkan,29,73856,test,factor2,14,6,0.27281951904296875
logcosh,4096,1,mulkan,29,73856,test,factor2,27,0,0.5405197143554688
logcosh,4096,1,mulkan,29,73856,test,factor2,27,6,0.5105133056640625
logcosh,4096,1,mulkan,47,73856,test,factor2,14,0,0.2572174072265625
logcosh,4096,1,mulkan,47,73856,test,factor2,14,6,0.27333831787109375
logcosh,4096,1,mulkan,47,73856,test,factor2,27,0,0.5462570190429688
logcosh,4096,1,mulkan,47,73856,test,factor2,27,6,0.5311203002929688
logcosh,4096,1,mulkan,11,73856,test,factor10,14,0,0.7391586303710938
logcosh,4096,1,mulkan,11,73856,test,factor10,14,6,0.7422561645507812
logcosh,4096,1,mulkan,11,73856,test,factor10,27,0,0.962188720703125
logcosh,4096,1,mulkan,11,73856,test,factor10,27,6,0.9573440551757812
logcosh,4096,1,mulkan,29,73856,test,factor10,14,0,0.7185745239257812
logcosh,4096,1,mulkan,29,73856,test,factor10,14,6,0.7349853515625
logcosh,4096,1,mulkan,29,73856,test,factor10,27,0,0.9630661010742188
logcosh,4096,1,mulkan,29,73856,test,factor10,27,6,0.953887939453125
logcosh,4096,1,mulkan,47,73856,test,factor10,14,0,0.7165985107421875
logcosh,4096,1,mulkan,47,73856,test,factor10,14,6,0.736328125
logcosh,4096,1,mulkan,47,73856,test,factor10,27,0,0.9657669067382812
logcosh,4096,1,mulkan,47,73856,test,factor10,27,6,0.9606857299804688
logcosh,4096,1,mulkan,11,73856,test,raw_nmse,14,0,0.8036361523307415
logcosh,4096,1,mulkan,11,73856,test,raw_nmse,14,6,0.9957424889114448
logcosh,4096,1,mulkan,11,73856,test,raw_nmse,27,0,0.9831077186309785
logcosh,4096,1,mulkan,11,73856,test,raw_nmse,27,6,0.9639995127224193
logcosh,4096,1,mulkan,29,73856,test,raw_nmse,14,0,0.7887417244125167
logcosh,4096,1,mulkan,29,73856,test,raw_nmse,14,6,0.9952743111430173
logcosh,4096,1,mulkan,29,73856,test,raw_nmse,27,0,0.9797062148402663
logcosh,4096,1,mulkan,29,73856,test,raw_nmse,27,6,0.96150935661315
logcosh,4096,1,mulkan,47,73856,test,raw_nmse,14,0,0.9492286041869754
logcosh,4096,1,mulkan,47,73856,test,raw_nmse,14,6,0.9953656056735063
logcosh,4096,1,mulkan,47,73856,test,raw_nmse,27,0,0.9834167375926011
logcosh,4096,1,mulkan,47,73856,test,raw_nmse,27,6,0.9504092811177688
logcosh,4096,1,mulkan,11,73856,test,normalized_idiv,14,0,4.014318511431735
logcosh,4096,1,mulkan,11,73856,test,normalized_idiv,14,6,7.493377383307643
logcosh,4096,1,mulkan,11,73856,test,normalized_idiv,27,0,1.760795700095802
logcosh,4096,1,mulkan,11,73856,test,normalized_idiv,27,6,1.618111798128576
logcosh,4096,1,mulkan,29,73856,test,normalized_idiv,14,0,4.297900917439384
logcosh,4096,1,mulkan,29,73856,test,normalized_idiv,14,6,7.347486799018453
logcosh,4096,1,mulkan,29,73856,test,normalized_idiv,27,0,1.6910930748367747
logcosh,4096,1,mulkan,29,73856,test,normalized_idiv,27,6,1.6874704392773712
logcosh,4096,1,mulkan,47,73856,test,normalized_idiv,14,0,5.208109871218786
logcosh,4096,1,mulkan,47,73856,test,normalized_idiv,14,6,7.345708915182135
logcosh,4096,1,mulkan,47,73856,test,normalized_idiv,27,0,1.747277477043911
logcosh,4096,1,mulkan,47,73856,test,normalized_idiv,27,6,1.5691301475922819
logcosh,4096,1,mulkan,11,73856,test_block,attention_nmse,14,0,0.0975816547870636
logcosh,4096,1,mulkan,11,73856,test_block,attention_nmse,14,6,0.23716014623641968
logcosh,4096,1,mulkan,11,73856,test_block,attention_nmse,27,0,0.5730976462364197
logcosh,4096,1,mulkan,11,73856,test_block,attention_nmse,27,6,0.5964518785476685
logcosh,4096,1,mulkan,29,73856,test_block,attention_nmse,14,0,0.09885134547948837
logcosh,4096,1,mulkan,29,73856,test_block,attention_nmse,14,6,0.25303196907043457
logcosh,4096,1,mulkan,29,73856,test_block,attention_nmse,27,0,0.5694735050201416
logcosh,4096,1,mulkan,29,73856,test_block,attention_nmse,27,6,0.6117434501647949
logcosh,4096,1,mulkan,47,73856,test_block,attention_nmse,14,0,0.0887933075428009
logcosh,4096,1,mulkan,47,73856,test_block,attention_nmse,14,6,0.22180359065532684
logcosh,4096,1,mulkan,47,73856,test_block,attention_nmse,27,0,0.5608761310577393
logcosh,4096,1,mulkan,47,73856,test_block,attention_nmse,27,6,0.577790379524231
logcosh,4096,1,mulkan,11,73856,test_block,output_nmse,14,0,0.9679421186447144
logcosh,4096,1,mulkan,11,73856,test_block,output_nmse,14,6,0.6262928247451782
logcosh,4096,1,mulkan,11,73856,test_block,output_nmse,27,0,0.18206357955932617
logcosh,4096,1,mulkan,11,73856,test_block,output_nmse,27,6,0.3241236209869385
logcosh,4096,1,mulkan,29,73856,test_block,output_nmse,14,0,0.9757540225982666
logcosh,4096,1,mulkan,29,73856,test_block,output_nmse,14,6,0.6600572466850281
logcosh,4096,1,mulkan,29,73856,test_block,output_nmse,27,0,0.1769934892654419
logcosh,4096,1,mulkan,29,73856,test_block,output_nmse,27,6,0.3272361755371094
logcosh,4096,1,mulkan,47,73856,test_block,output_nmse,14,0,0.9226579070091248
logcosh,4096,1,mulkan,47,73856,test_block,output_nmse,14,6,0.6018644571304321
logcosh,4096,1,mulkan,47,73856,test_block,output_nmse,27,0,0.1746961623430252
logcosh,4096,1,mulkan,47,73856,test_block,output_nmse,27,6,0.3068389892578125
logcosh,4096,1,mulkan,11,73856,test_block,row_l1,14,0,0.23657214641571045
logcosh,4096,1,mulkan,11,73856,test_block,row_l1,14,6,0.5274157524108887
logcosh,4096,1,mulkan,11,73856,test_block,row_l1,27,0,0.6992570757865906
logcosh,4096,1,mulkan,11,73856,test_block,row_l1,27,6,0.7186540365219116
logcosh,4096,1,mulkan,29,73856,test_block,row_l1,14,0,0.23873989284038544
logcosh,4096,1,mulkan,29,73856,test_block,row_l1,14,6,0.5381141901016235
logcosh,4096,1,mulkan,29,73856,test_block,row_l1,27,0,0.6963927745819092
logcosh,4096,1,mulkan,29,73856,test_block,row_l1,27,6,0.7311496734619141
logcosh,4096,1,mulkan,47,73856,test_block,row_l1,14,0,0.2364405393600464
logcosh,4096,1,mulkan,47,73856,test_block,row_l1,14,6,0.5237834453582764
logcosh,4096,1,mulkan,47,73856,test_block,row_l1,27,0,0.6825900673866272
logcosh,4096,1,mulkan,47,73856,test_block,row_l1,27,6,0.6949557065963745
logcosh,4096,1,mulkan,11,73856,test_block,raw_nmse,14,0,0.803034173701839
logcosh,4096,1,mulkan,11,73856,test_block,raw_nmse,14,6,0.9946991009255179
logcosh,4096,1,mulkan,11,73856,test_block,raw_nmse,27,0,0.9585899812504808
logcosh,4096,1,mulkan,11,73856,test_block,raw_nmse,27,6,0.9622337497017086
logcosh,4096,1,mulkan,29,73856,test_block,raw_nmse,14,0,0.7877161307387079
logcosh,4096,1,mulkan,29,73856,test_block,raw_nmse,14,6,0.9941168328591058
logcosh,4096,1,mulkan,29,73856,test_block,raw_nmse,27,0,0.9527903443690259
logcosh,4096,1,mulkan,29,73856,test_block,raw_nmse,27,6,0.9588883967874121
logcosh,4096,1,mulkan,47,73856,test_block,raw_nmse,14,0,0.9491066356037998
logcosh,4096,1,mulkan,47,73856,test_block,raw_nmse,14,6,0.994230743360672
logcosh,4096,1,mulkan,47,73856,test_block,raw_nmse,27,0,0.9636496717738926
logcosh,4096,1,mulkan,47,73856,test_block,raw_nmse,27,6,0.9458434556513898
logcosh,4096,2,mulkan,11,147584,train,logcosh,14,0,1.1530825411572845
logcosh,4096,2,mulkan,11,147584,train,logcosh,14,6,1.0126803192169878
logcosh,4096,2,mulkan,11,147584,train,logcosh,27,0,0.33129652795103304
logcosh,4096,2,mulkan,11,147584,train,logcosh,27,6,0.3372882330486293
logcosh,4096,2,mulkan,29,147584,train,logcosh,14,0,1.084225592220363
logcosh,4096,2,mulkan,29,147584,train,logcosh,14,6,1.035181224936641
logcosh,4096,2,mulkan,29,147584,train,logcosh,27,0,0.32428783814233847
logcosh,4096,2,mulkan,29,147584,train,logcosh,27,6,0.3181410009088796
logcosh,4096,2,mulkan,47,147584,train,logcosh,14,0,1.0922620659817028
logcosh,4096,2,mulkan,47,147584,train,logcosh,14,6,1.0079298180578626
logcosh,4096,2,mulkan,47,147584,train,logcosh,27,0,0.3161118800136704
logcosh,4096,2,mulkan,47,147584,train,logcosh,27,6,0.32144518690744417
logcosh,4096,2,mulkan,11,147584,train,log_mae,14,0,1.6940743868908443
logcosh,4096,2,mulkan,11,147584,train,log_mae,14,6,1.5389283051597693
logcosh,4096,2,mulkan,11,147584,train,log_mae,27,0,0.7253633272491529
logcosh,4096,2,mulkan,11,147584,train,log_mae,27,6,0.7342841641107503
logcosh,4096,2,mulkan,29,147584,train,log_mae,14,0,1.6186119465044913
logcosh,4096,2,mulkan,29,147584,train,log_mae,14,6,1.5637450542987756
logcosh,4096,2,mulkan,29,147584,train,log_mae,27,0,0.7160117955217256
logcosh,4096,2,mulkan,29,147584,train,log_mae,27,6,0.7084412967570562
logcosh,4096,2,mulkan,47,147584,train,log_mae,14,0,1.6271813770956713
logcosh,4096,2,mulkan,47,147584,train,log_mae,14,6,1.5337703001657146
logcosh,4096,2,mulkan,47,147584,train,log_mae,27,0,0.7047006605014461
logcosh,4096,2,mulkan,47,147584,train,log_mae,27,6,0.7131538519000404
logcosh,4096,2,mulkan,11,147584,train,factor2,14,0,0.26825618743896484
logcosh,4096,2,mulkan,11,147584,train,factor2,14,6,0.29754018783569336
logcosh,4096,2,mulkan,11,147584,train,factor2,27,0,0.5821733474731445
logcosh,4096,2,mulkan,11,147584,train,factor2,27,6,0.5752162933349609
logcosh,4096,2,mulkan,29,147584,train,factor2,14,0,0.281740665435791
logcosh,4096,2,mulkan,29,147584,train,factor2,14,6,0.2929649353027344
logcosh,4096,2,mulkan,29,147584,train,factor2,27,0,0.5874433517456055
logcosh,4096,2,mulkan,29,147584,train,factor2,27,6,0.5908064842224121
logcosh,4096,2,mulkan,47,147584,train,factor2,14,0,0.2806253433227539
logcosh,4096,2,mulkan,47,147584,train,factor2,14,6,0.2984147071838379
logcosh,4096,2,mulkan,47,147584,train,factor2,27,0,0.5944876670837402
logcosh,4096,2,mulkan,47,147584,train,factor2,27,6,0.58782958984375
logcosh,4096,2,mulkan,11,147584,train,factor10,14,0,0.7335686683654785
logcosh,4096,2,mulkan,11,147584,train,factor10,14,6,0.7745223045349121
logcosh,4096,2,mulkan,11,147584,train,factor10,27,0,0.9750080108642578
logcosh,4096,2,mulkan,11,147584,train,factor10,27,6,0.9742827415466309
logcosh,4096,2,mulkan,29,147584,train,factor10,14,0,0.7526369094848633
logcosh,4096,2,mulkan,29,147584,train,factor10,14,6,0.7676806449890137
logcosh,4096,2,mulkan,29,147584,train,factor10,27,0,0.9765405654907227
logcosh,4096,2,mulkan,29,147584,train,factor10,27,6,0.978233814239502
logcosh,4096,2,mulkan,47,147584,train,factor10,14,0,0.7506399154663086
logcosh,4096,2,mulkan,47,147584,train,factor10,14,6,0.7759923934936523
logcosh,4096,2,mulkan,47,147584,train,factor10,27,0,0.9782075881958008
logcosh,4096,2,mulkan,47,147584,train,factor10,27,6,0.9776010513305664
logcosh,4096,2,mulkan,11,147584,train,raw_nmse,14,0,0.8605451708873827
logcosh,4096,2,mulkan,11,147584,train,raw_nmse,14,6,0.9885204383104115
logcosh,4096,2,mulkan,11,147584,train,raw_nmse,27,0,0.9699428929134951
logcosh,4096,2,mulkan,11,147584,train,raw_nmse,27,6,0.9573270214665772
logcosh,4096,2,mulkan,29,147584,train,raw_nmse,14,0,0.7735669486558203
logcosh,4096,2,mulkan,29,147584,train,raw_nmse,14,6,0.9886179627819798
logcosh,4096,2,mulkan,29,147584,train,raw_nmse,27,0,0.9702559512499453
logcosh,4096,2,mulkan,29,147584,train,raw_nmse,27,6,0.9536902859469465
logcosh,4096,2,mulkan,47,147584,train,raw_nmse,14,0,0.7506021435980142
logcosh,4096,2,mulkan,47,147584,train,raw_nmse,14,6,0.9885860005103395
logcosh,4096,2,mulkan,47,147584,train,raw_nmse,27,0,0.9685066714241217
logcosh,4096,2,mulkan,47,147584,train,raw_nmse,27,6,0.9681739424534574
logcosh,4096,2,mulkan,11,147584,train,normalized_idiv,14,0,3.5888938068273024
logcosh,4096,2,mulkan,11,147584,train,normalized_idiv,14,6,4.360553073217851
logcosh,4096,2,mulkan,11,147584,train,normalized_idiv,27,0,1.2975807935813324
logcosh,4096,2,mulkan,11,147584,train,normalized_idiv,27,6,1.2243268260881994
logcosh,4096,2,mulkan,29,147584,train,normalized_idiv,14,0,3.0863762494851747
logcosh,4096,2,mulkan,29,147584,train,normalized_idiv,14,6,4.446018071764181
logcosh,4096,2,mulkan,29,147584,train,normalized_idiv,27,0,1.2944256658324236
logcosh,4096,2,mulkan,29,147584,train,normalized_idiv,27,6,1.1477647548743302
logcosh,4096,2,mulkan,47,147584,train,normalized_idiv,14,0,3.1333082763666225
logcosh,4096,2,mulkan,47,147584,train,normalized_idiv,14,6,4.357557842746179
logcosh,4096,2,mulkan,47,147584,train,normalized_idiv,27,0,1.2510447715256021
logcosh,4096,2,mulkan,47,147584,train,normalized_idiv,27,6,1.266923834113791
logcosh,4096,2,mulkan,11,147584,validation,logcosh,14,0,1.1574352660019056
logcosh,4096,2,mulkan,11,147584,validation,logcosh,14,6,1.0034419047699545
logcosh,4096,2,mulkan,11,147584,validation,logcosh,27,0,0.336698749644738
logcosh,4096,2,mulkan,11,147584,validation,logcosh,27,6,0.3412639447791401
logcosh,4096,2,mulkan,29,147584,validation,logcosh,14,0,1.088513571584439
logcosh,4096,2,mulkan,29,147584,validation,logcosh,14,6,1.022469153998717
logcosh,4096,2,mulkan,29,147584,validation,logcosh,27,0,0.3285514145766603
logcosh,4096,2,mulkan,29,147584,validation,logcosh,27,6,0.32040372607975787
logcosh,4096,2,mulkan,47,147584,validation,logcosh,14,0,1.09438846181193
logcosh,4096,2,mulkan,47,147584,validation,logcosh,14,6,0.9976466425496571
logcosh,4096,2,mulkan,47,147584,validation,logcosh,27,0,0.32032017635433685
logcosh,4096,2,mulkan,47,147584,validation,logcosh,27,6,0.32533844072501505
logcosh,4096,2,mulkan,11,147584,validation,log_mae,14,0,1.6989643432417552
logcosh,4096,2,mulkan,11,147584,validation,log_mae,14,6,1.5292705331590302
logcosh,4096,2,mulkan,11,147584,validation,log_mae,27,0,0.7331202714637994
logcosh,4096,2,mulkan,11,147584,validation,log_mae,27,6,0.7402379170502429
logcosh,4096,2,mulkan,29,147584,validation,log_mae,14,0,1.6236099848148342
logcosh,4096,2,mulkan,29,147584,validation,log_mae,14,6,1.549638831969384
logcosh,4096,2,mulkan,29,147584,validation,log_mae,27,0,0.7222039504266435
logcosh,4096,2,mulkan,29,147584,validation,log_mae,27,6,0.712417596942855
logcosh,4096,2,mulkan,47,147584,validation,log_mae,14,0,1.629679862103444
logcosh,4096,2,mulkan,47,147584,validation,log_mae,14,6,1.522692104748609
logcosh,4096,2,mulkan,47,147584,validation,log_mae,27,0,0.7108017337425194
logcosh,4096,2,mulkan,47,147584,validation,log_mae,27,6,0.719337806906577
logcosh,4096,2,mulkan,11,147584,validation,factor2,14,0,0.2668609619140625
logcosh,4096,2,mulkan,11,147584,validation,factor2,14,6,0.3006591796875
logcosh,4096,2,mulkan,11,147584,validation,factor2,27,0,0.5762786865234375
logcosh,4096,2,mulkan,11,147584,validation,factor2,27,6,0.56951904296875
logcosh,4096,2,mulkan,29,147584,validation,factor2,14,0,0.2805938720703125
logcosh,4096,2,mulkan,29,147584,validation,factor2,14,6,0.2954254150390625
logcosh,4096,2,mulkan,29,147584,validation,factor2,27,0,0.582611083984375
logcosh,4096,2,mulkan,29,147584,validation,factor2,27,6,0.586273193359375
logcosh,4096,2,mulkan,47,147584,validation,factor2,14,0,0.279815673828125
logcosh,4096,2,mulkan,47,147584,validation,factor2,14,6,0.3010711669921875
logcosh,4096,2,mulkan,47,147584,validation,factor2,27,0,0.589080810546875
logcosh,4096,2,mulkan,47,147584,validation,factor2,27,6,0.5825653076171875
logcosh,4096,2,mulkan,11,147584,validation,factor10,14,0,0.7315826416015625
logcosh,4096,2,mulkan,11,147584,validation,factor10,14,6,0.7767333984375
logcosh,4096,2,mulkan,11,147584,validation,factor10,27,0,0.9742279052734375
logcosh,4096,2,mulkan,11,147584,validation,factor10,27,6,0.973785400390625
logcosh,4096,2,mulkan,29,147584,validation,factor10,14,0,0.7516326904296875
logcosh,4096,2,mulkan,29,147584,validation,factor10,14,6,0.7715911865234375
logcosh,4096,2,mulkan,29,147584,validation,factor10,27,0,0.9759063720703125
logcosh,4096,2,mulkan,29,147584,validation,factor10,27,6,0.9779510498046875
logcosh,4096,2,mulkan,47,147584,validation,factor10,14,0,0.7495880126953125
logcosh,4096,2,mulkan,47,147584,validation,factor10,14,6,0.7800140380859375
logcosh,4096,2,mulkan,47,147584,validation,factor10,27,0,0.9774169921875
logcosh,4096,2,mulkan,47,147584,validation,factor10,27,6,0.9773712158203125
logcosh,4096,2,mulkan,11,147584,validation,raw_nmse,14,0,0.6708776388487976
logcosh,4096,2,mulkan,11,147584,validation,raw_nmse,14,6,0.8071768828525356
logcosh,4096,2,mulkan,11,147584,validation,raw_nmse,27,0,0.8847030076003346
logcosh,4096,2,mulkan,11,147584,validation,raw_nmse,27,6,0.9260512629283182
logcosh,4096,2,mulkan,29,147584,validation,raw_nmse,14,0,0.46411120570481335
logcosh,4096,2,mulkan,29,147584,validation,raw_nmse,14,6,0.8085938792117322
logcosh,4096,2,mulkan,29,147584,validation,raw_nmse,27,0,0.890124714069044
logcosh,4096,2,mulkan,29,147584,validation,raw_nmse,27,6,0.9135109605627743
logcosh,4096,2,mulkan,47,147584,validation,raw_nmse,14,0,0.40241124579042936
logcosh,4096,2,mulkan,47,147584,validation,raw_nmse,14,6,0.8092200449015733
logcosh,4096,2,mulkan,47,147584,validation,raw_nmse,27,0,0.8932401432277631
logcosh,4096,2,mulkan,47,147584,validation,raw_nmse,27,6,0.9440008514816158
logcosh,4096,2,mulkan,11,147584,validation,normalized_idiv,14,0,2.3572831588444534
logcosh,4096,2,mulkan,11,147584,validation,normalized_idiv,14,6,2.6040184890342033
logcosh,4096,2,mulkan,11,147584,validation,normalized_idiv,27,0,1.007913308614139
logcosh,4096,2,mulkan,11,147584,validation,normalized_idiv,27,6,1.2353306818882255
logcosh,4096,2,mulkan,29,147584,validation,normalized_idiv,14,0,1.8760710495265198
logcosh,4096,2,mulkan,29,147584,validation,normalized_idiv,14,6,2.678808996291957
logcosh,4096,2,mulkan,29,147584,validation,normalized_idiv,27,0,1.010923373942833
logcosh,4096,2,mulkan,29,147584,validation,normalized_idiv,27,6,1.154501208244328
logcosh,4096,2,mulkan,47,147584,validation,normalized_idiv,14,0,1.848697292649953
logcosh,4096,2,mulkan,47,147584,validation,normalized_idiv,14,6,2.657414656333826
logcosh,4096,2,mulkan,47,147584,validation,normalized_idiv,27,0,1.0041550353472648
logcosh,4096,2,mulkan,47,147584,validation,normalized_idiv,27,6,1.2915237379279048
logcosh,4096,2,mulkan,11,147584,test,logcosh,14,0,1.1582409230636863
logcosh,4096,2,mulkan,11,147584,test,logcosh,14,6,1.015056315746515
logcosh,4096,2,mulkan,11,147584,test,logcosh,27,0,0.3352610675382392
logcosh,4096,2,mulkan,11,147584,test,logcosh,27,6,0.342333075937877
logcosh,4096,2,mulkan,29,147584,test,logcosh,14,0,1.090916548919919
logcosh,4096,2,mulkan,29,147584,test,logcosh,14,6,1.0404125515853302
logcosh,4096,2,mulkan,29,147584,test,logcosh,27,0,0.32846396064161454
logcosh,4096,2,mulkan,29,147584,test,logcosh,27,6,0.3224670143107629
logcosh,4096,2,mulkan,47,147584,test,logcosh,14,0,1.0997535428451273
logcosh,4096,2,mulkan,47,147584,test,logcosh,14,6,1.0103065384872392
logcosh,4096,2,mulkan,47,147584,test,logcosh,27,0,0.32101988888760846
logcosh,4096,2,mulkan,47,147584,test,logcosh,27,6,0.3259933987653728
logcosh,4096,2,mulkan,11,147584,test,log_mae,14,0,1.6992048527801131
logcosh,4096,2,mulkan,11,147584,test,log_mae,14,6,1.5413401263183557
logcosh,4096,2,mulkan,11,147584,test,log_mae,27,0,0.730919061015206
logcosh,4096,2,mulkan,11,147584,test,log_mae,27,6,0.7417092338062848
logcosh,4096,2,mulkan,29,147584,test,log_mae,14,0,1.6263670031262478
logcosh,4096,2,mulkan,29,147584,test,log_mae,14,6,1.5698879406277895
logcosh,4096,2,mulkan,29,147584,test,log_mae,27,0,0.7222831967160032
logcosh,4096,2,mulkan,29,147584,test,log_mae,27,6,0.7144512917832869
logcosh,4096,2,mulkan,47,147584,test,log_mae,14,0,1.6358223937277359
logcosh,4096,2,mulkan,47,147584,test,log_mae,14,6,1.5364985126665358
logcosh,4096,2,mulkan,47,147584,test,log_mae,27,0,0.7119303821850119
logcosh,4096,2,mulkan,47,147584,test,log_mae,27,6,0.7197367788922663
logcosh,4096,2,mulkan,11,147584,test,factor2,14,0,0.26848602294921875
logcosh,4096,2,mulkan,11,147584,test,factor2,14,6,0.29689788818359375
logcosh,4096,2,mulkan,11,147584,test,factor2,27,0,0.5786819458007812
logcosh,4096,2,mulkan,11,147584,test,factor2,27,6,0.5708694458007812
logcosh,4096,2,mulkan,29,147584,test,factor2,14,0,0.27881622314453125
logcosh,4096,2,mulkan,29,147584,test,factor2,14,6,0.29088592529296875
logcosh,4096,2,mulkan,29,147584,test,factor2,27,0,0.5826034545898438
logcosh,4096,2,mulkan,29,147584,test,factor2,27,6,0.5866546630859375
logcosh,4096,2,mulkan,47,147584,test,factor2,14,0,0.2774658203125
logcosh,4096,2,mulkan,47,147584,test,factor2,14,6,0.29682159423828125
logcosh,4096,2,mulkan,47,147584,test,factor2,27,0,0.5894012451171875
logcosh,4096,2,mulkan,47,147584,test,factor2,27,6,0.5824508666992188
logcosh,4096,2,mulkan,11,147584,test,factor10,14,0,0.7312240600585938
logcosh,4096,2,mulkan,11,147584,test,factor10,14,6,0.7746429443359375
logcosh,4096,2,mulkan,11,147584,test,factor10,27,0,0.97467041015625
logcosh,4096,2,mulkan,11,147584,test,factor10,27,6,0.9735870361328125
logcosh,4096,2,mulkan,29,147584,test,factor10,14,0,0.7513198852539062
logcosh,4096,2,mulkan,29,147584,test,factor10,14,6,0.7662277221679688
logcosh,4096,2,mulkan,29,147584,test,factor10,27,0,0.9758834838867188
logcosh,4096,2,mulkan,29,147584,test,factor10,27,6,0.9773101806640625
logcosh,4096,2,mulkan,47,147584,test,factor10,14,0,0.7489166259765625
logcosh,4096,2,mulkan,47,147584,test,factor10,14,6,0.7758026123046875
logcosh,4096,2,mulkan,47,147584,test,factor10,27,0,0.977508544921875
logcosh,4096,2,mulkan,47,147584,test,factor10,27,6,0.9771804809570312
logcosh,4096,2,mulkan,11,147584,test,raw_nmse,14,0,0.878655882311336
logcosh,4096,2,mulkan,11,147584,test,raw_nmse,14,6,0.9952383680525076
logcosh,4096,2,mulkan,11,147584,test,raw_nmse,27,0,0.9786901691444901
logcosh,4096,2,mulkan,11,147584,test,raw_nmse,27,6,0.9442612285744466
logcosh,4096,2,mulkan,29,147584,test,raw_nmse,14,0,0.8014285463867563
logcosh,4096,2,mulkan,29,147584,test,raw_nmse,14,6,0.9952449507910023
logcosh,4096,2,mulkan,29,147584,test,raw_nmse,27,0,0.9778318504079904
logcosh,4096,2,mulkan,29,147584,test,raw_nmse,27,6,0.9373952321634493
logcosh,4096,2,mulkan,47,147584,test,raw_nmse,14,0,0.7837401677981672
logcosh,4096,2,mulkan,47,147584,test,raw_nmse,14,6,0.9952309618892041
logcosh,4096,2,mulkan,47,147584,test,raw_nmse,27,0,0.9774295737251978
logcosh,4096,2,mulkan,47,147584,test,raw_nmse,27,6,0.954436122729182
logcosh,4096,2,mulkan,11,147584,test,normalized_idiv,14,0,4.506852220978616
logcosh,4096,2,mulkan,11,147584,test,normalized_idiv,14,6,7.003582684051615
logcosh,4096,2,mulkan,11,147584,test,normalized_idiv,27,0,1.5797797715439559
logcosh,4096,2,mulkan,11,147584,test,normalized_idiv,27,6,1.3916286989096223
logcosh,4096,2,mulkan,29,147584,test,normalized_idiv,14,0,3.9470189529097004
logcosh,4096,2,mulkan,29,147584,test,normalized_idiv,14,6,7.348692168277433
logcosh,4096,2,mulkan,29,147584,test,normalized_idiv,27,0,1.5517643541397617
logcosh,4096,2,mulkan,29,147584,test,normalized_idiv,27,6,1.2798101205017132
logcosh,4096,2,mulkan,47,147584,test,normalized_idiv,14,0,3.961057602163853
logcosh,4096,2,mulkan,47,147584,test,normalized_idiv,14,6,7.513676728939427
logcosh,4096,2,mulkan,47,147584,test,normalized_idiv,27,0,1.536412986095601
logcosh,4096,2,mulkan,47,147584,test,normalized_idiv,27,6,1.4509922795738972
logcosh,4096,2,mulkan,11,147584,test_block,attention_nmse,14,0,0.09215447306632996
logcosh,4096,2,mulkan,11,147584,test_block,attention_nmse,14,6,0.22387327253818512
logcosh,4096,2,mulkan,11,147584,test_block,attention_nmse,27,0,0.5281803607940674
logcosh,4096,2,mulkan,11,147584,test_block,attention_nmse,27,6,0.5370476245880127
logcosh,4096,2,mulkan,29,147584,test_block,attention_nmse,14,0,0.09558127075433731
logcosh,4096,2,mulkan,29,147584,test_block,attention_nmse,14,6,0.2380441576242447
logcosh,4096,2,mulkan,29,147584,test_block,attention_nmse,27,0,0.5281151533126831
logcosh,4096,2,mulkan,29,147584,test_block,attention_nmse,27,6,0.5195790529251099
logcosh,4096,2,mulkan,47,147584,test_block,attention_nmse,14,0,0.09791785478591919
logcosh,4096,2,mulkan,47,147584,test_block,attention_nmse,14,6,0.2233540415763855
logcosh,4096,2,mulkan,47,147584,test_block,attention_nmse,27,0,0.5096395015716553
logcosh,4096,2,mulkan,47,147584,test_block,attention_nmse,27,6,0.5191541910171509
logcosh,4096,2,mulkan,11,147584,test_block,output_nmse,14,0,0.9377040863037109
logcosh,4096,2,mulkan,11,147584,test_block,output_nmse,14,6,0.600490391254425
logcosh,4096,2,mulkan,11,147584,test_block,output_nmse,27,0,0.1573089063167572
logcosh,4096,2,mulkan,11,147584,test_block,output_nmse,27,6,0.27458277344703674
logcosh,4096,2,mulkan,29,147584,test_block,output_nmse,14,0,0.9556100368499756
logcosh,4096,2,mulkan,29,147584,test_block,output_nmse,14,6,0.6293696761131287
logcosh,4096,2,mulkan,29,147584,test_block,output_nmse,27,0,0.16070961952209473
logcosh,4096,2,mulkan,29,147584,test_block,output_nmse,27,6,0.2629542648792267
logcosh,4096,2,mulkan,47,147584,test_block,output_nmse,14,0,0.9690136909484863
logcosh,4096,2,mulkan,47,147584,test_block,output_nmse,14,6,0.5969268679618835
logcosh,4096,2,mulkan,47,147584,test_block,output_nmse,27,0,0.15087062120437622
logcosh,4096,2,mulkan,47,147584,test_block,output_nmse,27,6,0.2609032392501831
logcosh,4096,2,mulkan,11,147584,test_block,row_l1,14,0,0.23018234968185425
logcosh,4096,2,mulkan,11,147584,test_block,row_l1,14,6,0.515230655670166
logcosh,4096,2,mulkan,11,147584,test_block,row_l1,27,0,0.6500159502029419
logcosh,4096,2,mulkan,11,147584,test_block,row_l1,27,6,0.6508903503417969
logcosh,4096,2,mulkan,29,147584,test_block,row_l1,14,0,0.2330884486436844
logcosh,4096,2,mulkan,29,147584,test_block,row_l1,14,6,0.524196445941925
logcosh,4096,2,mulkan,29,147584,test_block,row_l1,27,0,0.6449284553527832
logcosh,4096,2,mulkan,29,147584,test_block,row_l1,27,6,0.6324063539505005
logcosh,4096,2,mulkan,47,147584,test_block,row_l1,14,0,0.2367730736732483
logcosh,4096,2,mulkan,47,147584,test_block,row_l1,14,6,0.5133168697357178
logcosh,4096,2,mulkan,47,147584,test_block,row_l1,27,0,0.6287419199943542
logcosh,4096,2,mulkan,47,147584,test_block,row_l1,27,6,0.6340000629425049
logcosh,4096,2,mulkan,11,147584,test_block,raw_nmse,14,0,0.8798954086251165
logcosh,4096,2,mulkan,11,147584,test_block,raw_nmse,14,6,0.9939954852649596
logcosh,4096,2,mulkan,11,147584,test_block,raw_nmse,27,0,0.9503988814649181
logcosh,4096,2,mulkan,11,147584,test_block,raw_nmse,27,6,0.9394243563014189
logcosh,4096,2,mulkan,29,147584,test_block,raw_nmse,14,0,0.8059818168880016
logcosh,4096,2,mulkan,29,147584,test_block,raw_nmse,14,6,0.994080679678957
logcosh,4096,2,mulkan,29,147584,test_block,raw_nmse,27,0,0.9494747178586251
logcosh,4096,2,mulkan,29,147584,test_block,raw_nmse,27,6,0.9334856478630256
logcosh,4096,2,mulkan,47,147584,test_block,raw_nmse,14,0,0.785115517310254
logcosh,4096,2,mulkan,47,147584,test_block,raw_nmse,14,6,0.9940335802192409
logcosh,4096,2,mulkan,47,147584,test_block,raw_nmse,27,0,0.949765125134981
logcosh,4096,2,mulkan,47,147584,test_block,raw_nmse,27,6,0.9481496694985364
logcosh,512,1,mulkan,11,73856,train,logcosh,14,0,1.3697057619053419
logcosh,512,1,mulkan,11,73856,train,logcosh,14,6,1.3929522081740973
logcosh,512,1,mulkan,11,73856,train,logcosh,27,0,0.6275765804881033
logcosh,512,1,mulkan,11,73856,train,logcosh,27,6,0.6475818257121218
logcosh,512,1,mulkan,29,73856,train,logcosh,14,0,1.3591339237992486
logcosh,512,1,mulkan,29,73856,train,logcosh,14,6,1.3824310401766782
logcosh,512,1,mulkan,29,73856,train,logcosh,27,0,0.6073665483845895
logcosh,512,1,mulkan,29,73856,train,logcosh,27,6,0.6479029307936829
logcosh,512,1,mulkan,47,73856,train,logcosh,14,0,1.3655755523670543
logcosh,512,1,mulkan,47,73856,train,logcosh,14,6,1.3701357832959014
logcosh,512,1,mulkan,47,73856,train,logcosh,27,0,0.607812294790289
logcosh,512,1,mulkan,47,73856,train,logcosh,27,6,0.6462371488310881
logcosh,512,1,mulkan,11,73856,train,log_mae,14,0,1.9255496005458905
logcosh,512,1,mulkan,11,73856,train,log_mae,14,6,1.951593398594374
logcosh,512,1,mulkan,11,73856,train,log_mae,27,0,1.096661582338378
logcosh,512,1,mulkan,11,73856,train,log_mae,27,6,1.1210541414867357
logcosh,512,1,mulkan,29,73856,train,log_mae,14,0,1.9155051834591301
logcosh,512,1,mulkan,29,73856,train,log_mae,14,6,1.9407784911405963
logcosh,512,1,mulkan,29,73856,train,log_mae,27,0,1.0734721686896087
logcosh,512,1,mulkan,29,73856,train,log_mae,27,6,1.122360714142081
logcosh,512,1,mulkan,47,73856,train,log_mae,14,0,1.9218293323905424
logcosh,512,1,mulkan,47,73856,train,log_mae,14,6,1.928538433675518
logcosh,512,1,mulkan,47,73856,train,log_mae,27,0,1.0742779257750388
logcosh,512,1,mulkan,47,73856,train,log_mae,27,6,1.1210295653823161
logcosh,512,1,mulkan,11,73856,train,factor2,14,0,0.2405548095703125
logcosh,512,1,mulkan,11,73856,train,factor2,14,6,0.23534774780273438
logcosh,512,1,mulkan,11,73856,train,factor2,27,0,0.4159431457519531
logcosh,512,1,mulkan,11,73856,train,factor2,27,6,0.4059486389160156
logcosh,512,1,mulkan,29,73856,train,factor2,14,0,0.2397613525390625
logcosh,512,1,mulkan,29,73856,train,factor2,14,6,0.23621749877929688
logcosh,512,1,mulkan,29,73856,train,factor2,27,0,0.42218017578125
logcosh,512,1,mulkan,29,73856,train,factor2,27,6,0.4047050476074219
logcosh,512,1,mulkan,47,73856,train,factor2,14,0,0.24059295654296875
logcosh,512,1,mulkan,47,73856,train,factor2,14,6,0.23523330688476562
logcosh,512,1,mulkan,47,73856,train,factor2,27,0,0.4207725524902344
logcosh,512,1,mulkan,47,73856,train,factor2,27,6,0.4026641845703125
logcosh,512,1,mulkan,11,73856,train,factor10,14,0,0.67633056640625
logcosh,512,1,mulkan,11,73856,train,factor10,14,6,0.6681442260742188
logcosh,512,1,mulkan,11,73856,train,factor10,27,0,0.8952865600585938
logcosh,512,1,mulkan,11,73856,train,factor10,27,6,0.89019775390625
logcosh,512,1,mulkan,29,73856,train,factor10,14,0,0.6753044128417969
logcosh,512,1,mulkan,29,73856,train,factor10,14,6,0.6699028015136719
logcosh,512,1,mulkan,29,73856,train,factor10,27,0,0.9016647338867188
logcosh,512,1,mulkan,29,73856,train,factor10,27,6,0.8901710510253906
logcosh,512,1,mulkan,47,73856,train,factor10,14,0,0.6747322082519531
logcosh,512,1,mulkan,47,73856,train,factor10,14,6,0.6714935302734375
logcosh,512,1,mulkan,47,73856,train,factor10,27,0,0.9023170471191406
logcosh,512,1,mulkan,47,73856,train,factor10,27,6,0.8903961181640625
logcosh,512,1,mulkan,11,73856,train,raw_nmse,14,0,0.9997060725699842
logcosh,512,1,mulkan,11,73856,train,raw_nmse,14,6,0.9999493087135531
logcosh,512,1,mulkan,11,73856,train,raw_nmse,27,0,0.9873713385212667
logcosh,512,1,mulkan,11,73856,train,raw_nmse,27,6,0.9764684691682507
logcosh,512,1,mulkan,29,73856,train,raw_nmse,14,0,0.9699009045407325
logcosh,512,1,mulkan,29,73856,train,raw_nmse,14,6,0.9999497088067475
logcosh,512,1,mulkan,29,73856,train,raw_nmse,27,0,0.9908231843764884
logcosh,512,1,mulkan,29,73856,train,raw_nmse,27,6,0.9800015992137859
logcosh,512,1,mulkan,47,73856,train,raw_nmse,14,0,0.998572552598934
logcosh,512,1,mulkan,47,73856,train,raw_nmse,14,6,0.9940385455608206
logcosh,512,1,mulkan,47,73856,train,raw_nmse,27,0,0.9906365726862844
logcosh,512,1,mulkan,47,73856,train,raw_nmse,27,6,0.9718215138713704
logcosh,512,1,mulkan,11,73856,train,normalized_idiv,14,0,8.500048665068805
logcosh,512,1,mulkan,11,73856,train,normalized_idiv,14,6,7.854296682383348
logcosh,512,1,mulkan,11,73856,train,normalized_idiv,27,0,2.2529706510133685
logcosh,512,1,mulkan,11,73856,train,normalized_idiv,27,6,2.2940713202910374
logcosh,512,1,mulkan,29,73856,train,normalized_idiv,14,0,4.804535867885854
logcosh,512,1,mulkan,29,73856,train,normalized_idiv,14,6,7.852311849451571
logcosh,512,1,mulkan,29,73856,train,normalized_idiv,27,0,2.283527900173429
logcosh,512,1,mulkan,29,73856,train,normalized_idiv,27,6,2.182938585723261
logcosh,512,1,mulkan,47,73856,train,normalized_idiv,14,0,7.195236027358108
logcosh,512,1,mulkan,47,73856,train,normalized_idiv,14,6,5.620065919572311
logcosh,512,1,mulkan,47,73856,train,normalized_idiv,27,0,2.33628993212997
logcosh,512,1,mulkan,47,73856,train,normalized_idiv,27,6,2.1394457820701303
logcosh,512,1,mulkan,11,73856,validation,logcosh,14,0,1.3740299861600214
logcosh,512,1,mulkan,11,73856,validation,logcosh,14,6,1.3991964807320136
logcosh,512,1,mulkan,11,73856,validation,logcosh,27,0,0.6354608378582725
logcosh,512,1,mulkan,11,73856,validation,logcosh,27,6,0.6538863465276106
logcosh,512,1,mulkan,29,73856,validation,logcosh,14,0,1.366436146202971
logcosh,512,1,mulkan,29,73856,validation,logcosh,14,6,1.3916477242713254
logcosh,512,1,mulkan,29,73856,validation,logcosh,27,0,0.6147747039051485
logcosh,512,1,mulkan,29,73856,validation,logcosh,27,6,0.6539460761569617
logcosh,512,1,mulkan,47,73856,validation,logcosh,14,0,1.3713885882211616
logcosh,512,1,mulkan,47,73856,validation,logcosh,14,6,1.376644336244429
logcosh,512,1,mulkan,47,73856,validation,logcosh,27,0,0.6147993030602172
logcosh,512,1,mulkan,47,73856,validation,logcosh,27,6,0.6526877653772307
logcosh,512,1,mulkan,11,73856,validation,log_mae,14,0,1.9307488330970273
logcosh,512,1,mulkan,11,73856,validation,log_mae,14,6,1.9581461189639473
logcosh,512,1,mulkan,11,73856,validation,log_mae,27,0,1.1064756645420668
logcosh,512,1,mulkan,11,73856,validation,log_mae,27,6,1.1297152891717404
logcosh,512,1,mulkan,29,73856,validation,log_mae,14,0,1.9237869651798292
logcosh,512,1,mulkan,29,73856,validation,log_mae,14,6,1.9502086349942207
logcosh,512,1,mulkan,29,73856,validation,log_mae,27,0,1.0822824233740351
logcosh,512,1,mulkan,29,73856,validation,log_mae,27,6,1.1306800286046177
logcosh,512,1,mulkan,47,73856,validation,log_mae,14,0,1.9286953176471116
logcosh,512,1,mulkan,47,73856,validation,log_mae,14,6,1.934774233726154
logcosh,512,1,mulkan,47,73856,validation,log_mae,27,0,1.082969467916779
logcosh,512,1,mulkan,47,73856,validation,log_mae,27,6,1.1297225540482452
logcosh,512,1,mulkan,11,73856,validation,factor2,14,0,0.2396392822265625
logcosh,512,1,mulkan,11,73856,validation,factor2,14,6,0.234130859375
logcosh,512,1,mulkan,11,73856,validation,factor2,27,0,0.41278076171875
logcosh,512,1,mulkan,11,73856,validation,factor2,27,6,0.40081787109375
logcosh,512,1,mulkan,29,73856,validation,factor2,14,0,0.2378082275390625
logcosh,512,1,mulkan,29,73856,validation,factor2,14,6,0.235504150390625
logcosh,512,1,mulkan,29,73856,validation,factor2,27,0,0.4199676513671875
logcosh,512,1,mulkan,29,73856,validation,factor2,27,6,0.397979736328125
logcosh,512,1,mulkan,47,73856,validation,factor2,14,0,0.237548828125
logcosh,512,1,mulkan,47,73856,validation,factor2,14,6,0.23663330078125
logcosh,512,1,mulkan,47,73856,validation,factor2,27,0,0.4167022705078125
logcosh,512,1,mulkan,47,73856,validation,factor2,27,6,0.397705078125
logcosh,512,1,mulkan,11,73856,validation,factor10,14,0,0.67584228515625
logcosh,512,1,mulkan,11,73856,validation,factor10,14,6,0.666259765625
logcosh,512,1,mulkan,11,73856,validation,factor10,27,0,0.8938140869140625
logcosh,512,1,mulkan,11,73856,validation,factor10,27,6,0.8873748779296875
logcosh,512,1,mulkan,29,73856,validation,factor10,14,0,0.673614501953125
logcosh,512,1,mulkan,29,73856,validation,factor10,14,6,0.669769287109375
logcosh,512,1,mulkan,29,73856,validation,factor10,27,0,0.9007568359375
logcosh,512,1,mulkan,29,73856,validation,factor10,27,6,0.8878173828125
logcosh,512,1,mulkan,47,73856,validation,factor10,14,0,0.674530029296875
logcosh,512,1,mulkan,47,73856,validation,factor10,14,6,0.671722412109375
logcosh,512,1,mulkan,47,73856,validation,factor10,27,0,0.9004364013671875
logcosh,512,1,mulkan,47,73856,validation,factor10,27,6,0.88836669921875
logcosh,512,1,mulkan,11,73856,validation,raw_nmse,14,0,0.9994127840171325
logcosh,512,1,mulkan,11,73856,validation,raw_nmse,14,6,0.9991113260524064
logcosh,512,1,mulkan,11,73856,validation,raw_nmse,27,0,0.9671931319122603
logcosh,512,1,mulkan,11,73856,validation,raw_nmse,27,6,0.9874425299131745
logcosh,512,1,mulkan,29,73856,validation,raw_nmse,14,0,0.9445630774635695
logcosh,512,1,mulkan,29,73856,validation,raw_nmse,14,6,0.9990230840854747
logcosh,512,1,mulkan,29,73856,validation,raw_nmse,27,0,0.9796635079440164
logcosh,512,1,mulkan,29,73856,validation,raw_nmse,27,6,0.9893700975250193
logcosh,512,1,mulkan,47,73856,validation,raw_nmse,14,0,0.9972421998632444
logcosh,512,1,mulkan,47,73856,validation,raw_nmse,14,6,0.8994121019092577
logcosh,512,1,mulkan,47,73856,validation,raw_nmse,27,0,0.9782958013608744
logcosh,512,1,mulkan,47,73856,validation,raw_nmse,27,6,0.9862157889951644
logcosh,512,1,mulkan,11,73856,validation,normalized_idiv,14,0,7.87281710797686
logcosh,512,1,mulkan,11,73856,validation,normalized_idiv,14,6,6.237972479476525
logcosh,512,1,mulkan,11,73856,validation,normalized_idiv,27,0,1.9319434991689965
logcosh,512,1,mulkan,11,73856,validation,normalized_idiv,27,6,2.379206390854778
logcosh,512,1,mulkan,29,73856,validation,normalized_idiv,14,0,3.9179360670656167
logcosh,512,1,mulkan,29,73856,validation,normalized_idiv,14,6,6.193553133783885
logcosh,512,1,mulkan,29,73856,validation,normalized_idiv,27,0,1.9912753495392104
logcosh,512,1,mulkan,29,73856,validation,normalized_idiv,27,6,2.337068148986818
logcosh,512,1,mulkan,47,73856,validation,normalized_idiv,14,0,6.460147911201307
logcosh,512,1,mulkan,47,73856,validation,normalized_idiv,14,6,3.640663690237509
logcosh,512,1,mulkan,47,73856,validation,normalized_idiv,27,0,1.9960324755414312
logcosh,512,1,mulkan,47,73856,validation,normalized_idiv,27,6,2.247603964547802
logcosh,512,1,mulkan,11,73856,test,logcosh,14,0,1.369805826433145
logcosh,512,1,mulkan,11,73856,test,logcosh,14,6,1.4013588915077237
logcosh,512,1,mulkan,11,73856,test,logcosh,27,0,0.6290613562507057
logcosh,512,1,mulkan,11,73856,test,logcosh,27,6,0.6513153482584383
logcosh,512,1,mulkan,29,73856,test,logcosh,14,0,1.356325266568075
logcosh,512,1,mulkan,29,73856,test,logcosh,14,6,1.3906115362236697
logcosh,512,1,mulkan,29,73856,test,logcosh,27,0,0.6089670158630285
logcosh,512,1,mulkan,29,73856,test,logcosh,27,6,0.6482932517196369
logcosh,512,1,mulkan,47,73856,test,logcosh,14,0,1.3627998018900724
logcosh,512,1,mulkan,47,73856,test,logcosh,14,6,1.3770943925371073
logcosh,512,1,mulkan,47,73856,test,logcosh,27,0,0.6070727751407777
logcosh,512,1,mulkan,47,73856,test,logcosh,27,6,0.645001045541413
logcosh,512,1,mulkan,11,73856,test,log_mae,14,0,1.9268105646815599
logcosh,512,1,mulkan,11,73856,test,log_mae,14,6,1.9610523113370375
logcosh,512,1,mulkan,11,73856,test,log_mae,27,0,1.0994936952151741
logcosh,512,1,mulkan,11,73856,test,log_mae,27,6,1.1267413905039336
logcosh,512,1,mulkan,29,73856,test,log_mae,14,0,1.9133089590740298
logcosh,512,1,mulkan,29,73856,test,log_mae,14,6,1.9498427594704237
logcosh,512,1,mulkan,29,73856,test,log_mae,27,0,1.0759653383814638
logcosh,512,1,mulkan,29,73856,test,log_mae,27,6,1.123637005363134
logcosh,512,1,mulkan,47,73856,test,log_mae,14,0,1.9196696913964075
logcosh,512,1,mulkan,47,73856,test,log_mae,14,6,1.935835042039865
logcosh,512,1,mulkan,47,73856,test,log_mae,27,0,1.074296950186545
logcosh,512,1,mulkan,47,73856,test,log_mae,27,6,1.12026764297566
logcosh,512,1,mulkan,11,73856,test,factor2,14,0,0.2383575439453125
logcosh,512,1,mulkan,11,73856,test,factor2,14,6,0.2335205078125
logcosh,512,1,mulkan,11,73856,test,factor2,27,0,0.41301727294921875
logcosh,512,1,mulkan,11,73856,test,factor2,27,6,0.40317535400390625
logcosh,512,1,mulkan,29,73856,test,factor2,14,0,0.2379608154296875
logcosh,512,1,mulkan,29,73856,test,factor2,14,6,0.234130859375
logcosh,512,1,mulkan,29,73856,test,factor2,27,0,0.42156219482421875
logcosh,512,1,mulkan,29,73856,test,factor2,27,6,0.40195465087890625
logcosh,512,1,mulkan,47,73856,test,factor2,14,0,0.238616943359375
logcosh,512,1,mulkan,47,73856,test,factor2,14,6,0.23442840576171875
logcosh,512,1,mulkan,47,73856,test,factor2,27,0,0.42029571533203125
logcosh,512,1,mulkan,47,73856,test,factor2,27,6,0.40241241455078125
logcosh,512,1,mulkan,11,73856,test,factor10,14,0,0.6769866943359375
logcosh,512,1,mulkan,11,73856,test,factor10,14,6,0.6664199829101562
logcosh,512,1,mulkan,11,73856,test,factor10,27,0,0.8951034545898438
logcosh,512,1,mulkan,11,73856,test,factor10,27,6,0.8892288208007812
logcosh,512,1,mulkan,29,73856,test,factor10,14,0,0.6771469116210938
logcosh,512,1,mulkan,29,73856,test,factor10,14,6,0.6683883666992188
logcosh,512,1,mulkan,29,73856,test,factor10,27,0,0.9005813598632812
logcosh,512,1,mulkan,29,73856,test,factor10,27,6,0.8902206420898438
logcosh,512,1,mulkan,47,73856,test,factor10,14,0,0.676361083984375
logcosh,512,1,mulkan,47,73856,test,factor10,14,6,0.6703414916992188
logcosh,512,1,mulkan,47,73856,test,factor10,27,0,0.9022674560546875
logcosh,512,1,mulkan,47,73856,test,factor10,27,6,0.8913726806640625
logcosh,512,1,mulkan,11,73856,test,raw_nmse,14,0,0.9997914204377578
logcosh,512,1,mulkan,11,73856,test,raw_nmse,14,6,0.9999766471548498
logcosh,512,1,mulkan,11,73856,test,raw_nmse,27,0,0.992830037033199
logcosh,512,1,mulkan,11,73856,test,raw_nmse,27,6,0.98307971908505
logcosh,512,1,mulkan,29,73856,test,raw_nmse,14,0,0.9802161733873973
logcosh,512,1,mulkan,29,73856,test,raw_nmse,14,6,0.999978530293544
logcosh,512,1,mulkan,29,73856,test,raw_nmse,27,0,0.9942350770367052
logcosh,512,1,mulkan,29,73856,test,raw_nmse,27,6,0.985007335648361
logcosh,512,1,mulkan,47,73856,test,raw_nmse,14,0,0.9989783656754635
logcosh,512,1,mulkan,47,73856,test,raw_nmse,14,6,0.9975359133651039
logcosh,512,1,mulkan,47,73856,test,raw_nmse,27,0,0.9943416560354039
logcosh,512,1,mulkan,47,73856,test,raw_nmse,27,6,0.9782117666684859
logcosh,512,1,mulkan,11,73856,test,normalized_idiv,14,0,9.190295542256777
logcosh,512,1,mulkan,11,73856,test,normalized_idiv,14,6,9.18542123088075
logcosh,512,1,mulkan,11,73856,test,normalized_idiv,27,0,2.72540014501209
logcosh,512,1,mulkan,11,73856,test,normalized_idiv,27,6,2.5114648633176655
logcosh,512,1,mulkan,29,73856,test,normalized_idiv,14,0,5.859135912170509
logcosh,512,1,mulkan,29,73856,test,normalized_idiv,14,6,9.176231539155024
logcosh,512,1,mulkan,29,73856,test,normalized_idiv,27,0,2.604026623493675
logcosh,512,1,mulkan,29,73856,test,normalized_idiv,27,6,2.4213698333321227
logcosh,512,1,mulkan,47,73856,test,normalized_idiv,14,0,7.99917370127777
logcosh,512,1,mulkan,47,73856,test,normalized_idiv,14,6,7.508672170840601
logcosh,512,1,mulkan,47,73856,test,normalized_idiv,27,0,2.7697838591572426
logcosh,512,1,mulkan,47,73856,test,normalized_idiv,27,6,2.3796185630066478
logcosh,512,1,mulkan,11,73856,test_block,attention_nmse,14,0,0.7022058367729187
logcosh,512,1,mulkan,11,73856,test_block,attention_nmse,14,6,0.9296796321868896
logcosh,512,1,mulkan,11,73856,test_block,attention_nmse,27,0,0.7406463623046875
logcosh,512,1,mulkan,11,73856,test_block,attention_nmse,27,6,0.7494540214538574
logcosh,512,1,mulkan,29,73856,test_block,attention_nmse,14,0,0.07356923818588257
logcosh,512,1,mulkan,29,73856,test_block,attention_nmse,14,6,0.9227062463760376
logcosh,512,1,mulkan,29,73856,test_block,attention_nmse,27,0,0.7452735900878906
logcosh,512,1,mulkan,29,73856,test_block,attention_nmse,27,6,0.7530104517936707
logcosh,512,1,mulkan,47,73856,test_block,attention_nmse,14,0,0.31167900562286377
logcosh,512,1,mulkan,47,73856,test_block,attention_nmse,14,6,0.1931164413690567
logcosh,512,1,mulkan,47,73856,test_block,attention_nmse,27,0,0.739581286907196
logcosh,512,1,mulkan,47,73856,test_block,attention_nmse,27,6,0.7439095377922058
logcosh,512,1,mulkan,11,73856,test_block,output_nmse,14,0,5.1266279220581055
logcosh,512,1,mulkan,11,73856,test_block,output_nmse,14,6,2.238590717315674
logcosh,512,1,mulkan,11,73856,test_block,output_nmse,27,0,0.2762342691421509
logcosh,512,1,mulkan,11,73856,test_block,output_nmse,27,6,0.4409477710723877
logcosh,512,1,mulkan,29,73856,test_block,output_nmse,14,0,0.8651365041732788
logcosh,512,1,mulkan,29,73856,test_block,output_nmse,14,6,2.234204053878784
logcosh,512,1,mulkan,29,73856,test_block,output_nmse,27,0,0.2802194058895111
logcosh,512,1,mulkan,29,73856,test_block,output_nmse,27,6,0.4524839520454407
logcosh,512,1,mulkan,47,73856,test_block,output_nmse,14,0,2.5120131969451904
logcosh,512,1,mulkan,47,73856,test_block,output_nmse,14,6,0.5574649572372437
logcosh,512,1,mulkan,47,73856,test_block,output_nmse,27,0,0.2664545178413391
logcosh,512,1,mulkan,47,73856,test_block,output_nmse,27,6,0.44786739349365234
logcosh,512,1,mulkan,11,73856,test_block,row_l1,14,0,1.6313996315002441
logcosh,512,1,mulkan,11,73856,test_block,row_l1,14,6,1.6980301141738892
logcosh,512,1,mulkan,11,73856,test_block,row_l1,27,0,0.8895286321640015
logcosh,512,1,mulkan,11,73856,test_block,row_l1,27,6,0.892074465751648
logcosh,512,1,mulkan,29,73856,test_block,row_l1,14,0,0.3137798607349396
logcosh,512,1,mulkan,29,73856,test_block,row_l1,14,6,1.691864013671875
logcosh,512,1,mulkan,29,73856,test_block,row_l1,27,0,0.8883230686187744
logcosh,512,1,mulkan,29,73856,test_block,row_l1,27,6,0.9047389030456543
logcosh,512,1,mulkan,47,73856,test_block,row_l1,14,0,1.0896998643875122
logcosh,512,1,mulkan,47,73856,test_block,row_l1,14,6,0.5258014798164368
logcosh,512,1,mulkan,47,73856,test_block,row_l1,27,0,0.8853646516799927
logcosh,512,1,mulkan,47,73856,test_block,row_l1,27,6,0.8989169597625732
logcosh,512,1,mulkan,11,73856,test_block,raw_nmse,14,0,0.9997802531730107
logcosh,512,1,mulkan,11,73856,test_block,raw_nmse,14,6,0.9999471581159319
logcosh,512,1,mulkan,11,73856,test_block,raw_nmse,27,0,0.9849603240761697
logcosh,512,1,mulkan,11,73856,test_block,raw_nmse,27,6,0.983260695448371
logcosh,512,1,mulkan,29,73856,test_block,raw_nmse,14,0,0.9805386846238571
logcosh,512,1,mulkan,29,73856,test_block,raw_nmse,14,6,0.9999526896009218
logcosh,512,1,mulkan,29,73856,test_block,raw_nmse,27,0,0.9894083490489326
logcosh,512,1,mulkan,29,73856,test_block,raw_nmse,27,6,0.9853447404301173
logcosh,512,1,mulkan,47,73856,test_block,raw_nmse,14,0,0.9989472150426889
logcosh,512,1,mulkan,47,73856,test_block,raw_nmse,14,6,0.9968528565974596
logcosh,512,1,mulkan,47,73856,test_block,raw_nmse,27,0,0.9889527894632846
logcosh,512,1,mulkan,47,73856,test_block,raw_nmse,27,6,0.9794404586091259
logcosh,64,1,mulkan,11,73856,train,logcosh,14,0,1.8618245294515658
logcosh,64,1,mulkan,11,73856,train,logcosh,14,6,1.8415234679429766
logcosh,64,1,mulkan,11,73856,train,logcosh,27,0,1.00657082571783
logcosh,64,1,mulkan,11,73856,train,logcosh,27,6,1.0442190297065688
logcosh,64,1,mulkan,29,73856,train,logcosh,14,0,1.9409195179918948
logcosh,64,1,mulkan,29,73856,train,logcosh,14,6,1.836642299198543
logcosh,64,1,mulkan,29,73856,train,logcosh,27,0,1.0521693985232696
logcosh,64,1,mulkan,29,73856,train,logcosh,27,6,1.135403258854327
logcosh,64,1,mulkan,47,73856,train,logcosh,14,0,1.933771657859246
logcosh,64,1,mulkan,47,73856,train,logcosh,14,6,1.8250896761736857
logcosh,64,1,mulkan,47,73856,train,logcosh,27,0,1.0436602555989598
logcosh,64,1,mulkan,47,73856,train,logcosh,27,6,1.0892000838075577
logcosh,64,1,mulkan,11,73856,train,log_mae,14,0,2.4487769315598626
logcosh,64,1,mulkan,11,73856,train,log_mae,14,6,2.427389232992695
logcosh,64,1,mulkan,11,73856,train,log_mae,27,0,1.5362849964116796
logcosh,64,1,mulkan,11,73856,train,log_mae,27,6,1.5776726884118142
logcosh,64,1,mulkan,29,73856,train,log_mae,14,0,2.5311283707848844
logcosh,64,1,mulkan,29,73856,train,log_mae,14,6,2.4220929088312317
logcosh,64,1,mulkan,29,73856,train,log_mae,27,0,1.5864854220512248
logcosh,64,1,mulkan,29,73856,train,log_mae,27,6,1.6778479832222837
logcosh,64,1,mulkan,47,73856,train,log_mae,14,0,2.522702004061742
logcosh,64,1,mulkan,47,73856,train,log_mae,14,6,2.409856929252541
logcosh,64,1,mulkan,47,73856,train,log_mae,27,0,1.5762456416472501
logcosh,64,1,mulkan,47,73856,train,log_mae,27,6,1.6276593814740516
logcosh,64,1,mulkan,11,73856,train,factor2,14,0,0.183349609375
logcosh,64,1,mulkan,11,73856,train,factor2,14,6,0.185760498046875
logcosh,64,1,mulkan,11,73856,train,factor2,27,0,0.28948974609375
logcosh,64,1,mulkan,11,73856,train,factor2,27,6,0.282745361328125
logcosh,64,1,mulkan,29,73856,train,factor2,14,0,0.176788330078125
logcosh,64,1,mulkan,29,73856,train,factor2,14,6,0.18719482421875
logcosh,64,1,mulkan,29,73856,train,factor2,27,0,0.2783203125
logcosh,64,1,mulkan,29,73856,train,factor2,27,6,0.26556396484375
logcosh,64,1,mulkan,47,73856,train,factor2,14,0,0.179107666015625
logcosh,64,1,mulkan,47,73856,train,factor2,14,6,0.1871337890625
logcosh,64,1,mulkan,47,73856,train,factor2,27,0,0.283172607421875
logcosh,64,1,mulkan,47,73856,train,factor2,27,6,0.274627685546875
logcosh,64,1,mulkan,11,73856,train,factor10,14,0,0.5614013671875
logcosh,64,1,mulkan,11,73856,train,factor10,14,6,0.5576171875
logcosh,64,1,mulkan,11,73856,train,factor10,27,0,0.772491455078125
logcosh,64,1,mulkan,11,73856,train,factor10,27,6,0.762451171875
logcosh,64,1,mulkan,29,73856,train,factor10,14,0,0.546630859375
logcosh,64,1,mulkan,29,73856,train,factor10,14,6,0.55767822265625
logcosh,64,1,mulkan,29,73856,train,factor10,27,0,0.759063720703125
logcosh,64,1,mulkan,29,73856,train,factor10,27,6,0.734375
logcosh,64,1,mulkan,47,73856,train,factor10,14,0,0.5482177734375
logcosh,64,1,mulkan,47,73856,train,factor10,14,6,0.561187744140625
logcosh,64,1,mulkan,47,73856,train,factor10,27,0,0.7623291015625
logcosh,64,1,mulkan,47,73856,train,factor10,27,6,0.747955322265625
logcosh,64,1,mulkan,11,73856,train,raw_nmse,14,0,0.9999980211605395
logcosh,64,1,mulkan,11,73856,train,raw_nmse,14,6,0.9999925413698815
logcosh,64,1,mulkan,11,73856,train,raw_nmse,27,0,0.998842724478163
logcosh,64,1,mulkan,11,73856,train,raw_nmse,27,6,0.9983383318450948
logcosh,64,1,mulkan,29,73856,train,raw_nmse,14,0,0.9999979324719553
logcosh,64,1,mulkan,29,73856,train,raw_nmse,14,6,0.9999922674640964
logcosh,64,1,mulkan,29,73856,train,raw_nmse,27,0,0.9993765865164556
logcosh,64,1,mulkan,29,73856,train,raw_nmse,27,6,0.998926831618517
logcosh,64,1,mulkan,47,73856,train,raw_nmse,14,0,0.9999978325777069
logcosh,64,1,mulkan,47,73856,train,raw_nmse,14,6,0.9999923337768816
logcosh,64,1,mulkan,47,73856,train,raw_nmse,27,0,0.999483779979726
logcosh,64,1,mulkan,47,73856,train,raw_nmse,27,6,0.9986808470578481
logcosh,64,1,mulkan,11,73856,train,normalized_idiv,14,0,12.209082277312788
logcosh,64,1,mulkan,11,73856,train,normalized_idiv,14,6,9.689581405395414
logcosh,64,1,mulkan,11,73856,train,normalized_idiv,27,0,4.097640205207421
logcosh,64,1,mulkan,11,73856,train,normalized_idiv,27,6,4.140765058267493
logcosh,64,1,mulkan,29,73856,train,normalized_idiv,14,0,12.10355046895965
logcosh,64,1,mulkan,29,73856,train,normalized_idiv,14,6,9.669153746636164
logcosh,64,1,mulkan,29,73856,train,normalized_idiv,27,0,4.551179238901661
logcosh,64,1,mulkan,29,73856,train,normalized_idiv,27,6,4.484447681409814
logcosh,64,1,mulkan,47,73856,train,normalized_idiv,14,0,12.0033762709023
logcosh,64,1,mulkan,47,73856,train,normalized_idiv,14,6,9.724548135612615
logcosh,64,1,mulkan,47,73856,train,normalized_idiv,27,0,4.715124716379728
logcosh,64,1,mulkan,47,73856,train,normalized_idiv,27,6,4.342735659224103
logcosh,64,1,mulkan,11,73856,validation,logcosh,14,0,1.8831900634669954
logcosh,64,1,mulkan,11,73856,validation,logcosh,14,6,1.8706898721689782
logcosh,64,1,mulkan,11,73856,validation,logcosh,27,0,1.0180972630068192
logcosh,64,1,mulkan,11,73856,validation,logcosh,27,6,1.05629890691979
logcosh,64,1,mulkan,29,73856,validation,logcosh,14,0,1.970439760421389
logcosh,64,1,mulkan,29,73856,validation,logcosh,14,6,1.8730227411488585
logcosh,64,1,mulkan,29,73856,validation,logcosh,27,0,1.053185413161127
logcosh,64,1,mulkan,29,73856,validation,logcosh,27,6,1.1453869174177296
logcosh,64,1,mulkan,47,73856,validation,logcosh,14,0,1.9555920854826812
logcosh,64,1,mulkan,47,73856,validation,logcosh,14,6,1.8567215475099044
logcosh,64,1,mulkan,47,73856,validation,logcosh,27,0,1.049231474651006
logcosh,64,1,mulkan,47,73856,validation,logcosh,27,6,1.098787932099649
logcosh,64,1,mulkan,11,73856,validation,log_mae,14,0,2.4710257510597557
logcosh,64,1,mulkan,11,73856,validation,log_mae,14,6,2.4579781434361454
logcosh,64,1,mulkan,11,73856,validation,log_mae,27,0,1.5493920375595103
logcosh,64,1,mulkan,11,73856,validation,log_mae,27,6,1.5923711233667084
logcosh,64,1,mulkan,29,73856,validation,log_mae,14,0,2.5619737051675884
logcosh,64,1,mulkan,29,73856,validation,log_mae,14,6,2.4610244931166623
logcosh,64,1,mulkan,29,73856,validation,log_mae,27,0,1.588093814896789
logcosh,64,1,mulkan,29,73856,validation,log_mae,27,6,1.6907098554442448
logcosh,64,1,mulkan,47,73856,validation,log_mae,14,0,2.5463940742848763
logcosh,64,1,mulkan,47,73856,validation,log_mae,14,6,2.4435014799594743
logcosh,64,1,mulkan,47,73856,validation,log_mae,27,0,1.583672559826983
logcosh,64,1,mulkan,47,73856,validation,log_mae,27,6,1.6394803679071877
logcosh,64,1,mulkan,11,73856,validation,factor2,14,0,0.1817474365234375
logcosh,64,1,mulkan,11,73856,validation,factor2,14,6,0.1820220947265625
logcosh,64,1,mulkan,11,73856,validation,factor2,27,0,0.2865753173828125
logcosh,64,1,mulkan,11,73856,validation,factor2,27,6,0.27667236328125
logcosh,64,1,mulkan,29,73856,validation,factor2,14,0,0.173797607421875
logcosh,64,1,mulkan,29,73856,validation,factor2,14,6,0.1807708740234375
logcosh,64,1,mulkan,29,73856,validation,factor2,27,0,0.2799224853515625
logcosh,64,1,mulkan,29,73856,validation,factor2,27,6,0.2599639892578125
logcosh,64,1,mulkan,47,73856,validation,factor2,14,0,0.177032470703125
logcosh,64,1,mulkan,47,73856,validation,factor2,14,6,0.18408203125
logcosh,64,1,mulkan,47,73856,validation,factor2,27,0,0.281494140625
logcosh,64,1,mulkan,47,73856,validation,factor2,27,6,0.26953125
logcosh,64,1,mulkan,11,73856,validation,factor10,14,0,0.5519866943359375
logcosh,64,1,mulkan,11,73856,validation,factor10,14,6,0.55389404296875
logcosh,64,1,mulkan,11,73856,validation,factor10,27,0,0.7690887451171875
logcosh,64,1,mulkan,11,73856,validation,factor10,27,6,0.7554779052734375
logcosh,64,1,mulkan,29,73856,validation,factor10,14,0,0.5366058349609375
logcosh,64,1,mulkan,29,73856,validation,factor10,14,6,0.5531768798828125
logcosh,64,1,mulkan,29,73856,validation,factor10,27,0,0.7585906982421875
logcosh,64,1,mulkan,29,73856,validation,factor10,27,6,0.7272186279296875
logcosh,64,1,mulkan,47,73856,validation,factor10,14,0,0.5377197265625
logcosh,64,1,mulkan,47,73856,validation,factor10,14,6,0.55670166015625
logcosh,64,1,mulkan,47,73856,validation,factor10,27,0,0.7586669921875
logcosh,64,1,mulkan,47,73856,validation,factor10,27,6,0.7414398193359375
logcosh,64,1,mulkan,11,73856,validation,raw_nmse,14,0,0.9999969170306187
logcosh,64,1,mulkan,11,73856,validation,raw_nmse,14,6,0.9999687853429166
logcosh,64,1,mulkan,11,73856,validation,raw_nmse,27,0,0.9980561625939111
logcosh,64,1,mulkan,11,73856,validation,raw_nmse,27,6,0.9996453101008675
logcosh,64,1,mulkan,29,73856,validation,raw_nmse,14,0,0.9999966338602628
logcosh,64,1,mulkan,29,73856,validation,raw_nmse,14,6,0.9999636553669442
logcosh,64,1,mulkan,29,73856,validation,raw_nmse,27,0,0.9989749956911089
logcosh,64,1,mulkan,29,73856,validation,raw_nmse,27,6,0.9997713509062811
logcosh,64,1,mulkan,47,73856,validation,raw_nmse,14,0,0.9999964169778306
logcosh,64,1,mulkan,47,73856,validation,raw_nmse,14,6,0.9999616290628248
logcosh,64,1,mulkan,47,73856,validation,raw_nmse,27,0,0.9991240414925431
logcosh,64,1,mulkan,47,73856,validation,raw_nmse,27,6,0.999725857622024
logcosh,64,1,mulkan,11,73856,validation,normalized_idiv,14,0,12.05922162554863
logcosh,64,1,mulkan,11,73856,validation,normalized_idiv,14,6,8.557085671767926
logcosh,64,1,mulkan,11,73856,validation,normalized_idiv,27,0,3.6800779273564115
logcosh,64,1,mulkan,11,73856,validation,normalized_idiv,27,6,4.779013909894089
logcosh,64,1,mulkan,29,73856,validation,normalized_idiv,14,0,11.948937765791475
logcosh,64,1,mulkan,29,73856,validation,normalized_idiv,14,6,8.41504863856299
logcosh,64,1,mulkan,29,73856,validation,normalized_idiv,27,0,4.151338826006409
logcosh,64,1,mulkan,29,73856,validation,normalized_idiv,27,6,5.13302826660081
logcosh,64,1,mulkan,47,73856,validation,normalized_idiv,14,0,11.781208352111761
logcosh,64,1,mulkan,47,73856,validation,normalized_idiv,14,6,8.364139231709023
logcosh,64,1,mulkan,47,73856,validation,normalized_idiv,27,0,4.273188268934736
logcosh,64,1,mulkan,47,73856,validation,normalized_idiv,27,6,5.010885410420632
logcosh,64,1,mulkan,11,73856,test,logcosh,14,0,1.8646468315393587
logcosh,64,1,mulkan,11,73856,test,logcosh,14,6,1.8679050465698785
logcosh,64,1,mulkan,11,73856,test,logcosh,27,0,1.0149426501108456
logcosh,64,1,mulkan,11,73856,test,logcosh,27,6,1.0447348896380972
logcosh,64,1,mulkan,29,73856,test,logcosh,14,0,1.942187664521004
logcosh,64,1,mulkan,29,73856,test,logcosh,14,6,1.8665337636734556
logcosh,64,1,mulkan,29,73856,test,logcosh,27,0,1.055544989203797
logcosh,64,1,mulkan,29,73856,test,logcosh,27,6,1.1324351586898926
logcosh,64,1,mulkan,47,73856,test,logcosh,14,0,1.9352326574707683
logcosh,64,1,mulkan,47,73856,test,logcosh,14,6,1.8541102048038247
logcosh,64,1,mulkan,47,73856,test,logcosh,27,0,1.0492947885092114
logcosh,64,1,mulkan,47,73856,test,logcosh,27,6,1.0896522805778748
logcosh,64,1,mulkan,11,73856,test,log_mae,14,0,2.451372939335684
logcosh,64,1,mulkan,11,73856,test,log_mae,14,6,2.455213735879691
logcosh,64,1,mulkan,11,73856,test,log_mae,27,0,1.5453175859367967
logcosh,64,1,mulkan,11,73856,test,log_mae,27,6,1.5799992178352862
logcosh,64,1,mulkan,29,73856,test,log_mae,14,0,2.5318813775984523
logcosh,64,1,mulkan,29,73856,test,log_mae,14,6,2.4542991159788228
logcosh,64,1,mulkan,29,73856,test,log_mae,27,0,1.5900531423219921
logcosh,64,1,mulkan,29,73856,test,log_mae,27,6,1.6765249201711252
logcosh,64,1,mulkan,47,73856,test,log_mae,14,0,2.5244031633547053
logcosh,64,1,mulkan,47,73856,test,log_mae,14,6,2.440765043894383
logcosh,64,1,mulkan,47,73856,test,log_mae,27,0,1.582514857166637
logcosh,64,1,mulkan,47,73856,test,log_mae,27,6,1.629627727726422
logcosh,64,1,mulkan,11,73856,test,factor2,14,0,0.18378448486328125
logcosh,64,1,mulkan,11,73856,test,factor2,14,6,0.18255615234375
logcosh,64,1,mulkan,11,73856,test,factor2,27,0,0.2894134521484375
logcosh,64,1,mulkan,11,73856,test,factor2,27,6,0.2788543701171875
logcosh,64,1,mulkan,29,73856,test,factor2,14,0,0.17687225341796875
logcosh,64,1,mulkan,29,73856,test,factor2,14,6,0.18206787109375
logcosh,64,1,mulkan,29,73856,test,factor2,27,0,0.2810211181640625
logcosh,64,1,mulkan,29,73856,test,factor2,27,6,0.2614593505859375
logcosh,64,1,mulkan,47,73856,test,factor2,14,0,0.179229736328125
logcosh,64,1,mulkan,47,73856,test,factor2,14,6,0.1832733154296875
logcosh,64,1,mulkan,47,73856,test,factor2,27,0,0.28235626220703125
logcosh,64,1,mulkan,47,73856,test,factor2,27,6,0.27019500732421875
logcosh,64,1,mulkan,11,73856,test,factor10,14,0,0.558380126953125
logcosh,64,1,mulkan,11,73856,test,factor10,14,6,0.552978515625
logcosh,64,1,mulkan,11,73856,test,factor10,27,0,0.7690963745117188
logcosh,64,1,mulkan,11,73856,test,factor10,27,6,0.7599639892578125
logcosh,64,1,mulkan,29,73856,test,factor10,14,0,0.5444869995117188
logcosh,64,1,mulkan,29,73856,test,factor10,14,6,0.553680419921875
logcosh,64,1,mulkan,29,73856,test,factor10,27,0,0.7573394775390625
logcosh,64,1,mulkan,29,73856,test,factor10,27,6,0.7313079833984375
logcosh,64,1,mulkan,47,73856,test,factor10,14,0,0.5441360473632812
logcosh,64,1,mulkan,47,73856,test,factor10,14,6,0.5566635131835938
logcosh,64,1,mulkan,47,73856,test,factor10,27,0,0.7599563598632812
logcosh,64,1,mulkan,47,73856,test,factor10,27,6,0.7450790405273438
logcosh,64,1,mulkan,11,73856,test,raw_nmse,14,0,0.9999985623756489
logcosh,64,1,mulkan,11,73856,test,raw_nmse,14,6,0.999998819677308
logcosh,64,1,mulkan,11,73856,test,raw_nmse,27,0,0.999368764790461
logcosh,64,1,mulkan,11,73856,test,raw_nmse,27,6,0.99939646804994
logcosh,64,1,mulkan,29,73856,test,raw_nmse,14,0,0.9999984824420671
logcosh,64,1,mulkan,29,73856,test,raw_nmse,14,6,0.999998728411392
logcosh,64,1,mulkan,29,73856,test,raw_nmse,27,0,0.9996565299944029
logcosh,64,1,mulkan,29,73856,test,raw_nmse,27,6,0.9996043759479858
logcosh,64,1,mulkan,47,73856,test,raw_nmse,14,0,0.9999985007855297
logcosh,64,1,mulkan,47,73856,test,raw_nmse,14,6,0.9999987019726063
logcosh,64,1,mulkan,47,73856,test,raw_nmse,27,0,0.9997068578012716
logcosh,64,1,mulkan,47,73856,test,raw_nmse,27,6,0.9995199118147337
logcosh,64,1,mulkan,11,73856,test,normalized_idiv,14,0,12.385072144709484
logcosh,64,1,mulkan,11,73856,test,normalized_idiv,14,6,10.74964306093024
logcosh,64,1,mulkan,11,73856,test,normalized_idiv,27,0,4.369801345563859
logcosh,64,1,mulkan,11,73856,test,normalized_idiv,27,6,4.499426122716979
logcosh,64,1,mulkan,29,73856,test,normalized_idiv,14,0,12.29315005485247
logcosh,64,1,mulkan,29,73856,test,normalized_idiv,14,6,10.68686558273452
logcosh,64,1,mulkan,29,73856,test,normalized_idiv,27,0,4.823855037868706
logcosh,64,1,mulkan,29,73856,test,normalized_idiv,27,6,4.817711969597506
logcosh,64,1,mulkan,47,73856,test,normalized_idiv,14,0,12.259556239073115
logcosh,64,1,mulkan,47,73856,test,normalized_idiv,14,6,10.681134275192766
logcosh,64,1,mulkan,47,73856,test,normalized_idiv,27,0,4.94837533513051
logcosh,64,1,mulkan,47,73856,test,normalized_idiv,27,6,4.707315565550264
logcosh,64,1,mulkan,11,73856,test_block,attention_nmse,14,0,0.9966979622840881
logcosh,64,1,mulkan,11,73856,test_block,attention_nmse,14,6,0.9955103993415833
logcosh,64,1,mulkan,11,73856,test_block,attention_nmse,27,0,0.8952112197875977
logcosh,64,1,mulkan,11,73856,test_block,attention_nmse,27,6,0.8462039828300476
logcosh,64,1,mulkan,29,73856,test_block,attention_nmse,14,0,0.9967162609100342
logcosh,64,1,mulkan,29,73856,test_block,attention_nmse,14,6,0.9915087223052979
logcosh,64,1,mulkan,29,73856,test_block,attention_nmse,27,0,0.8855322003364563
logcosh,64,1,mulkan,29,73856,test_block,attention_nmse,27,6,0.845899224281311
logcosh,64,1,mulkan,47,73856,test_block,attention_nmse,14,0,0.9948073625564575
logcosh,64,1,mulkan,47,73856,test_block,attention_nmse,14,6,0.9922921657562256
logcosh,64,1,mulkan,47,73856,test_block,attention_nmse,27,0,0.8952441215515137
logcosh,64,1,mulkan,47,73856,test_block,attention_nmse,27,6,0.8397659063339233
logcosh,64,1,mulkan,11,73856,test_block,output_nmse,14,0,7.611743927001953
logcosh,64,1,mulkan,11,73856,test_block,output_nmse,14,6,2.2085978984832764
logcosh,64,1,mulkan,11,73856,test_block,output_nmse,27,0,0.3484150767326355
logcosh,64,1,mulkan,11,73856,test_block,output_nmse,27,6,0.47193586826324463
logcosh,64,1,mulkan,29,73856,test_block,output_nmse,14,0,7.65927791595459
logcosh,64,1,mulkan,29,73856,test_block,output_nmse,14,6,2.18436336517334
logcosh,64,1,mulkan,29,73856,test_block,output_nmse,27,0,0.3466309905052185
logcosh,64,1,mulkan,29,73856,test_block,output_nmse,27,6,0.4807412624359131
logcosh,64,1,mulkan,47,73856,test_block,output_nmse,14,0,7.545552730560303
logcosh,64,1,mulkan,47,73856,test_block,output_nmse,14,6,2.1929166316986084
logcosh,64,1,mulkan,47,73856,test_block,output_nmse,27,0,0.3475908637046814
logcosh,64,1,mulkan,47,73856,test_block,output_nmse,27,6,0.47015202045440674
logcosh,64,1,mulkan,11,73856,test_block,row_l1,14,0,1.9410181045532227
logcosh,64,1,mulkan,11,73856,test_block,row_l1,14,6,1.768159031867981
logcosh,64,1,mulkan,11,73856,test_block,row_l1,27,0,1.1260141134262085
logcosh,64,1,mulkan,11,73856,test_block,row_l1,27,6,1.0592097043991089
logcosh,64,1,mulkan,29,73856,test_block,row_l1,14,0,1.9414491653442383
logcosh,64,1,mulkan,29,73856,test_block,row_l1,14,6,1.7617716789245605
logcosh,64,1,mulkan,29,73856,test_block,row_l1,27,0,1.1105648279190063
logcosh,64,1,mulkan,29,73856,test_block,row_l1,27,6,1.0760302543640137
logcosh,64,1,mulkan,47,73856,test_block,row_l1,14,0,1.9388642311096191
logcosh,64,1,mulkan,47,73856,test_block,row_l1,14,6,1.7612611055374146
logcosh,64,1,mulkan,47,73856,test_block,row_l1,27,0,1.1261398792266846
logcosh,64,1,mulkan,47,73856,test_block,row_l1,27,6,1.054738998413086
logcosh,64,1,mulkan,11,73856,test_block,raw_nmse,14,0,0.9999985745883327
logcosh,64,1,mulkan,11,73856,test_block,raw_nmse,14,6,0.9999982194391558
logcosh,64,1,mulkan,11,73856,test_block,raw_nmse,27,0,0.9989283774068218
logcosh,64,1,mulkan,11,73856,test_block,raw_nmse,27,6,0.999437649950736
logcosh,64,1,mulkan,29,73856,test_block,raw_nmse,14,0,0.9999984849563238
logcosh,64,1,mulkan,29,73856,test_block,raw_nmse,14,6,0.9999981424958237
logcosh,64,1,mulkan,29,73856,test_block,raw_nmse,27,0,0.9994270620282514
logcosh,64,1,mulkan,29,73856,test_block,raw_nmse,27,6,0.9996383368613302
logcosh,64,1,mulkan,47,73856,test_block,raw_nmse,14,0,0.9999985326782269
logcosh,64,1,mulkan,47,73856,test_block,raw_nmse,14,6,0.9999981531047325
logcosh,64,1,mulkan,47,73856,test_block,raw_nmse,27,0,0.9995181168616436
logcosh,64,1,mulkan,47,73856,test_block,raw_nmse,27,6,0.999557267489604
poisson,4096,1,kan,11,73856,train,logcosh,14,0,3.6682463827700023
poisson,4096,1,kan,11,73856,train,logcosh,14,6,2.763416397545558
poisson,4096,1,kan,11,73856,train,logcosh,27,0,0.9147433284830087
poisson,4096,1,kan,11,73856,train,logcosh,27,6,0.9245418401370759
poisson,4096,1,kan,29,73856,train,logcosh,14,0,4.025946496789569
poisson,4096,1,kan,29,73856,train,logcosh,14,6,2.9891787235115386
poisson,4096,1,kan,29,73856,train,logcosh,27,0,1.026606960786077
poisson,4096,1,kan,29,73856,train,logcosh,27,6,1.0462499939686278
poisson,4096,1,kan,47,73856,train,logcosh,14,0,3.9777799119676196
poisson,4096,1,kan,47,73856,train,logcosh,14,6,2.9148099592610164
poisson,4096,1,kan,47,73856,train,logcosh,27,0,1.0684839616096515
poisson,4096,1,kan,47,73856,train,logcosh,27,6,0.969153202591879
poisson,4096,1,kan,11,73856,train,log_mae,14,0,4.306660098091452
poisson,4096,1,kan,11,73856,train,log_mae,14,6,3.3815036017803366
poisson,4096,1,kan,11,73856,train,log_mae,27,0,1.42399675602235
poisson,4096,1,kan,11,73856,train,log_mae,27,6,1.4349556018365583
poisson,4096,1,kan,29,73856,train,log_mae,14,0,4.672891260156389
poisson,4096,1,kan,29,73856,train,log_mae,14,6,3.6152189691224352
poisson,4096,1,kan,29,73856,train,log_mae,27,0,1.553050838123104
poisson,4096,1,kan,29,73856,train,log_mae,27,6,1.574785288836189
poisson,4096,1,kan,47,73856,train,log_mae,14,0,4.625074271255176
poisson,4096,1,kan,47,73856,train,log_mae,14,6,3.5395421071275117
poisson,4096,1,kan,47,73856,train,log_mae,27,0,1.60041409620012
poisson,4096,1,kan,47,73856,train,log_mae,27,6,1.4876241766162894
poisson,4096,1,kan,11,73856,train,factor2,14,0,0.09217262268066406
poisson,4096,1,kan,11,73856,train,factor2,14,6,0.12764930725097656
poisson,4096,1,kan,11,73856,train,factor2,27,0,0.3334527015686035
poisson,4096,1,kan,11,73856,train,factor2,27,6,0.3312830924987793
poisson,4096,1,kan,29,73856,train,factor2,14,0,0.07721471786499023
poisson,4096,1,kan,29,73856,train,factor2,14,6,0.11350345611572266
poisson,4096,1,kan,29,73856,train,factor2,27,0,0.29809999465942383
poisson,4096,1,kan,29,73856,train,factor2,27,6,0.2936892509460449
poisson,4096,1,kan,47,73856,train,factor2,14,0,0.0765080451965332
poisson,4096,1,kan,47,73856,train,factor2,14,6,0.11582612991333008
poisson,4096,1,kan,47,73856,train,factor2,27,0,0.2863740921020508
poisson,4096,1,kan,47,73856,train,factor2,27,6,0.31427860260009766
poisson,4096,1,kan,11,73856,train,factor10,14,0,0.3043041229248047
poisson,4096,1,kan,11,73856,train,factor10,14,6,0.4063849449157715
poisson,4096,1,kan,11,73856,train,factor10,27,0,0.8062334060668945
poisson,4096,1,kan,11,73856,train,factor10,27,6,0.802241325378418
poisson,4096,1,kan,29,73856,train,factor10,14,0,0.26195573806762695
poisson,4096,1,kan,29,73856,train,factor10,14,6,0.37031984329223633
poisson,4096,1,kan,29,73856,train,factor10,27,0,0.769615650177002
poisson,4096,1,kan,29,73856,train,factor10,27,6,0.7646551132202148
poisson,4096,1,kan,47,73856,train,factor10,14,0,0.2619466781616211
poisson,4096,1,kan,47,73856,train,factor10,14,6,0.37708091735839844
poisson,4096,1,kan,47,73856,train,factor10,27,0,0.7582368850708008
poisson,4096,1,kan,47,73856,train,factor10,27,6,0.7881922721862793
poisson,4096,1,kan,11,73856,train,raw_nmse,14,0,0.7321992322654498
poisson,4096,1,kan,11,73856,train,raw_nmse,14,6,0.9844779177767772
poisson,4096,1,kan,11,73856,train,raw_nmse,27,0,0.898749388276098
poisson,4096,1,kan,11,73856,train,raw_nmse,27,6,0.8812409559248002
poisson,4096,1,kan,29,73856,train,raw_nmse,14,0,0.7340991299866924
poisson,4096,1,kan,29,73856,train,raw_nmse,14,6,0.9836824279820172
poisson,4096,1,kan,29,73856,train,raw_nmse,27,0,0.8995836098403182
poisson,4096,1,kan,29,73856,train,raw_nmse,27,6,0.8755730125466796
poisson,4096,1,kan,47,73856,train,raw_nmse,14,0,0.7312724713144834
poisson,4096,1,kan,47,73856,train,raw_nmse,14,6,0.9844217246254817
poisson,4096,1,kan,47,73856,train,raw_nmse,27,0,0.89444241878941
poisson,4096,1,kan,47,73856,train,raw_nmse,27,6,0.8914579940351318
poisson,4096,1,kan,11,73856,train,normalized_idiv,14,0,1.3674584659649425
poisson,4096,1,kan,11,73856,train,normalized_idiv,14,6,2.307040025192053
poisson,4096,1,kan,11,73856,train,normalized_idiv,27,0,1.0614120548137014
poisson,4096,1,kan,11,73856,train,normalized_idiv,27,6,0.9661083649543561
poisson,4096,1,kan,29,73856,train,normalized_idiv,14,0,1.394704236445718
poisson,4096,1,kan,29,73856,train,normalized_idiv,14,6,2.3103668661800905
poisson,4096,1,kan,29,73856,train,normalized_idiv,27,0,1.056954604752475
poisson,4096,1,kan,29,73856,train,normalized_idiv,27,6,0.9749694899711693
poisson,4096,1,kan,47,73856,train,normalized_idiv,14,0,1.3635399722137382
poisson,4096,1,kan,47,73856,train,normalized_idiv,14,6,2.3007136800145496
poisson,4096,1,kan,47,73856,train,normalized_idiv,27,0,1.0465141648041223
poisson,4096,1,kan,47,73856,train,normalized_idiv,27,6,0.9755886298267563
poisson,4096,1,kan,11,73856,validation,logcosh,14,0,3.621885233719926
poisson,4096,1,kan,11,73856,validation,logcosh,14,6,2.7431070844434036
poisson,4096,1,kan,11,73856,validation,logcosh,27,0,0.9262096861145976
poisson,4096,1,kan,11,73856,validation,logcosh,27,6,0.9417823831282848
poisson,4096,1,kan,29,73856,validation,logcosh,14,0,3.9827097109487095
poisson,4096,1,kan,29,73856,validation,logcosh,14,6,2.9713137178603994
poisson,4096,1,kan,29,73856,validation,logcosh,27,0,1.035797400261822
poisson,4096,1,kan,29,73856,validation,logcosh,27,6,1.064064623694621
poisson,4096,1,kan,47,73856,validation,logcosh,14,0,3.9312976289930286
poisson,4096,1,kan,47,73856,validation,logcosh,14,6,2.8942350705650948
poisson,4096,1,kan,47,73856,validation,logcosh,27,0,1.0801396860668329
poisson,4096,1,kan,47,73856,validation,logcosh,27,6,0.9869944102117403
poisson,4096,1,kan,11,73856,validation,log_mae,14,0,4.258881821836098
poisson,4096,1,kan,11,73856,validation,log_mae,14,6,3.3589115547140924
poisson,4096,1,kan,11,73856,validation,log_mae,27,0,1.436682285727685
poisson,4096,1,kan,11,73856,validation,log_mae,27,6,1.453402535555758
poisson,4096,1,kan,29,73856,validation,log_mae,14,0,4.628725625930201
poisson,4096,1,kan,29,73856,validation,log_mae,14,6,3.596139411353585
poisson,4096,1,kan,29,73856,validation,log_mae,27,0,1.5627719886573395
poisson,4096,1,kan,29,73856,validation,log_mae,27,6,1.5932304500268137
poisson,4096,1,kan,47,73856,validation,log_mae,14,0,4.577518804474153
poisson,4096,1,kan,47,73856,validation,log_mae,14,6,3.5168019634805265
poisson,4096,1,kan,47,73856,validation,log_mae,27,0,1.6125661658934198
poisson,4096,1,kan,47,73856,validation,log_mae,27,6,1.5070708225952862
poisson,4096,1,kan,11,73856,validation,factor2,14,0,0.0939788818359375
poisson,4096,1,kan,11,73856,validation,factor2,14,6,0.1325531005859375
poisson,4096,1,kan,11,73856,validation,factor2,27,0,0.3311920166015625
poisson,4096,1,kan,11,73856,validation,factor2,27,6,0.328857421875
poisson,4096,1,kan,29,73856,validation,factor2,14,0,0.0789031982421875
poisson,4096,1,kan,29,73856,validation,factor2,14,6,0.1161041259765625
poisson,4096,1,kan,29,73856,validation,factor2,27,0,0.2966766357421875
poisson,4096,1,kan,29,73856,validation,factor2,27,6,0.2928924560546875
poisson,4096,1,kan,47,73856,validation,factor2,14,0,0.0785675048828125
poisson,4096,1,kan,47,73856,validation,factor2,14,6,0.12054443359375
poisson,4096,1,kan,47,73856,validation,factor2,27,0,0.2870635986328125
poisson,4096,1,kan,47,73856,validation,factor2,27,6,0.311187744140625
poisson,4096,1,kan,11,73856,validation,factor10,14,0,0.3101348876953125
poisson,4096,1,kan,11,73856,validation,factor10,14,6,0.4137725830078125
poisson,4096,1,kan,11,73856,validation,factor10,27,0,0.8026580810546875
poisson,4096,1,kan,11,73856,validation,factor10,27,6,0.796234130859375
poisson,4096,1,kan,29,73856,validation,factor10,14,0,0.266326904296875
poisson,4096,1,kan,29,73856,validation,factor10,14,6,0.37835693359375
poisson,4096,1,kan,29,73856,validation,factor10,27,0,0.768768310546875
poisson,4096,1,kan,29,73856,validation,factor10,27,6,0.7602996826171875
poisson,4096,1,kan,47,73856,validation,factor10,14,0,0.266937255859375
poisson,4096,1,kan,47,73856,validation,factor10,14,6,0.384552001953125
poisson,4096,1,kan,47,73856,validation,factor10,27,0,0.755096435546875
poisson,4096,1,kan,47,73856,validation,factor10,27,6,0.7824554443359375
poisson,4096,1,kan,11,73856,validation,raw_nmse,14,0,0.37719856122428835
poisson,4096,1,kan,11,73856,validation,raw_nmse,14,6,0.7908999079211835
poisson,4096,1,kan,11,73856,validation,raw_nmse,27,0,0.8319096924023139
poisson,4096,1,kan,11,73856,validation,raw_nmse,27,6,0.8452492472589942
poisson,4096,1,kan,29,73856,validation,raw_nmse,14,0,0.3789697240773922
poisson,4096,1,kan,29,73856,validation,raw_nmse,14,6,0.7934933102548651
poisson,4096,1,kan,29,73856,validation,raw_nmse,27,0,0.8500854154050826
poisson,4096,1,kan,29,73856,validation,raw_nmse,27,6,0.8520195614230704
poisson,4096,1,kan,47,73856,validation,raw_nmse,14,0,0.3735704605150679
poisson,4096,1,kan,47,73856,validation,raw_nmse,14,6,0.7925846227636142
poisson,4096,1,kan,47,73856,validation,raw_nmse,27,0,0.8387233366860316
poisson,4096,1,kan,47,73856,validation,raw_nmse,27,6,0.8684881008903242
poisson,4096,1,kan,11,73856,validation,normalized_idiv,14,0,0.9829847716013024
poisson,4096,1,kan,11,73856,validation,normalized_idiv,14,6,1.7337409938562431
poisson,4096,1,kan,11,73856,validation,normalized_idiv,27,0,1.0055675431056572
poisson,4096,1,kan,11,73856,validation,normalized_idiv,27,6,0.9940395915840513
poisson,4096,1,kan,29,73856,validation,normalized_idiv,14,0,1.0291462160838643
poisson,4096,1,kan,29,73856,validation,normalized_idiv,14,6,1.7797046072130183
poisson,4096,1,kan,29,73856,validation,normalized_idiv,27,0,1.0265851982395005
poisson,4096,1,kan,29,73856,validation,normalized_idiv,27,6,1.018869187402935
poisson,4096,1,kan,47,73856,validation,normalized_idiv,14,0,1.0141724151183014
poisson,4096,1,kan,47,73856,validation,normalized_idiv,14,6,1.7274412700226955
poisson,4096,1,kan,47,73856,validation,normalized_idiv,27,0,1.0087381610485986
poisson,4096,1,kan,47,73856,validation,normalized_idiv,27,6,1.0306195813377492
poisson,4096,1,kan,11,73856,test,logcosh,14,0,3.616530920331592
poisson,4096,1,kan,11,73856,test,logcosh,14,6,2.767729540395079
poisson,4096,1,kan,11,73856,test,logcosh,27,0,0.9130667722376291
poisson,4096,1,kan,11,73856,test,logcosh,27,6,0.9177637019893468
poisson,4096,1,kan,29,73856,test,logcosh,14,0,3.9724998977093713
poisson,4096,1,kan,29,73856,test,logcosh,14,6,2.9831173208505226
poisson,4096,1,kan,29,73856,test,logcosh,27,0,1.0240245841810873
poisson,4096,1,kan,29,73856,test,logcosh,27,6,1.0368766270971856
poisson,4096,1,kan,47,73856,test,logcosh,14,0,3.924769765976673
poisson,4096,1,kan,47,73856,test,logcosh,14,6,2.912232240723121
poisson,4096,1,kan,47,73856,test,logcosh,27,0,1.065203430645842
poisson,4096,1,kan,47,73856,test,logcosh,27,6,0.9609573269663971
poisson,4096,1,kan,11,73856,test,log_mae,14,0,4.25402652929462
poisson,4096,1,kan,11,73856,test,log_mae,14,6,3.3864973586842053
poisson,4096,1,kan,11,73856,test,log_mae,27,0,1.422198659842461
poisson,4096,1,kan,11,73856,test,log_mae,27,6,1.426694681869399
poisson,4096,1,kan,29,73856,test,log_mae,14,0,4.618695276422855
poisson,4096,1,kan,29,73856,test,log_mae,14,6,3.608808283031517
poisson,4096,1,kan,29,73856,test,log_mae,27,0,1.5501003501690414
poisson,4096,1,kan,29,73856,test,log_mae,27,6,1.5643774572663882
poisson,4096,1,kan,47,73856,test,log_mae,14,0,4.571085290136139
poisson,4096,1,kan,47,73856,test,log_mae,14,6,3.536727672438583
poisson,4096,1,kan,47,73856,test,log_mae,27,0,1.5967196681470521
poisson,4096,1,kan,47,73856,test,log_mae,27,6,1.4780480677593988
poisson,4096,1,kan,11,73856,test,factor2,14,0,0.09432220458984375
poisson,4096,1,kan,11,73856,test,factor2,14,6,0.12673187255859375
poisson,4096,1,kan,11,73856,test,factor2,27,0,0.3338165283203125
poisson,4096,1,kan,11,73856,test,factor2,27,6,0.3345947265625
poisson,4096,1,kan,29,73856,test,factor2,14,0,0.078155517578125
poisson,4096,1,kan,29,73856,test,factor2,14,6,0.113922119140625
poisson,4096,1,kan,29,73856,test,factor2,27,0,0.29915618896484375
poisson,4096,1,kan,29,73856,test,factor2,27,6,0.29630279541015625
poisson,4096,1,kan,47,73856,test,factor2,14,0,0.07822418212890625
poisson,4096,1,kan,47,73856,test,factor2,14,6,0.1159515380859375
poisson,4096,1,kan,47,73856,test,factor2,27,0,0.2882537841796875
poisson,4096,1,kan,47,73856,test,factor2,27,6,0.31793975830078125
poisson,4096,1,kan,11,73856,test,factor10,14,0,0.3091583251953125
poisson,4096,1,kan,11,73856,test,factor10,14,6,0.405853271484375
poisson,4096,1,kan,11,73856,test,factor10,27,0,0.8062591552734375
poisson,4096,1,kan,11,73856,test,factor10,27,6,0.8027801513671875
poisson,4096,1,kan,29,73856,test,factor10,14,0,0.266998291015625
poisson,4096,1,kan,29,73856,test,factor10,14,6,0.37149810791015625
poisson,4096,1,kan,29,73856,test,factor10,27,0,0.7697525024414062
poisson,4096,1,kan,29,73856,test,factor10,27,6,0.7657012939453125
poisson,4096,1,kan,47,73856,test,factor10,14,0,0.26639556884765625
poisson,4096,1,kan,47,73856,test,factor10,14,6,0.377777099609375
poisson,4096,1,kan,47,73856,test,factor10,27,0,0.757476806640625
poisson,4096,1,kan,47,73856,test,factor10,27,6,0.7890701293945312
poisson,4096,1,kan,11,73856,test,raw_nmse,14,0,0.7673212179678848
poisson,4096,1,kan,11,73856,test,raw_nmse,14,6,0.9927042739520943
poisson,4096,1,kan,11,73856,test,raw_nmse,27,0,0.9190802680234681
poisson,4096,1,kan,11,73856,test,raw_nmse,27,6,0.8847003051853636
poisson,4096,1,kan,29,73856,test,raw_nmse,14,0,0.7673821124091011
poisson,4096,1,kan,29,73856,test,raw_nmse,14,6,0.9930232917902665
poisson,4096,1,kan,29,73856,test,raw_nmse,27,0,0.9252281209330748
poisson,4096,1,kan,29,73856,test,raw_nmse,27,6,0.8858612665112834
poisson,4096,1,kan,47,73856,test,raw_nmse,14,0,0.7667905720811359
poisson,4096,1,kan,47,73856,test,raw_nmse,14,6,0.9930612383257987
poisson,4096,1,kan,47,73856,test,raw_nmse,27,0,0.9193392386809719
poisson,4096,1,kan,47,73856,test,raw_nmse,27,6,0.8898998480027056
poisson,4096,1,kan,11,73856,test,normalized_idiv,14,0,1.7291019829744958
poisson,4096,1,kan,11,73856,test,normalized_idiv,14,6,3.2788051519277
poisson,4096,1,kan,11,73856,test,normalized_idiv,27,0,1.1676098991434318
poisson,4096,1,kan,11,73856,test,normalized_idiv,27,6,1.1074747144413797
poisson,4096,1,kan,29,73856,test,normalized_idiv,14,0,1.7301958150007288
poisson,4096,1,kan,29,73856,test,normalized_idiv,14,6,3.3418790376045915
poisson,4096,1,kan,29,73856,test,normalized_idiv,27,0,1.1902191490697303
poisson,4096,1,kan,29,73856,test,normalized_idiv,27,6,1.1375770943144305
poisson,4096,1,kan,47,73856,test,normalized_idiv,14,0,1.7358850382686064
poisson,4096,1,kan,47,73856,test,normalized_idiv,14,6,3.331864044225289
poisson,4096,1,kan,47,73856,test,normalized_idiv,27,0,1.1550194487168033
poisson,4096,1,kan,47,73856,test,normalized_idiv,27,6,1.1205978970771067
poisson,4096,1,kan,11,73856,test_block,attention_nmse,14,0,0.049683451652526855
poisson,4096,1,kan,11,73856,test_block,attention_nmse,14,6,0.08288143575191498
poisson,4096,1,kan,11,73856,test_block,attention_nmse,27,0,0.7351662516593933
poisson,4096,1,kan,11,73856,test_block,attention_nmse,27,6,0.7338830232620239
poisson,4096,1,kan,29,73856,test_block,attention_nmse,14,0,0.051736149936914444
poisson,4096,1,kan,29,73856,test_block,attention_nmse,14,6,0.08920693397521973
poisson,4096,1,kan,29,73856,test_block,attention_nmse,27,0,0.7345932722091675
poisson,4096,1,kan,29,73856,test_block,attention_nmse,27,6,0.7477912902832031
poisson,4096,1,kan,47,73856,test_block,attention_nmse,14,0,0.049861468374729156
poisson,4096,1,kan,47,73856,test_block,attention_nmse,14,6,0.08130459487438202
poisson,4096,1,kan,47,73856,test_block,attention_nmse,27,0,0.7334311008453369
poisson,4096,1,kan,47,73856,test_block,attention_nmse,27,6,0.7263295650482178
poisson,4096,1,kan,11,73856,test_block,output_nmse,14,0,0.6776590347290039
poisson,4096,1,kan,11,73856,test_block,output_nmse,14,6,0.37600547075271606
poisson,4096,1,kan,11,73856,test_block,output_nmse,27,0,0.26008671522140503
poisson,4096,1,kan,11,73856,test_block,output_nmse,27,6,0.4214755594730377
poisson,4096,1,kan,29,73856,test_block,output_nmse,14,0,0.7034119367599487
poisson,4096,1,kan,29,73856,test_block,output_nmse,14,6,0.3905813694000244
poisson,4096,1,kan,29,73856,test_block,output_nmse,27,0,0.25896456837654114
poisson,4096,1,kan,29,73856,test_block,output_nmse,27,6,0.42470312118530273
poisson,4096,1,kan,47,73856,test_block,output_nmse,14,0,0.6859506368637085
poisson,4096,1,kan,47,73856,test_block,output_nmse,14,6,0.37299948930740356
poisson,4096,1,kan,47,73856,test_block,output_nmse,27,0,0.25678765773773193
poisson,4096,1,kan,47,73856,test_block,output_nmse,27,6,0.4170113205909729
poisson,4096,1,kan,11,73856,test_block,row_l1,14,0,0.2873089909553528
poisson,4096,1,kan,11,73856,test_block,row_l1,14,6,0.5897898077964783
poisson,4096,1,kan,11,73856,test_block,row_l1,27,0,0.9252481460571289
poisson,4096,1,kan,11,73856,test_block,row_l1,27,6,0.9279282689094543
poisson,4096,1,kan,29,73856,test_block,row_l1,14,0,0.3184962570667267
poisson,4096,1,kan,29,73856,test_block,row_l1,14,6,0.6441291570663452
poisson,4096,1,kan,29,73856,test_block,row_l1,27,0,0.9200640320777893
poisson,4096,1,kan,29,73856,test_block,row_l1,27,6,0.9402910470962524
poisson,4096,1,kan,47,73856,test_block,row_l1,14,0,0.30582594871520996
poisson,4096,1,kan,47,73856,test_block,row_l1,14,6,0.6153825521469116
poisson,4096,1,kan,47,73856,test_block,row_l1,27,0,0.9225127100944519
poisson,4096,1,kan,47,73856,test_block,row_l1,27,6,0.9198917150497437
poisson,4096,1,kan,11,73856,test_block,raw_nmse,14,0,0.7683504070466279
poisson,4096,1,kan,11,73856,test_block,raw_nmse,14,6,0.9900012446924272
poisson,4096,1,kan,11,73856,test_block,raw_nmse,27,0,0.8865918834228022
poisson,4096,1,kan,11,73856,test_block,raw_nmse,27,6,0.8784481536288811
poisson,4096,1,kan,29,73856,test_block,raw_nmse,14,0,0.7691001869599435
poisson,4096,1,kan,29,73856,test_block,raw_nmse,14,6,0.9898532338127264
poisson,4096,1,kan,29,73856,test_block,raw_nmse,27,0,0.8908389933842235
poisson,4096,1,kan,29,73856,test_block,raw_nmse,27,6,0.8795398460985171
poisson,4096,1,kan,47,73856,test_block,raw_nmse,14,0,0.7673735735570432
poisson,4096,1,kan,47,73856,test_block,raw_nmse,14,6,0.9901379140899154
poisson,4096,1,kan,47,73856,test_block,raw_nmse,27,0,0.8831274787391797
poisson,4096,1,kan,47,73856,test_block,raw_nmse,27,6,0.8885403620826029
poisson,4096,1,mlp,11,73856,train,logcosh,14,0,3.3080351223570674
poisson,4096,1,mlp,11,73856,train,logcosh,14,6,2.5277502503014686
poisson,4096,1,mlp,11,73856,train,logcosh,27,0,0.8351387551519535
poisson,4096,1,mlp,11,73856,train,logcosh,27,6,0.799476930715584
poisson,4096,1,mlp,29,73856,train,logcosh,14,0,3.3434241243107135
poisson,4096,1,mlp,29,73856,train,logcosh,14,6,2.611152280918567
poisson,4096,1,mlp,29,73856,train,logcosh,27,0,0.8030807910222777
poisson,4096,1,mlp,29,73856,train,logcosh,27,6,0.7897673895541352
poisson,4096,1,mlp,47,73856,train,logcosh,14,0,3.113159930054019
poisson,4096,1,mlp,47,73856,train,logcosh,14,6,2.5824872960843877
poisson,4096,1,mlp,47,73856,train,logcosh,27,0,0.7818318772582156
poisson,4096,1,mlp,47,73856,train,logcosh,27,6,0.7511948296356791
poisson,4096,1,mlp,11,73856,train,log_mae,14,0,3.9410011074345803
poisson,4096,1,mlp,11,73856,train,log_mae,14,6,3.1392692698006734
poisson,4096,1,mlp,11,73856,train,log_mae,27,0,1.3374927295413697
poisson,4096,1,mlp,11,73856,train,log_mae,27,6,1.2978124416990355
poisson,4096,1,mlp,29,73856,train,log_mae,14,0,3.978121281715911
poisson,4096,1,mlp,29,73856,train,log_mae,14,6,3.226822411837838
poisson,4096,1,mlp,29,73856,train,log_mae,27,0,1.3028918776647376
poisson,4096,1,mlp,29,73856,train,log_mae,27,6,1.2877670522037625
poisson,4096,1,mlp,47,73856,train,log_mae,14,0,3.7362727936162186
poisson,4096,1,mlp,47,73856,train,log_mae,14,6,3.197309436464466
poisson,4096,1,mlp,47,73856,train,log_mae,27,0,1.2780313183503955
poisson,4096,1,mlp,47,73856,train,log_mae,27,6,1.2433384327574908
poisson,4096,1,mlp,11,73856,train,factor2,14,0,0.1011509895324707
poisson,4096,1,mlp,11,73856,train,factor2,14,6,0.13912010192871094
poisson,4096,1,mlp,11,73856,train,factor2,27,0,0.346649169921875
poisson,4096,1,mlp,11,73856,train,factor2,27,6,0.3545703887939453
poisson,4096,1,mlp,29,73856,train,factor2,14,0,0.09816598892211914
poisson,4096,1,mlp,29,73856,train,factor2,14,6,0.1315922737121582
poisson,4096,1,mlp,29,73856,train,factor2,27,0,0.35111093521118164
poisson,4096,1,mlp,29,73856,train,factor2,27,6,0.3549981117248535
poisson,4096,1,mlp,47,73856,train,factor2,14,0,0.11896133422851562
poisson,4096,1,mlp,47,73856,train,factor2,14,6,0.1331348419189453
poisson,4096,1,mlp,47,73856,train,factor2,27,0,0.35852909088134766
poisson,4096,1,mlp,47,73856,train,factor2,27,6,0.3670048713684082
poisson,4096,1,mlp,11,73856,train,factor10,14,0,0.33687686920166016
poisson,4096,1,mlp,11,73856,train,factor10,14,6,0.43953800201416016
poisson,4096,1,mlp,11,73856,train,factor10,27,0,0.8299775123596191
poisson,4096,1,mlp,11,73856,train,factor10,27,6,0.8407230377197266
poisson,4096,1,mlp,29,73856,train,factor10,14,0,0.3288612365722656
poisson,4096,1,mlp,29,73856,train,factor10,14,6,0.4217996597290039
poisson,4096,1,mlp,29,73856,train,factor10,27,0,0.8402490615844727
poisson,4096,1,mlp,29,73856,train,factor10,27,6,0.8440771102905273
poisson,4096,1,mlp,47,73856,train,factor10,14,0,0.3782505989074707
poisson,4096,1,mlp,47,73856,train,factor10,14,6,0.4258995056152344
poisson,4096,1,mlp,47,73856,train,factor10,27,0,0.8466043472290039
poisson,4096,1,mlp,47,73856,train,factor10,27,6,0.8565287590026855
poisson,4096,1,mlp,11,73856,train,raw_nmse,14,0,0.7188902065149938
poisson,4096,1,mlp,11,73856,train,raw_nmse,14,6,0.9817706658270586
poisson,4096,1,mlp,11,73856,train,raw_nmse,27,0,0.8210193574666481
poisson,4096,1,mlp,11,73856,train,raw_nmse,27,6,0.848911187592024
poisson,4096,1,mlp,29,73856,train,raw_nmse,14,0,0.7208720825274028
poisson,4096,1,mlp,29,73856,train,raw_nmse,14,6,0.9784602220761601
poisson,4096,1,mlp,29,73856,train,raw_nmse,27,0,0.8637360113328014
poisson,4096,1,mlp,29,73856,train,raw_nmse,27,6,0.8660962982940799
poisson,4096,1,mlp,47,73856,train,raw_nmse,14,0,0.7202840776671037
poisson,4096,1,mlp,47,73856,train,raw_nmse,14,6,0.9795713257468884
poisson,4096,1,mlp,47,73856,train,raw_nmse,27,0,0.8348414830040393
poisson,4096,1,mlp,47,73856,train,raw_nmse,27,6,0.8598465306737625
poisson,4096,1,mlp,11,73856,train,normalized_idiv,14,0,1.1851105850774355
poisson,4096,1,mlp,11,73856,train,normalized_idiv,14,6,2.042563296472272
poisson,4096,1,mlp,11,73856,train,normalized_idiv,27,0,0.9071436099476258
poisson,4096,1,mlp,11,73856,train,normalized_idiv,27,6,0.8517829427469901
poisson,4096,1,mlp,29,73856,train,normalized_idiv,14,0,1.2033776504783102
poisson,4096,1,mlp,29,73856,train,normalized_idiv,14,6,1.9782988435406372
poisson,4096,1,mlp,29,73856,train,normalized_idiv,27,0,0.8850935477312852
poisson,4096,1,mlp,29,73856,train,normalized_idiv,27,6,0.86110600255397
poisson,4096,1,mlp,47,73856,train,normalized_idiv,14,0,1.1829081007187725
poisson,4096,1,mlp,47,73856,train,normalized_idiv,14,6,2.006659970803621
poisson,4096,1,mlp,47,73856,train,normalized_idiv,27,0,0.8506707601314759
poisson,4096,1,mlp,47,73856,train,normalized_idiv,27,6,0.8444201330576732
poisson,4096,1,mlp,11,73856,validation,logcosh,14,0,3.279243729590265
poisson,4096,1,mlp,11,73856,validation,logcosh,14,6,2.5012824658726154
poisson,4096,1,mlp,11,73856,validation,logcosh,27,0,0.8484465291568994
poisson,4096,1,mlp,11,73856,validation,logcosh,27,6,0.8095876883161851
poisson,4096,1,mlp,29,73856,validation,logcosh,14,0,3.3150218832773843
poisson,4096,1,mlp,29,73856,validation,logcosh,14,6,2.5860857751521644
poisson,4096,1,mlp,29,73856,validation,logcosh,27,0,0.8125359499371025
poisson,4096,1,mlp,29,73856,validation,logcosh,27,6,0.7990844541945339
poisson,4096,1,mlp,47,73856,validation,logcosh,14,0,3.077867228574689
poisson,4096,1,mlp,47,73856,validation,logcosh,14,6,2.5591707676477076
poisson,4096,1,mlp,47,73856,validation,logcosh,27,0,0.7905988266267913
poisson,4096,1,mlp,47,73856,validation,logcosh,27,6,0.7599100257698881
poisson,4096,1,mlp,11,73856,validation,log_mae,14,0,3.9117542133480185
poisson,4096,1,mlp,11,73856,validation,log_mae,14,6,3.1104436606854
poisson,4096,1,mlp,11,73856,validation,log_mae,27,0,1.3524634082580982
poisson,4096,1,mlp,11,73856,validation,log_mae,27,6,1.3096240623322442
poisson,4096,1,mlp,29,73856,validation,log_mae,14,0,3.9495478033993265
poisson,4096,1,mlp,29,73856,validation,log_mae,14,6,3.200079852033314
poisson,4096,1,mlp,29,73856,validation,log_mae,27,0,1.3139092591094939
poisson,4096,1,mlp,29,73856,validation,log_mae,27,6,1.2988624411345495
poisson,4096,1,mlp,47,73856,validation,log_mae,14,0,3.6999542620210093
poisson,4096,1,mlp,47,73856,validation,log_mae,14,6,3.1722304175503044
poisson,4096,1,mlp,47,73856,validation,log_mae,27,0,1.2876924379528254
poisson,4096,1,mlp,47,73856,validation,log_mae,27,6,1.253477165460462
poisson,4096,1,mlp,11,73856,validation,factor2,14,0,0.10272216796875
poisson,4096,1,mlp,11,73856,validation,factor2,14,6,0.143280029296875
poisson,4096,1,mlp,11,73856,validation,factor2,27,0,0.342620849609375
poisson,4096,1,mlp,11,73856,validation,factor2,27,6,0.349700927734375
poisson,4096,1,mlp,29,73856,validation,factor2,14,0,0.0989990234375
poisson,4096,1,mlp,29,73856,validation,factor2,14,6,0.1344451904296875
poisson,4096,1,mlp,29,73856,validation,factor2,27,0,0.3473968505859375
poisson,4096,1,mlp,29,73856,validation,factor2,27,6,0.3522186279296875
poisson,4096,1,mlp,47,73856,validation,factor2,14,0,0.121246337890625
poisson,4096,1,mlp,47,73856,validation,factor2,14,6,0.13629150390625
poisson,4096,1,mlp,47,73856,validation,factor2,27,0,0.3574371337890625
poisson,4096,1,mlp,47,73856,validation,factor2,27,6,0.364166259765625
poisson,4096,1,mlp,11,73856,validation,factor10,14,0,0.3392181396484375
poisson,4096,1,mlp,11,73856,validation,factor10,14,6,0.4485931396484375
poisson,4096,1,mlp,11,73856,validation,factor10,27,0,0.8258514404296875
poisson,4096,1,mlp,11,73856,validation,factor10,27,6,0.837188720703125
poisson,4096,1,mlp,29,73856,validation,factor10,14,0,0.332794189453125
poisson,4096,1,mlp,29,73856,validation,factor10,14,6,0.4299468994140625
poisson,4096,1,mlp,29,73856,validation,factor10,27,0,0.8376007080078125
poisson,4096,1,mlp,29,73856,validation,factor10,27,6,0.8418731689453125
poisson,4096,1,mlp,47,73856,validation,factor10,14,0,0.3821258544921875
poisson,4096,1,mlp,47,73856,validation,factor10,14,6,0.434326171875
poisson,4096,1,mlp,47,73856,validation,factor10,27,0,0.843109130859375
poisson,4096,1,mlp,47,73856,validation,factor10,27,6,0.8543701171875
poisson,4096,1,mlp,11,73856,validation,raw_nmse,14,0,0.3730412705966359
poisson,4096,1,mlp,11,73856,validation,raw_nmse,14,6,0.7843736958193676
poisson,4096,1,mlp,11,73856,validation,raw_nmse,27,0,0.9135969790416812
poisson,4096,1,mlp,11,73856,validation,raw_nmse,27,6,0.7899508739948968
poisson,4096,1,mlp,29,73856,validation,raw_nmse,14,0,0.3699901662374284
poisson,4096,1,mlp,29,73856,validation,raw_nmse,14,6,0.7835529406195917
poisson,4096,1,mlp,29,73856,validation,raw_nmse,27,0,0.8500845507236507
poisson,4096,1,mlp,29,73856,validation,raw_nmse,27,6,0.8288601567813391
poisson,4096,1,mlp,47,73856,validation,raw_nmse,14,0,0.37061704727568323
poisson,4096,1,mlp,47,73856,validation,raw_nmse,14,6,0.785349575901513
poisson,4096,1,mlp,47,73856,validation,raw_nmse,27,0,0.8561850457202096
poisson,4096,1,mlp,47,73856,validation,raw_nmse,27,6,0.8280887543622383
poisson,4096,1,mlp,11,73856,validation,normalized_idiv,14,0,0.9863279154860444
poisson,4096,1,mlp,11,73856,validation,normalized_idiv,14,6,1.60764591267349
poisson,4096,1,mlp,11,73856,validation,normalized_idiv,27,0,0.9738069242289742
poisson,4096,1,mlp,11,73856,validation,normalized_idiv,27,6,0.8751124636749097
poisson,4096,1,mlp,29,73856,validation,normalized_idiv,14,0,0.9496551995795265
poisson,4096,1,mlp,29,73856,validation,normalized_idiv,14,6,1.5883723608616087
poisson,4096,1,mlp,29,73856,validation,normalized_idiv,27,0,0.8857070937827753
poisson,4096,1,mlp,29,73856,validation,normalized_idiv,27,6,0.9218725852700402
poisson,4096,1,mlp,47,73856,validation,normalized_idiv,14,0,1.0173989053615546
poisson,4096,1,mlp,47,73856,validation,normalized_idiv,14,6,1.6276691385228914
poisson,4096,1,mlp,47,73856,validation,normalized_idiv,27,0,0.8666294595482298
poisson,4096,1,mlp,47,73856,validation,normalized_idiv,27,6,0.907764765544473
poisson,4096,1,mlp,11,73856,test,logcosh,14,0,3.2749363175395003
poisson,4096,1,mlp,11,73856,test,logcosh,14,6,2.526641731433878
poisson,4096,1,mlp,11,73856,test,logcosh,27,0,0.8326498006579179
poisson,4096,1,mlp,11,73856,test,logcosh,27,6,0.7990729767626831
poisson,4096,1,mlp,29,73856,test,logcosh,14,0,3.3109555601910112
poisson,4096,1,mlp,29,73856,test,logcosh,14,6,2.615954244595893
poisson,4096,1,mlp,29,73856,test,logcosh,27,0,0.7990517947120197
poisson,4096,1,mlp,29,73856,test,logcosh,27,6,0.7843038359472267
poisson,4096,1,mlp,47,73856,test,logcosh,14,0,3.076921413891496
poisson,4096,1,mlp,47,73856,test,logcosh,14,6,2.5879277344987486
poisson,4096,1,mlp,47,73856,test,logcosh,27,0,0.7795837993982743
poisson,4096,1,mlp,47,73856,test,logcosh,27,6,0.7520269225459547
poisson,4096,1,mlp,11,73856,test,log_mae,14,0,3.9064831971238014
poisson,4096,1,mlp,11,73856,test,log_mae,14,6,3.1377458691255624
poisson,4096,1,mlp,11,73856,test,log_mae,27,0,1.3345613296976526
poisson,4096,1,mlp,11,73856,test,log_mae,27,6,1.297024012912837
poisson,4096,1,mlp,29,73856,test,log_mae,14,0,3.9446683819136297
poisson,4096,1,mlp,29,73856,test,log_mae,14,6,3.2317199286113647
poisson,4096,1,mlp,29,73856,test,log_mae,27,0,1.298376906392107
poisson,4096,1,mlp,29,73856,test,log_mae,27,6,1.2812327673747919
poisson,4096,1,mlp,47,73856,test,log_mae,14,0,3.699149862493641
poisson,4096,1,mlp,47,73856,test,log_mae,14,6,3.202472334265779
poisson,4096,1,mlp,47,73856,test,log_mae,27,0,1.275110379327168
poisson,4096,1,mlp,47,73856,test,log_mae,27,6,1.2448806808901538
poisson,4096,1,mlp,11,73856,test,factor2,14,0,0.10340118408203125
poisson,4096,1,mlp,11,73856,test,factor2,14,6,0.13971710205078125
poisson,4096,1,mlp,11,73856,test,factor2,27,0,0.34772491455078125
poisson,4096,1,mlp,11,73856,test,factor2,27,6,0.35528564453125
poisson,4096,1,mlp,29,73856,test,factor2,14,0,0.09996795654296875
poisson,4096,1,mlp,29,73856,test,factor2,14,6,0.132049560546875
poisson,4096,1,mlp,29,73856,test,factor2,27,0,0.3526153564453125
poisson,4096,1,mlp,29,73856,test,factor2,27,6,0.35703277587890625
poisson,4096,1,mlp,47,73856,test,factor2,14,0,0.12088775634765625
poisson,4096,1,mlp,47,73856,test,factor2,14,6,0.133209228515625
poisson,4096,1,mlp,47,73856,test,factor2,27,0,0.3607635498046875
poisson,4096,1,mlp,47,73856,test,factor2,27,6,0.36486053466796875
poisson,4096,1,mlp,11,73856,test,factor10,14,0,0.3397674560546875
poisson,4096,1,mlp,11,73856,test,factor10,14,6,0.43923187255859375
poisson,4096,1,mlp,11,73856,test,factor10,27,0,0.82989501953125
poisson,4096,1,mlp,11,73856,test,factor10,27,6,0.8398971557617188
poisson,4096,1,mlp,29,73856,test,factor10,14,0,0.3314971923828125
poisson,4096,1,mlp,29,73856,test,factor10,14,6,0.420501708984375
poisson,4096,1,mlp,29,73856,test,factor10,27,0,0.8420028686523438
poisson,4096,1,mlp,29,73856,test,factor10,27,6,0.8442535400390625
poisson,4096,1,mlp,47,73856,test,factor10,14,0,0.3817291259765625
poisson,4096,1,mlp,47,73856,test,factor10,14,6,0.42449188232421875
poisson,4096,1,mlp,47,73856,test,factor10,27,0,0.8457565307617188
poisson,4096,1,mlp,47,73856,test,factor10,27,6,0.8557510375976562
poisson,4096,1,mlp,11,73856,test,raw_nmse,14,0,0.7599954651007995
poisson,4096,1,mlp,11,73856,test,raw_nmse,14,6,0.992435608608127
poisson,4096,1,mlp,11,73856,test,raw_nmse,27,0,0.882127782458594
poisson,4096,1,mlp,11,73856,test,raw_nmse,27,6,0.8826903419361453
poisson,4096,1,mlp,29,73856,test,raw_nmse,14,0,0.7618878321334762
poisson,4096,1,mlp,29,73856,test,raw_nmse,14,6,0.9929227137505936
poisson,4096,1,mlp,29,73856,test,raw_nmse,27,0,0.9058747458640454
poisson,4096,1,mlp,29,73856,test,raw_nmse,27,6,0.8852498222651125
poisson,4096,1,mlp,47,73856,test,raw_nmse,14,0,0.7647120979641713
poisson,4096,1,mlp,47,73856,test,raw_nmse,14,6,0.9930068304921966
poisson,4096,1,mlp,47,73856,test,raw_nmse,27,0,0.900691321139828
poisson,4096,1,mlp,47,73856,test,raw_nmse,27,6,0.8825419099731169
poisson,4096,1,mlp,11,73856,test,normalized_idiv,14,0,1.5544930300954054
poisson,4096,1,mlp,11,73856,test,normalized_idiv,14,6,3.161111321198167
poisson,4096,1,mlp,11,73856,test,normalized_idiv,27,0,1.0425209030840394
poisson,4096,1,mlp,11,73856,test,normalized_idiv,27,6,1.0414770282514205
poisson,4096,1,mlp,29,73856,test,normalized_idiv,14,0,1.5497365558223168
poisson,4096,1,mlp,29,73856,test,normalized_idiv,14,6,3.275335449836385
poisson,4096,1,mlp,29,73856,test,normalized_idiv,27,0,1.05749583204725
poisson,4096,1,mlp,29,73856,test,normalized_idiv,27,6,1.0508192448430027
poisson,4096,1,mlp,47,73856,test,normalized_idiv,14,0,1.5884845173716255
poisson,4096,1,mlp,47,73856,test,normalized_idiv,14,6,3.2974215951552193
poisson,4096,1,mlp,47,73856,test,normalized_idiv,27,0,1.0308701552075554
poisson,4096,1,mlp,47,73856,test,normalized_idiv,27,6,1.0220545315806657
poisson,4096,1,mlp,11,73856,test_block,attention_nmse,14,0,0.04972172901034355
poisson,4096,1,mlp,11,73856,test_block,attention_nmse,14,6,0.08084804564714432
poisson,4096,1,mlp,11,73856,test_block,attention_nmse,27,0,0.6888571977615356
poisson,4096,1,mlp,11,73856,test_block,attention_nmse,27,6,0.6776946187019348
poisson,4096,1,mlp,29,73856,test_block,attention_nmse,14,0,0.0515546053647995
poisson,4096,1,mlp,29,73856,test_block,attention_nmse,14,6,0.08398259431123734
poisson,4096,1,mlp,29,73856,test_block,attention_nmse,27,0,0.6639282703399658
poisson,4096,1,mlp,29,73856,test_block,attention_nmse,27,6,0.6551438570022583
poisson,4096,1,mlp,47,73856,test_block,attention_nmse,14,0,0.049944475293159485
poisson,4096,1,mlp,47,73856,test_block,attention_nmse,14,6,0.08313023298978806
poisson,4096,1,mlp,47,73856,test_block,attention_nmse,27,0,0.6431595683097839
poisson,4096,1,mlp,47,73856,test_block,attention_nmse,27,6,0.6561206579208374
poisson,4096,1,mlp,11,73856,test_block,output_nmse,14,0,0.6646829843521118
poisson,4096,1,mlp,11,73856,test_block,output_nmse,14,6,0.3531363010406494
poisson,4096,1,mlp,11,73856,test_block,output_nmse,27,0,0.22909453511238098
poisson,4096,1,mlp,11,73856,test_block,output_nmse,27,6,0.3532280921936035
poisson,4096,1,mlp,29,73856,test_block,output_nmse,14,0,0.6848211288452148
poisson,4096,1,mlp,29,73856,test_block,output_nmse,14,6,0.35384878516197205
poisson,4096,1,mlp,29,73856,test_block,output_nmse,27,0,0.21915239095687866
poisson,4096,1,mlp,29,73856,test_block,output_nmse,27,6,0.3335731327533722
poisson,4096,1,mlp,47,73856,test_block,output_nmse,14,0,0.6698439121246338
poisson,4096,1,mlp,47,73856,test_block,output_nmse,14,6,0.3563181459903717
poisson,4096,1,mlp,47,73856,test_block,output_nmse,27,0,0.19595062732696533
poisson,4096,1,mlp,47,73856,test_block,output_nmse,27,6,0.3400638699531555
poisson,4096,1,mlp,11,73856,test_block,row_l1,14,0,0.3015846014022827
poisson,4096,1,mlp,11,73856,test_block,row_l1,14,6,0.5845612287521362
poisson,4096,1,mlp,11,73856,test_block,row_l1,27,0,0.8690372705459595
poisson,4096,1,mlp,11,73856,test_block,row_l1,27,6,0.8547307252883911
poisson,4096,1,mlp,29,73856,test_block,row_l1,14,0,0.31474703550338745
poisson,4096,1,mlp,29,73856,test_block,row_l1,14,6,0.605104386806488
poisson,4096,1,mlp,29,73856,test_block,row_l1,27,0,0.8329049944877625
poisson,4096,1,mlp,29,73856,test_block,row_l1,27,6,0.8266710042953491
poisson,4096,1,mlp,47,73856,test_block,row_l1,14,0,0.30130305886268616
poisson,4096,1,mlp,47,73856,test_block,row_l1,14,6,0.6015125513076782
poisson,4096,1,mlp,47,73856,test_block,row_l1,27,0,0.8212220668792725
poisson,4096,1,mlp,47,73856,test_block,row_l1,27,6,0.8226633667945862
poisson,4096,1,mlp,11,73856,test_block,raw_nmse,14,0,0.7594339753924038
poisson,4096,1,mlp,11,73856,test_block,raw_nmse,14,6,0.9893745519441619
poisson,4096,1,mlp,11,73856,test_block,raw_nmse,27,0,0.8669776263182843
poisson,4096,1,mlp,11,73856,test_block,raw_nmse,27,6,0.8652489160992776
poisson,4096,1,mlp,29,73856,test_block,raw_nmse,14,0,0.759267814493739
poisson,4096,1,mlp,29,73856,test_block,raw_nmse,14,6,0.9890810904209918
poisson,4096,1,mlp,29,73856,test_block,raw_nmse,27,0,0.8800075394594309
poisson,4096,1,mlp,29,73856,test_block,raw_nmse,27,6,0.8753357365717896
poisson,4096,1,mlp,47,73856,test_block,raw_nmse,14,0,0.7597059977891962
poisson,4096,1,mlp,47,73856,test_block,raw_nmse,14,6,0.9890412086096501
poisson,4096,1,mlp,47,73856,test_block,raw_nmse,27,0,0.8580723383264586
poisson,4096,1,mlp,47,73856,test_block,raw_nmse,27,6,0.8713258403317681
poisson,4096,1,mulkan,11,73856,train,logcosh,14,0,3.423724001346602
poisson,4096,1,mulkan,11,73856,train,logcosh,14,6,2.7713456002308976
poisson,4096,1,mulkan,11,73856,train,logcosh,27,0,0.9080603334287474
poisson,4096,1,mulkan,11,73856,train,logcosh,27,6,0.9080846537995049
poisson,4096,1,mulkan,29,73856,train,logcosh,14,0,4.026071524669491
poisson,4096,1,mulkan,29,73856,train,logcosh,14,6,2.94574028170603
poisson,4096,1,mulkan,29,73856,train,logcosh,27,0,1.0513172210008062
poisson,4096,1,mulkan,29,73856,train,logcosh,27,6,1.030000533391374
poisson,4096,1,mulkan,47,73856,train,logcosh,14,0,3.8077311890589316
poisson,4096,1,mulkan,47,73856,train,logcosh,14,6,2.943451559232966
poisson,4096,1,mulkan,47,73856,train,logcosh,27,0,1.1004285122681505
poisson,4096,1,mulkan,47,73856,train,logcosh,27,6,0.9894725443070452
poisson,4096,1,mulkan,11,73856,train,log_mae,14,0,4.060196093888781
poisson,4096,1,mulkan,11,73856,train,log_mae,14,6,3.3906833357196398
poisson,4096,1,mulkan,11,73856,train,log_mae,27,0,1.4174291783504611
poisson,4096,1,mulkan,11,73856,train,log_mae,27,6,1.415482371952957
poisson,4096,1,mulkan,29,73856,train,log_mae,14,0,4.677228427197759
poisson,4096,1,mulkan,29,73856,train,log_mae,14,6,3.5701779740128896
poisson,4096,1,mulkan,29,73856,train,log_mae,27,0,1.5801388518166481
poisson,4096,1,mulkan,29,73856,train,log_mae,27,6,1.555279572230484
poisson,4096,1,mulkan,47,73856,train,log_mae,14,0,4.4522568898570345
poisson,4096,1,mulkan,47,73856,train,log_mae,14,6,3.567708486992323
poisson,4096,1,mulkan,47,73856,train,log_mae,27,0,1.6367597257670539
poisson,4096,1,mulkan,47,73856,train,log_mae,27,6,1.510346897952049
poisson,4096,1,mulkan,11,73856,train,factor2,14,0,0.09478092193603516
poisson,4096,1,mulkan,11,73856,train,factor2,14,6,0.12549638748168945
poisson,4096,1,mulkan,11,73856,train,factor2,27,0,0.33302927017211914
poisson,4096,1,mulkan,11,73856,train,factor2,27,6,0.3371877670288086
poisson,4096,1,mulkan,29,73856,train,factor2,14,0,0.06923961639404297
poisson,4096,1,mulkan,29,73856,train,factor2,14,6,0.11624908447265625
poisson,4096,1,mulkan,29,73856,train,factor2,27,0,0.29329633712768555
poisson,4096,1,mulkan,29,73856,train,factor2,27,6,0.3005800247192383
poisson,4096,1,mulkan,47,73856,train,factor2,14,0,0.08109521865844727
poisson,4096,1,mulkan,47,73856,train,factor2,14,6,0.11639261245727539
poisson,4096,1,mulkan,47,73856,train,factor2,27,0,0.27799558639526367
poisson,4096,1,mulkan,47,73856,train,factor2,27,6,0.30968523025512695
poisson,4096,1,mulkan,11,73856,train,factor10,14,0,0.31894731521606445
poisson,4096,1,mulkan,11,73856,train,factor10,14,6,0.4015665054321289
poisson,4096,1,mulkan,11,73856,train,factor10,27,0,0.807276725769043
poisson,4096,1,mulkan,11,73856,train,factor10,27,6,0.8078594207763672
poisson,4096,1,mulkan,29,73856,train,factor10,14,0,0.24518728256225586
poisson,4096,1,mulkan,29,73856,train,factor10,14,6,0.37673377990722656
poisson,4096,1,mulkan,29,73856,train,factor10,27,0,0.7633457183837891
poisson,4096,1,mulkan,29,73856,train,factor10,27,6,0.7713236808776855
poisson,4096,1,mulkan,47,73856,train,factor10,14,0,0.27640819549560547
poisson,4096,1,mulkan,47,73856,train,factor10,14,6,0.37659740447998047
poisson,4096,1,mulkan,47,73856,train,factor10,27,0,0.7484426498413086
poisson,4096,1,mulkan,47,73856,train,factor10,27,6,0.7813949584960938
poisson,4096,1,mulkan,11,73856,train,raw_nmse,14,0,0.7238018454488493
poisson,4096,1,mulkan,11,73856,train,raw_nmse,14,6,0.9840931834674617
poisson,4096,1,mulkan,11,73856,train,raw_nmse,27,0,0.735437116846941
poisson,4096,1,mulkan,11,73856,train,raw_nmse,27,6,0.6786146857261839
poisson,4096,1,mulkan,29,73856,train,raw_nmse,14,0,0.7246817114531087
poisson,4096,1,mulkan,29,73856,train,raw_nmse,14,6,0.9828065381139721
poisson,4096,1,mulkan,29,73856,train,raw_nmse,27,0,0.8020418111806334
poisson,4096,1,mulkan,29,73856,train,raw_nmse,27,6,0.7685126907373008
poisson,4096,1,mulkan,47,73856,train,raw_nmse,14,0,0.7211022687449022
poisson,4096,1,mulkan,47,73856,train,raw_nmse,14,6,0.9827256104817891
poisson,4096,1,mulkan,47,73856,train,raw_nmse,27,0,0.7643004368792786
poisson,4096,1,mulkan,47,73856,train,raw_nmse,27,6,0.7573724772939786
poisson,4096,1,mulkan,11,73856,train,normalized_idiv,14,0,1.2911736084894299
poisson,4096,1,mulkan,11,73856,train,normalized_idiv,14,6,2.2711639059981414
poisson,4096,1,mulkan,11,73856,train,normalized_idiv,27,0,0.908803588045818
poisson,4096,1,mulkan,11,73856,train,normalized_idiv,27,6,0.8583280742906838
poisson,4096,1,mulkan,29,73856,train,normalized_idiv,14,0,1.2744847522061202
poisson,4096,1,mulkan,29,73856,train,normalized_idiv,14,6,2.255625330306839
poisson,4096,1,mulkan,29,73856,train,normalized_idiv,27,0,0.9334261524610642
poisson,4096,1,mulkan,29,73856,train,normalized_idiv,27,6,0.8770516144467754
poisson,4096,1,mulkan,47,73856,train,normalized_idiv,14,0,1.2926818511831484
poisson,4096,1,mulkan,47,73856,train,normalized_idiv,14,6,2.269829074171863
poisson,4096,1,mulkan,47,73856,train,normalized_idiv,27,0,0.9440351241206323
poisson,4096,1,mulkan,47,73856,train,normalized_idiv,27,6,0.9001236397047659
poisson,4096,1,mulkan,11,73856,validation,logcosh,14,0,3.393865409110916
poisson,4096,1,mulkan,11,73856,validation,logcosh,14,6,2.746262626300019
poisson,4096,1,mulkan,11,73856,validation,logcosh,27,0,0.9162074314771983
poisson,4096,1,mulkan,11,73856,validation,logcosh,27,6,0.9242689798803027
poisson,4096,1,mulkan,29,73856,validation,logcosh,14,0,3.988705783326913
poisson,4096,1,mulkan,29,73856,validation,logcosh,14,6,2.9186631851167903
poisson,4096,1,mulkan,29,73856,validation,logcosh,27,0,1.0582635352772252
poisson,4096,1,mulkan,29,73856,validation,logcosh,27,6,1.044191466813385
poisson,4096,1,mulkan,47,73856,validation,logcosh,14,0,3.7680807277952244
poisson,4096,1,mulkan,47,73856,validation,logcosh,14,6,2.9181372944042208
poisson,4096,1,mulkan,47,73856,validation,logcosh,27,0,1.10754016210364
poisson,4096,1,mulkan,47,73856,validation,logcosh,27,6,1.0063095949809915
poisson,4096,1,mulkan,11,73856,validation,log_mae,14,0,4.029702733031257
poisson,4096,1,mulkan,11,73856,validation,log_mae,14,6,3.3633682206912514
poisson,4096,1,mulkan,11,73856,validation,log_mae,27,0,1.4263277817899374
poisson,4096,1,mulkan,11,73856,validation,log_mae,27,6,1.4329999485068377
poisson,4096,1,mulkan,29,73856,validation,log_mae,14,0,4.639365008709774
poisson,4096,1,mulkan,29,73856,validation,log_mae,14,6,3.5413041719236222
poisson,4096,1,mulkan,29,73856,validation,log_mae,27,0,1.586561156774622
poisson,4096,1,mulkan,29,73856,validation,log_mae,27,6,1.569690361726932
poisson,4096,1,mulkan,47,73856,validation,log_mae,14,0,4.411853788120425
poisson,4096,1,mulkan,47,73856,validation,log_mae,14,6,3.540441043423522
poisson,4096,1,mulkan,47,73856,validation,log_mae,27,0,1.6434748737412128
poisson,4096,1,mulkan,47,73856,validation,log_mae,27,6,1.528496370626319
poisson,4096,1,mulkan,11,73856,validation,factor2,14,0,0.0966033935546875
poisson,4096,1,mulkan,11,73856,validation,factor2,14,6,0.1298675537109375
poisson,4096,1,mulkan,11,73856,validation,factor2,27,0,0.3322906494140625
poisson,4096,1,mulkan,11,73856,validation,factor2,27,6,0.3364105224609375
poisson,4096,1,mulkan,29,73856,validation,factor2,14,0,0.0707855224609375
poisson,4096,1,mulkan,29,73856,validation,factor2,14,6,0.11859130859375
poisson,4096,1,mulkan,29,73856,validation,factor2,27,0,0.2943572998046875
poisson,4096,1,mulkan,29,73856,validation,factor2,27,6,0.301849365234375
poisson,4096,1,mulkan,47,73856,validation,factor2,14,0,0.0823516845703125
poisson,4096,1,mulkan,47,73856,validation,factor2,14,6,0.1195831298828125
poisson,4096,1,mulkan,47,73856,validation,factor2,27,0,0.2798004150390625
poisson,4096,1,mulkan,47,73856,validation,factor2,27,6,0.3076934814453125
poisson,4096,1,mulkan,11,73856,validation,factor10,14,0,0.322998046875
poisson,4096,1,mulkan,11,73856,validation,factor10,14,6,0.4102783203125
poisson,4096,1,mulkan,11,73856,validation,factor10,27,0,0.803985595703125
poisson,4096,1,mulkan,11,73856,validation,factor10,27,6,0.803436279296875
poisson,4096,1,mulkan,29,73856,validation,factor10,14,0,0.249725341796875
poisson,4096,1,mulkan,29,73856,validation,factor10,14,6,0.3861083984375
poisson,4096,1,mulkan,29,73856,validation,factor10,27,0,0.7600555419921875
poisson,4096,1,mulkan,29,73856,validation,factor10,27,6,0.768310546875
poisson,4096,1,mulkan,47,73856,validation,factor10,14,0,0.2806549072265625
poisson,4096,1,mulkan,47,73856,validation,factor10,14,6,0.3851318359375
poisson,4096,1,mulkan,47,73856,validation,factor10,27,0,0.7455596923828125
poisson,4096,1,mulkan,47,73856,validation,factor10,27,6,0.7768096923828125
poisson,4096,1,mulkan,11,73856,validation,raw_nmse,14,0,0.3611361517688522
poisson,4096,1,mulkan,11,73856,validation,raw_nmse,14,6,0.7903299070832676
poisson,4096,1,mulkan,11,73856,validation,raw_nmse,27,0,1.0337554444870682
poisson,4096,1,mulkan,11,73856,validation,raw_nmse,27,6,0.8358577468950311
poisson,4096,1,mulkan,29,73856,validation,raw_nmse,14,0,0.38049167954748736
poisson,4096,1,mulkan,29,73856,validation,raw_nmse,14,6,0.7845161119575962
poisson,4096,1,mulkan,29,73856,validation,raw_nmse,27,0,0.8218155045449451
poisson,4096,1,mulkan,29,73856,validation,raw_nmse,27,6,0.8335506232468368
poisson,4096,1,mulkan,47,73856,validation,raw_nmse,14,0,0.3732990725413499
poisson,4096,1,mulkan,47,73856,validation,raw_nmse,14,6,0.775648593144414
poisson,4096,1,mulkan,47,73856,validation,raw_nmse,27,0,0.7468971704582787
poisson,4096,1,mulkan,47,73856,validation,raw_nmse,27,6,0.8593017768301089
poisson,4096,1,mulkan,11,73856,validation,normalized_idiv,14,0,0.9340210191827061
poisson,4096,1,mulkan,11,73856,validation,normalized_idiv,14,6,1.7223536713268919
poisson,4096,1,mulkan,11,73856,validation,normalized_idiv,27,0,0.9350508770116266
poisson,4096,1,mulkan,11,73856,validation,normalized_idiv,27,6,0.9459380266462973
poisson,4096,1,mulkan,29,73856,validation,normalized_idiv,14,0,0.9625146943972664
poisson,4096,1,mulkan,29,73856,validation,normalized_idiv,14,6,1.712252322445062
poisson,4096,1,mulkan,29,73856,validation,normalized_idiv,27,0,0.9607211235678511
poisson,4096,1,mulkan,29,73856,validation,normalized_idiv,27,6,0.9593923447662682
poisson,4096,1,mulkan,47,73856,validation,normalized_idiv,14,0,1.0145054722587565
poisson,4096,1,mulkan,47,73856,validation,normalized_idiv,14,6,1.6910601496683775
poisson,4096,1,mulkan,47,73856,validation,normalized_idiv,27,0,0.9222629387477091
poisson,4096,1,mulkan,47,73856,validation,normalized_idiv,27,6,1.010715177671779
poisson,4096,1,mulkan,11,73856,test,logcosh,14,0,3.390967681606137
poisson,4096,1,mulkan,11,73856,test,logcosh,14,6,2.7699029712383285
poisson,4096,1,mulkan,11,73856,test,logcosh,27,0,0.903942736234596
poisson,4096,1,mulkan,11,73856,test,logcosh,27,6,0.9040213151376676
poisson,4096,1,mulkan,29,73856,test,logcosh,14,0,3.9856687326050575
poisson,4096,1,mulkan,29,73856,test,logcosh,14,6,2.9421682062220778
poisson,4096,1,mulkan,29,73856,test,logcosh,27,0,1.0473980648539223
poisson,4096,1,mulkan,29,73856,test,logcosh,27,6,1.0210213327631383
poisson,4096,1,mulkan,47,73856,test,logcosh,14,0,3.758940037313012
poisson,4096,1,mulkan,47,73856,test,logcosh,14,6,2.942345084598158
poisson,4096,1,mulkan,47,73856,test,logcosh,27,0,1.0934812584985591
poisson,4096,1,mulkan,47,73856,test,logcosh,27,6,0.9841726938085202
poisson,4096,1,mulkan,11,73856,test,log_mae,14,0,4.0264427964244085
poisson,4096,1,mulkan,11,73856,test,log_mae,14,6,3.389254271103023
poisson,4096,1,mulkan,11,73856,test,log_mae,27,0,1.4131203968703452
poisson,4096,1,mulkan,11,73856,test,log_mae,27,6,1.4108718097685116
poisson,4096,1,mulkan,29,73856,test,log_mae,14,0,4.636119126169447
poisson,4096,1,mulkan,29,73856,test,log_mae,14,6,3.5666138951848962
poisson,4096,1,mulkan,29,73856,test,log_mae,27,0,1.5760071549647727
poisson,4096,1,mulkan,29,73856,test,log_mae,27,6,1.5447366045332624
poisson,4096,1,mulkan,47,73856,test,log_mae,14,0,4.402364486354614
poisson,4096,1,mulkan,47,73856,test,log_mae,14,6,3.5667075658876923
poisson,4096,1,mulkan,47,73856,test,log_mae,27,0,1.6287795119643431
poisson,4096,1,mulkan,47,73856,test,log_mae,27,6,1.5040389283769495
poisson,4096,1,mulkan,11,73856,test,factor2,14,0,0.09699249267578125
poisson,4096,1,mulkan,11,73856,test,factor2,14,6,0.12500762939453125
poisson,4096,1,mulkan,11,73856,test,factor2,27,0,0.33336639404296875
poisson,4096,1,mulkan,11,73856,test,factor2,27,6,0.3394317626953125
poisson,4096,1,mulkan,29,73856,test,factor2,14,0,0.0711517333984375
poisson,4096,1,mulkan,29,73856,test,factor2,14,6,0.116485595703125
poisson,4096,1,mulkan,29,73856,test,factor2,27,0,0.2936859130859375
poisson,4096,1,mulkan,29,73856,test,factor2,27,6,0.3045501708984375
poisson,4096,1,mulkan,47,73856,test,factor2,14,0,0.0827789306640625
poisson,4096,1,mulkan,47,73856,test,factor2,14,6,0.1165008544921875
poisson,4096,1,mulkan,47,73856,test,factor2,27,0,0.28003692626953125
poisson,4096,1,mulkan,47,73856,test,factor2,27,6,0.3127288818359375
poisson,4096,1,mulkan,11,73856,test,factor10,14,0,0.320709228515625
poisson,4096,1,mulkan,11,73856,test,factor10,14,6,0.4030303955078125
poisson,4096,1,mulkan,11,73856,test,factor10,27,0,0.80718994140625
poisson,4096,1,mulkan,11,73856,test,factor10,27,6,0.8068923950195312
poisson,4096,1,mulkan,29,73856,test,factor10,14,0,0.24794769287109375
poisson,4096,1,mulkan,29,73856,test,factor10,14,6,0.37812042236328125
poisson,4096,1,mulkan,29,73856,test,factor10,27,0,0.763702392578125
poisson,4096,1,mulkan,29,73856,test,factor10,27,6,0.771392822265625
poisson,4096,1,mulkan,47,73856,test,factor10,14,0,0.28079986572265625
poisson,4096,1,mulkan,47,73856,test,factor10,14,6,0.37702178955078125
poisson,4096,1,mulkan,47,73856,test,factor10,27,0,0.749359130859375
poisson,4096,1,mulkan,47,73856,test,factor10,27,6,0.7805328369140625
poisson,4096,1,mulkan,11,73856,test,raw_nmse,14,0,0.7628009313820224
poisson,4096,1,mulkan,11,73856,test,raw_nmse,14,6,0.9931299141096288
poisson,4096,1,mulkan,11,73856,test,raw_nmse,27,0,0.8852913423994129
poisson,4096,1,mulkan,11,73856,test,raw_nmse,27,6,0.8900666748818309
poisson,4096,1,mulkan,29,73856,test,raw_nmse,14,0,0.7560153950032248
poisson,4096,1,mulkan,29,73856,test,raw_nmse,14,6,0.9930182110011379
poisson,4096,1,mulkan,29,73856,test,raw_nmse,27,0,0.9196307715402682
poisson,4096,1,mulkan,29,73856,test,raw_nmse,27,6,0.8781182614427996
poisson,4096,1,mulkan,47,73856,test,raw_nmse,14,0,0.765108051677463
poisson,4096,1,mulkan,47,73856,test,raw_nmse,14,6,0.9931355850998272
poisson,4096,1,mulkan,47,73856,test,raw_nmse,27,0,0.8992719270439947
poisson,4096,1,mulkan,47,73856,test,raw_nmse,27,6,0.8779204003283978
poisson,4096,1,mulkan,11,73856,test,normalized_idiv,14,0,1.7215693245130037
poisson,4096,1,mulkan,11,73856,test,normalized_idiv,14,6,3.3529315067469527
poisson,4096,1,mulkan,11,73856,test,normalized_idiv,27,0,1.0714738880644854
poisson,4096,1,mulkan,11,73856,test,normalized_idiv,27,6,1.1140043095258498
poisson,4096,1,mulkan,29,73856,test,normalized_idiv,14,0,1.497418527931224
poisson,4096,1,mulkan,29,73856,test,normalized_idiv,14,6,3.384933473871747
poisson,4096,1,mulkan,29,73856,test,normalized_idiv,27,0,1.1470713523042326
poisson,4096,1,mulkan,29,73856,test,normalized_idiv,27,6,1.0935531198294661
poisson,4096,1,mulkan,47,73856,test,normalized_idiv,14,0,1.6613841560794371
poisson,4096,1,mulkan,47,73856,test,normalized_idiv,14,6,3.3651309547797745
poisson,4096,1,mulkan,47,73856,test,normalized_idiv,27,0,1.1170794726922977
poisson,4096,1,mulkan,47,73856,test,normalized_idiv,27,6,1.1072071972602853
poisson,4096,1,mulkan,11,73856,test_block,attention_nmse,14,0,0.04713580012321472
poisson,4096,1,mulkan,11,73856,test_block,attention_nmse,14,6,0.07750803232192993
poisson,4096,1,mulkan,11,73856,test_block,attention_nmse,27,0,0.7045191526412964
poisson,4096,1,mulkan,11,73856,test_block,attention_nmse,27,6,0.7072167992591858
poisson,4096,1,mulkan,29,73856,test_block,attention_nmse,14,0,0.0498322919011116
poisson,4096,1,mulkan,29,73856,test_block,attention_nmse,14,6,0.08222119510173798
poisson,4096,1,mulkan,29,73856,test_block,attention_nmse,27,0,0.7134263515472412
poisson,4096,1,mulkan,29,73856,test_block,attention_nmse,27,6,0.7229874134063721
poisson,4096,1,mulkan,47,73856,test_block,attention_nmse,14,0,0.04811506345868111
poisson,4096,1,mulkan,47,73856,test_block,attention_nmse,14,6,0.0778590515255928
poisson,4096,1,mulkan,47,73856,test_block,attention_nmse,27,0,0.7222868800163269
poisson,4096,1,mulkan,47,73856,test_block,attention_nmse,27,6,0.7180637121200562
poisson,4096,1,mulkan,11,73856,test_block,output_nmse,14,0,0.6432566046714783
poisson,4096,1,mulkan,11,73856,test_block,output_nmse,14,6,0.36407411098480225
poisson,4096,1,mulkan,11,73856,test_block,output_nmse,27,0,0.24884720146656036
poisson,4096,1,mulkan,11,73856,test_block,output_nmse,27,6,0.4061785340309143
poisson,4096,1,mulkan,29,73856,test_block,output_nmse,14,0,0.6450091600418091
poisson,4096,1,mulkan,29,73856,test_block,output_nmse,14,6,0.37493136525154114
poisson,4096,1,mulkan,29,73856,test_block,output_nmse,27,0,0.2532268762588501
poisson,4096,1,mulkan,29,73856,test_block,output_nmse,27,6,0.41438227891921997
poisson,4096,1,mulkan,47,73856,test_block,output_nmse,14,0,0.6524732112884521
poisson,4096,1,mulkan,47,73856,test_block,output_nmse,14,6,0.36731645464897156
poisson,4096,1,mulkan,47,73856,test_block,output_nmse,27,0,0.25385817885398865
poisson,4096,1,mulkan,47,73856,test_block,output_nmse,27,6,0.4113340973854065
poisson,4096,1,mulkan,11,73856,test_block,row_l1,14,0,0.2792399823665619
poisson,4096,1,mulkan,11,73856,test_block,row_l1,14,6,0.5814342498779297
poisson,4096,1,mulkan,11,73856,test_block,row_l1,27,0,0.8953001499176025
poisson,4096,1,mulkan,11,73856,test_block,row_l1,27,6,0.9063332080841064
poisson,4096,1,mulkan,29,73856,test_block,row_l1,14,0,0.31458210945129395
poisson,4096,1,mulkan,29,73856,test_block,row_l1,14,6,0.6276228427886963
poisson,4096,1,mulkan,29,73856,test_block,row_l1,27,0,0.9020134210586548
poisson,4096,1,mulkan,29,73856,test_block,row_l1,27,6,0.9204870462417603
poisson,4096,1,mulkan,47,73856,test_block,row_l1,14,0,0.2941800653934479
poisson,4096,1,mulkan,47,73856,test_block,row_l1,14,6,0.6126717329025269
poisson,4096,1,mulkan,47,73856,test_block,row_l1,27,0,0.909044086933136
poisson,4096,1,mulkan,47,73856,test_block,row_l1,27,6,0.9195331931114197
poisson,4096,1,mulkan,11,73856,test_block,raw_nmse,14,0,0.7617243687236424
poisson,4096,1,mulkan,11,73856,test_block,raw_nmse,14,6,0.98984797890009
poisson,4096,1,mulkan,11,73856,test_block,raw_nmse,27,0,0.8108347938002447
poisson,4096,1,mulkan,11,73856,test_block,raw_nmse,27,6,0.8406796352346414
poisson,4096,1,mulkan,29,73856,test_block,raw_nmse,14,0,0.7653598982569142
poisson,4096,1,mulkan,29,73856,test_block,raw_nmse,14,6,0.9889871067392958
poisson,4096,1,mulkan,29,73856,test_block,raw_nmse,27,0,0.838719859534833
poisson,4096,1,mulkan,29,73856,test_block,raw_nmse,27,6,0.8554407653422859
poisson,4096,1,mulkan,47,73856,test_block,raw_nmse,14,0,0.7615971043045836
poisson,4096,1,mulkan,47,73856,test_block,raw_nmse,14,6,0.9883493722914375
poisson,4096,1,mulkan,47,73856,test_block,raw_nmse,27,0,0.8365447655482053
poisson,4096,1,mulkan,47,73856,test_block,raw_nmse,27,6,0.8615386490222796
