folder,objective,method,m,steps,split,metric,layer,head,seeds,documents,mean,seed_std,parameters,training_seconds,feature_pair_ms
fits,raw,kan_positive,64,2000,validation,kernel_nmse,14,0,3,12,0.9199921008613375,0.00023946443873209655,73888,22.641880912085373,2.069538158840603
fits,raw,kan_positive,64,2000,validation,kernel_nmse,14,6,3,12,0.8405115082859993,0.0022869968970538005,73888,22.641880912085373,2.069538158840603
fits,raw,kan_positive,64,2000,validation,kernel_nmse,27,0,3,12,0.9120760957400004,0.02121391630667846,73888,22.641880912085373,2.069538158840603
fits,raw,kan_positive,64,2000,validation,kernel_nmse,27,6,3,12,0.8901780479484134,0.02082315751858957,73888,22.641880912085373,2.069538158840603
fits,raw,kan_positive,64,2000,validation,attention_nmse,14,0,3,12,0.25710274941391414,0.049657352813840185,73888,22.641880912085373,2.069538158840603
fits,raw,kan_positive,64,2000,validation,attention_nmse,14,6,3,12,0.27202343547509783,0.055294153394265376,73888,22.641880912085373,2.069538158840603
fits,raw,kan_positive,64,2000,validation,attention_nmse,27,0,3,12,0.8834179606702591,0.013460065862056739,73888,22.641880912085373,2.069538158840603
fits,raw,kan_positive,64,2000,validation,attention_nmse,27,6,3,12,0.8705710719029108,0.014619813421501,73888,22.641880912085373,2.069538158840603
fits,raw,kan_positive,64,2000,validation,output_nmse,14,0,3,12,0.9048596587446002,0.09704676267854724,73888,22.641880912085373,2.069538158840603
fits,raw,kan_positive,64,2000,validation,output_nmse,14,6,3,12,0.7806383172671,0.09486451902065517,73888,22.641880912085373,2.069538158840603
fits,raw,kan_positive,64,2000,validation,output_nmse,27,0,3,12,0.29496583839257556,0.009644419248969886,73888,22.641880912085373,2.069538158840603
fits,raw,kan_positive,64,2000,validation,output_nmse,27,6,3,12,0.46958668778340024,0.027884816089316113,73888,22.641880912085373,2.069538158840603
fits,raw,kan_positive,64,2000,validation,row_l1,14,0,3,12,0.9538521120945612,0.13824681592817192,73888,22.641880912085373,2.069538158840603
fits,raw,kan_positive,64,2000,validation,row_l1,14,6,3,12,1.0896182159582775,0.08502385478538672,73888,22.641880912085373,2.069538158840603
fits,raw,kan_positive,64,2000,validation,row_l1,27,0,3,12,1.1016124536593754,0.03371233132995656,73888,22.641880912085373,2.069538158840603
fits,raw,kan_positive,64,2000,validation,row_l1,27,6,3,12,1.1155563394228618,0.0311776574951205,73888,22.641880912085373,2.069538158840603
fits,raw,kan_positive,64,2000,validation,negative_fraction,14,0,3,12,0.0,0.0,73888,22.641880912085373,2.069538158840603
fits,raw,kan_positive,64,2000,validation,negative_fraction,14,6,3,12,0.0,0.0,73888,22.641880912085373,2.069538158840603
fits,raw,kan_positive,64,2000,validation,negative_fraction,27,0,3,12,0.0,0.0,73888,22.641880912085373,2.069538158840603
fits,raw,kan_positive,64,2000,validation,negative_fraction,27,6,3,12,0.0,0.0,73888,22.641880912085373,2.069538158840603
fits,raw,kan_positive,64,2000,validation,nonpositive_denominator_fraction,14,0,3,12,0.0,0.0,73888,22.641880912085373,2.069538158840603
fits,raw,kan_positive,64,2000,validation,nonpositive_denominator_fraction,14,6,3,12,0.0,0.0,73888,22.641880912085373,2.069538158840603
fits,raw,kan_positive,64,2000,validation,nonpositive_denominator_fraction,27,0,3,12,0.0,0.0,73888,22.641880912085373,2.069538158840603
fits,raw,kan_positive,64,2000,validation,nonpositive_denominator_fraction,27,6,3,12,0.0,0.0,73888,22.641880912085373,2.069538158840603
fits,raw,kan_positive,64,2000,validation,top1_agreement,14,0,3,12,0.8300238715277778,0.00018793954075178857,73888,22.641880912085373,2.069538158840603
fits,raw,kan_positive,64,2000,validation,top1_agreement,14,6,3,12,0.8766276041666666,0.0,73888,22.641880912085373,2.069538158840603
fits,raw,kan_positive,64,2000,validation,top1_agreement,27,0,3,12,0.02880859375,0.007752933179566765,73888,22.641880912085373,2.069538158840603
fits,raw,kan_positive,64,2000,validation,top1_agreement,27,6,3,12,0.012803819444444446,0.008596051354313525,73888,22.641880912085373,2.069538158840603
fits,raw,kan_positive,64,2000,test,kernel_nmse,14,0,3,20,0.9207786152760188,0.003977240941953954,73888,22.641880912085373,2.069538158840603
fits,raw,kan_positive,64,2000,test,kernel_nmse,14,6,3,20,0.8143553343911966,0.0024786790565459594,73888,22.641880912085373,2.069538158840603
fits,raw,kan_positive,64,2000,test,kernel_nmse,27,0,3,20,0.8978369762500127,0.0026892447132656648,73888,22.641880912085373,2.069538158840603
fits,raw,kan_positive,64,2000,test,kernel_nmse,27,6,3,20,0.8938559581836065,0.01320553181319507,73888,22.641880912085373,2.069538158840603
fits,raw,kan_positive,64,2000,test,attention_nmse,14,0,3,20,0.26712311456600824,0.05491636864507516,73888,22.641880912085373,2.069538158840603
fits,raw,kan_positive,64,2000,test,attention_nmse,14,6,3,20,0.2582250478367011,0.05865856453232317,73888,22.641880912085373,2.069538158840603
fits,raw,kan_positive,64,2000,test,attention_nmse,27,0,3,20,0.8614588846762974,0.018321886886097632,73888,22.641880912085373,2.069538158840603
fits,raw,kan_positive,64,2000,test,attention_nmse,27,6,3,20,0.8716305514176687,0.015350001110385498,73888,22.641880912085373,2.069538158840603
fits,raw,kan_positive,64,2000,test,output_nmse,14,0,3,20,0.9286268522342046,0.12046258539256603,73888,22.641880912085373,2.069538158840603
fits,raw,kan_positive,64,2000,test,output_nmse,14,6,3,20,0.7807177528738976,0.10326061264918378,73888,22.641880912085373,2.069538158840603
fits,raw,kan_positive,64,2000,test,output_nmse,27,0,3,20,0.26476544613639513,0.01167713978397713,73888,22.641880912085373,2.069538158840603
fits,raw,kan_positive,64,2000,test,output_nmse,27,6,3,20,0.47391428599754964,0.023415350368119443,73888,22.641880912085373,2.069538158840603
fits,raw,kan_positive,64,2000,test,row_l1,14,0,3,20,0.9751846899588902,0.14469544987855418,73888,22.641880912085373,2.069538158840603
fits,raw,kan_positive,64,2000,test,row_l1,14,6,3,20,1.0625951647758483,0.10370616571604097,73888,22.641880912085373,2.069538158840603
fits,raw,kan_positive,64,2000,test,row_l1,27,0,3,20,1.0962825854619345,0.040630542685847,73888,22.641880912085373,2.069538158840603
fits,raw,kan_positive,64,2000,test,row_l1,27,6,3,20,1.1344288388888042,0.03237093262903954,73888,22.641880912085373,2.069538158840603
fits,raw,kan_positive,64,2000,test,negative_fraction,14,0,3,20,0.0,0.0,73888,22.641880912085373,2.069538158840603
fits,raw,kan_positive,64,2000,test,negative_fraction,14,6,3,20,0.0,0.0,73888,22.641880912085373,2.069538158840603
fits,raw,kan_positive,64,2000,test,negative_fraction,27,0,3,20,0.0,0.0,73888,22.641880912085373,2.069538158840603
fits,raw,kan_positive,64,2000,test,negative_fraction,27,6,3,20,0.0,0.0,73888,22.641880912085373,2.069538158840603
fits,raw,kan_positive,64,2000,test,nonpositive_denominator_fraction,14,0,3,20,0.0,0.0,73888,22.641880912085373,2.069538158840603
fits,raw,kan_positive,64,2000,test,nonpositive_denominator_fraction,14,6,3,20,0.0,0.0,73888,22.641880912085373,2.069538158840603
fits,raw,kan_positive,64,2000,test,nonpositive_denominator_fraction,27,0,3,20,0.0,0.0,73888,22.641880912085373,2.069538158840603
fits,raw,kan_positive,64,2000,test,nonpositive_denominator_fraction,27,6,3,20,0.0,0.0,73888,22.641880912085373,2.069538158840603
fits,raw,kan_positive,64,2000,test,top1_agreement,14,0,3,20,0.82822265625,0.0002583741514711472,73888,22.641880912085373,2.069538158840603
fits,raw,kan_positive,64,2000,test,top1_agreement,14,6,3,20,0.89365234375,0.0,73888,22.641880912085373,2.069538158840603
fits,raw,kan_positive,64,2000,test,top1_agreement,27,0,3,20,0.035351562499999996,0.00542673593337883,73888,22.641880912085373,2.069538158840603
fits,raw,kan_positive,64,2000,test,top1_agreement,27,6,3,20,0.013216145833333333,0.007591059287849993,73888,22.641880912085373,2.069538158840603
fits,raw,kan_positive,64,2000,test_long,kernel_nmse,14,0,3,8,0.9625639319419861,0.006750877442996161,73888,22.641880912085373,2.069538158840603
fits,raw,kan_positive,64,2000,test_long,kernel_nmse,14,6,3,8,0.8291768978039423,0.006652601206119437,73888,22.641880912085373,2.069538158840603
fits,raw,kan_positive,64,2000,test_long,kernel_nmse,27,0,3,8,1.1007794588804245,0.10996070016238413,73888,22.641880912085373,2.069538158840603
fits,raw,kan_positive,64,2000,test_long,kernel_nmse,27,6,3,8,0.9931148961186409,0.01404405004033286,73888,22.641880912085373,2.069538158840603
fits,raw,kan_positive,64,2000,test_long,attention_nmse,14,0,3,8,0.6132328286767006,0.07117079257767048,73888,22.641880912085373,2.069538158840603
fits,raw,kan_positive,64,2000,test_long,attention_nmse,14,6,3,8,0.49049332924187183,0.14407472228736817,73888,22.641880912085373,2.069538158840603
fits,raw,kan_positive,64,2000,test_long,attention_nmse,27,0,3,8,0.9481679474314054,0.0056516884647363095,73888,22.641880912085373,2.069538158840603
fits,raw,kan_positive,64,2000,test_long,attention_nmse,27,6,3,8,0.9468744869033495,0.007387162321844089,73888,22.641880912085373,2.069538158840603
fits,raw,kan_positive,64,2000,test_long,output_nmse,14,0,3,8,1.682757208744685,0.14193914884899392,73888,22.641880912085373,2.069538158840603
fits,raw,kan_positive,64,2000,test_long,output_nmse,14,6,3,8,1.1830642372369766,0.23302378842708998,73888,22.641880912085373,2.069538158840603
fits,raw,kan_positive,64,2000,test_long,output_nmse,27,0,3,8,0.3065372680624326,0.006871335948494103,73888,22.641880912085373,2.069538158840603
fits,raw,kan_positive,64,2000,test_long,output_nmse,27,6,3,8,0.4307319161792596,0.012021323020793971,73888,22.641880912085373,2.069538158840603
fits,raw,kan_positive,64,2000,test_long,row_l1,14,0,3,8,1.5462188671032588,0.08020068899830184,73888,22.641880912085373,2.069538158840603
fits,raw,kan_positive,64,2000,test_long,row_l1,14,6,3,8,1.3726573437452316,0.11842350055495521,73888,22.641880912085373,2.069538158840603
fits,raw,kan_positive,64,2000,test_long,row_l1,27,0,3,8,1.249283676346143,0.01827421047781598,73888,22.641880912085373,2.069538158840603
fits,raw,kan_positive,64,2000,test_long,row_l1,27,6,3,8,1.2417307446400325,0.010725969777056232,73888,22.641880912085373,2.069538158840603
fits,raw,kan_positive,64,2000,test_long,negative_fraction,14,0,3,8,0.0,0.0,73888,22.641880912085373,2.069538158840603
fits,raw,kan_positive,64,2000,test_long,negative_fraction,14,6,3,8,0.0,0.0,73888,22.641880912085373,2.069538158840603
fits,raw,kan_positive,64,2000,test_long,negative_fraction,27,0,3,8,0.0,0.0,73888,22.641880912085373,2.069538158840603
fits,raw,kan_positive,64,2000,test_long,negative_fraction,27,6,3,8,0.0,0.0,73888,22.641880912085373,2.069538158840603
fits,raw,kan_positive,64,2000,test_long,nonpositive_denominator_fraction,14,0,3,8,0.0,0.0,73888,22.641880912085373,2.069538158840603
fits,raw,kan_positive,64,2000,test_long,nonpositive_denominator_fraction,14,6,3,8,0.0,0.0,73888,22.641880912085373,2.069538158840603
fits,raw,kan_positive,64,2000,test_long,nonpositive_denominator_fraction,27,0,3,8,0.0,0.0,73888,22.641880912085373,2.069538158840603
fits,raw,kan_positive,64,2000,test_long,nonpositive_denominator_fraction,27,6,3,8,0.0,0.0,73888,22.641880912085373,2.069538158840603
fits,raw,kan_positive,64,2000,test_long,top1_agreement,14,0,3,8,0.8339029947916666,0.0001409546555638735,73888,22.641880912085373,2.069538158840603
fits,raw,kan_positive,64,2000,test_long,top1_agreement,14,6,3,8,0.88232421875,0.0,73888,22.641880912085373,2.069538158840603
fits,raw,kan_positive,64,2000,test_long,top1_agreement,27,0,3,8,0.005696614583333333,0.0022684504988226485,73888,22.641880912085373,2.069538158840603
fits,raw,kan_positive,64,2000,test_long,top1_agreement,27,6,3,8,0.002197265625,0.0012685919000748613,73888,22.641880912085373,2.069538158840603
fits,raw,kan_positive,64,2000,ood,kernel_nmse,14,0,3,8,0.8481922919551531,0.0009117121865640777,73888,22.641880912085373,2.069538158840603
fits,raw,kan_positive,64,2000,ood,kernel_nmse,14,6,3,8,0.8557669818401337,0.0023077046588348368,73888,22.641880912085373,2.069538158840603
fits,raw,kan_positive,64,2000,ood,kernel_nmse,27,0,3,8,0.870199573536714,0.005898427257923752,73888,22.641880912085373,2.069538158840603
fits,raw,kan_positive,64,2000,ood,kernel_nmse,27,6,3,8,0.8566803708672523,0.006806938892321067,73888,22.641880912085373,2.069538158840603
fits,raw,kan_positive,64,2000,ood,attention_nmse,14,0,3,8,0.25838912775119144,0.060327916553804865,73888,22.641880912085373,2.069538158840603
fits,raw,kan_positive,64,2000,ood,attention_nmse,14,6,3,8,0.23753294410804907,0.033607337934627446,73888,22.641880912085373,2.069538158840603
fits,raw,kan_positive,64,2000,ood,attention_nmse,27,0,3,8,0.8419904559850693,0.02264847520731266,73888,22.641880912085373,2.069538158840603
fits,raw,kan_positive,64,2000,ood,attention_nmse,27,6,3,8,0.8419525449474653,0.015313452237772305,73888,22.641880912085373,2.069538158840603
fits,raw,kan_positive,64,2000,ood,output_nmse,14,0,3,8,1.1815114865700405,0.2626157630003903,73888,22.641880912085373,2.069538158840603
fits,raw,kan_positive,64,2000,ood,output_nmse,14,6,3,8,0.7286410306890806,0.049316355399396924,73888,22.641880912085373,2.069538158840603
fits,raw,kan_positive,64,2000,ood,output_nmse,27,0,3,8,0.24060841153065363,0.011623556880672854,73888,22.641880912085373,2.069538158840603
fits,raw,kan_positive,64,2000,ood,output_nmse,27,6,3,8,0.4054170393695434,0.02054579811657911,73888,22.641880912085373,2.069538158840603
fits,raw,kan_positive,64,2000,ood,row_l1,14,0,3,8,0.9581247096260389,0.15872746733104653,73888,22.641880912085373,2.069538158840603
fits,raw,kan_positive,64,2000,ood,row_l1,14,6,3,8,1.0018794561425846,0.08336503883013215,73888,22.641880912085373,2.069538158840603
fits,raw,kan_positive,64,2000,ood,row_l1,27,0,3,8,1.0624835416674614,0.04984620989038424,73888,22.641880912085373,2.069538158840603
fits,raw,kan_positive,64,2000,ood,row_l1,27,6,3,8,1.0934743980566661,0.035720997813207575,73888,22.641880912085373,2.069538158840603
fits,raw,kan_positive,64,2000,ood,negative_fraction,14,0,3,8,0.0,0.0,73888,22.641880912085373,2.069538158840603
fits,raw,kan_positive,64,2000,ood,negative_fraction,14,6,3,8,0.0,0.0,73888,22.641880912085373,2.069538158840603
fits,raw,kan_positive,64,2000,ood,negative_fraction,27,0,3,8,0.0,0.0,73888,22.641880912085373,2.069538158840603
fits,raw,kan_positive,64,2000,ood,negative_fraction,27,6,3,8,0.0,0.0,73888,22.641880912085373,2.069538158840603
fits,raw,kan_positive,64,2000,ood,nonpositive_denominator_fraction,14,0,3,8,0.0,0.0,73888,22.641880912085373,2.069538158840603
fits,raw,kan_positive,64,2000,ood,nonpositive_denominator_fraction,14,6,3,8,0.0,0.0,73888,22.641880912085373,2.069538158840603
fits,raw,kan_positive,64,2000,ood,nonpositive_denominator_fraction,27,0,3,8,0.0,0.0,73888,22.641880912085373,2.069538158840603
fits,raw,kan_positive,64,2000,ood,nonpositive_denominator_fraction,27,6,3,8,0.0,0.0,73888,22.641880912085373,2.069538158840603
fits,raw,kan_positive,64,2000,ood,top1_agreement,14,0,3,8,0.855712890625,0.0,73888,22.641880912085373,2.069538158840603
fits,raw,kan_positive,64,2000,ood,top1_agreement,14,6,3,8,0.8994140625,0.0,73888,22.641880912085373,2.069538158840603
fits,raw,kan_positive,64,2000,ood,top1_agreement,27,0,3,8,0.04638671875,0.0012918707573557572,73888,22.641880912085373,2.069538158840603
fits,raw,kan_positive,64,2000,ood,top1_agreement,27,6,3,8,0.02392578125,0.00452154765074515,73888,22.641880912085373,2.069538158840603
fits,raw,kan_positive,64,2000,test_block,kernel_nmse,14,0,3,20,0.5496974353988966,0.021076986038956004,73888,22.641880912085373,2.069538158840603
fits,raw,kan_positive,64,2000,test_block,kernel_nmse,14,6,3,20,0.6693766045073667,0.0031493500544403103,73888,22.641880912085373,2.069538158840603
fits,raw,kan_positive,64,2000,test_block,kernel_nmse,27,0,3,20,0.884690115849177,0.008024789791570907,73888,22.641880912085373,2.069538158840603
fits,raw,kan_positive,64,2000,test_block,kernel_nmse,27,6,3,20,0.8942155470450719,0.02263709592373895,73888,22.641880912085373,2.069538158840603
fits,raw,kan_positive,64,2000,test_block,attention_nmse,14,0,3,20,0.1411022967348496,0.038761623047978755,73888,22.641880912085373,2.069538158840603
fits,raw,kan_positive,64,2000,test_block,attention_nmse,14,6,3,20,0.20218100684384507,0.0606317106221868,73888,22.641880912085373,2.069538158840603
fits,raw,kan_positive,64,2000,test_block,attention_nmse,27,0,3,20,0.8061710278193156,0.018088512165025127,73888,22.641880912085373,2.069538158840603
fits,raw,kan_positive,64,2000,test_block,attention_nmse,27,6,3,20,0.8199317336082458,0.022678949744052986,73888,22.641880912085373,2.069538158840603
fits,raw,kan_positive,64,2000,test_block,output_nmse,14,0,3,20,1.6289032687743505,0.35549053007500725,73888,22.641880912085373,2.069538158840603
fits,raw,kan_positive,64,2000,test_block,output_nmse,14,6,3,20,0.6229627216855685,0.14280702599292466,73888,22.641880912085373,2.069538158840603
fits,raw,kan_positive,64,2000,test_block,output_nmse,27,0,3,20,0.29039814447363216,0.010517624599208027,73888,22.641880912085373,2.069538158840603
fits,raw,kan_positive,64,2000,test_block,output_nmse,27,6,3,20,0.4877016216516495,0.02490327313819148,73888,22.641880912085373,2.069538158840603
fits,raw,kan_positive,64,2000,test_block,row_l1,14,0,3,20,0.695322414735953,0.13970611515611164,73888,22.641880912085373,2.069538158840603
fits,raw,kan_positive,64,2000,test_block,row_l1,14,6,3,20,0.8956717451413473,0.12069200819130585,73888,22.641880912085373,2.069538158840603
fits,raw,kan_positive,64,2000,test_block,row_l1,27,0,3,20,1.0133119602998097,0.035638517316850506,73888,22.641880912085373,2.069538158840603
fits,raw,kan_positive,64,2000,test_block,row_l1,27,6,3,20,1.0532639622688293,0.035431349467586325,73888,22.641880912085373,2.069538158840603
fits,raw,kan_positive,64,2000,test_block,negative_fraction,14,0,3,20,0.0,0.0,73888,22.641880912085373,2.069538158840603
fits,raw,kan_positive,64,2000,test_block,negative_fraction,14,6,3,20,0.0,0.0,73888,22.641880912085373,2.069538158840603
fits,raw,kan_positive,64,2000,test_block,negative_fraction,27,0,3,20,0.0,0.0,73888,22.641880912085373,2.069538158840603
fits,raw,kan_positive,64,2000,test_block,negative_fraction,27,6,3,20,0.0,0.0,73888,22.641880912085373,2.069538158840603
fits,raw,kan_positive,64,2000,test_block,nonpositive_denominator_fraction,14,0,3,20,0.0,0.0,73888,22.641880912085373,2.069538158840603
fits,raw,kan_positive,64,2000,test_block,nonpositive_denominator_fraction,14,6,3,20,0.0,0.0,73888,22.641880912085373,2.069538158840603
fits,raw,kan_positive,64,2000,test_block,nonpositive_denominator_fraction,27,0,3,20,0.0,0.0,73888,22.641880912085373,2.069538158840603
fits,raw,kan_positive,64,2000,test_block,nonpositive_denominator_fraction,27,6,3,20,0.0,0.0,73888,22.641880912085373,2.069538158840603
fits,raw,kan_positive,64,2000,test_block,top1_agreement,14,0,3,20,0.9594401041666667,5.638186222556221e-05,73888,22.641880912085373,2.069538158840603
fits,raw,kan_positive,64,2000,test_block,top1_agreement,14,6,3,20,0.9504882812499998,1.3597399555105182e-16,73888,22.641880912085373,2.069538158840603
fits,raw,kan_positive,64,2000,test_block,top1_agreement,27,0,3,20,0.12167968749999998,0.00681287963929293,73888,22.641880912085373,2.069538158840603
fits,raw,kan_positive,64,2000,test_block,top1_agreement,27,6,3,20,0.068359375,0.052650758360701995,73888,22.641880912085373,2.069538158840603
fits,raw,kan_signed,64,2000,validation,kernel_nmse,14,0,3,12,0.9225254274076886,0.0004333269546302669,73888,23.08495984536906,2.089847479926215
fits,raw,kan_signed,64,2000,validation,kernel_nmse,14,6,3,12,0.8424065626329846,0.0032337295195333424,73888,23.08495984536906,2.089847479926215
fits,raw,kan_signed,64,2000,validation,kernel_nmse,27,0,3,12,0.9092937956253687,0.008638029840857857,73888,23.08495984536906,2.089847479926215
fits,raw,kan_signed,64,2000,validation,kernel_nmse,27,6,3,12,0.8904842485984167,0.026901907005039923,73888,23.08495984536906,2.089847479926215
fits,raw,kan_signed,64,2000,validation,attention_nmse,14,0,3,12,604.3999769886335,505.4640534649771,73888,23.08495984536906,2.089847479926215
fits,raw,kan_signed,64,2000,validation,attention_nmse,14,6,3,12,937.8750835226641,865.6769361892283,73888,23.08495984536906,2.089847479926215
fits,raw,kan_signed,64,2000,validation,attention_nmse,27,0,3,12,312.0177915294965,176.62403251239166,73888,23.08495984536906,2.089847479926215
fits,raw,kan_signed,64,2000,validation,attention_nmse,27,6,3,12,27730.05259610216,47950.26979176765,73888,23.08495984536906,2.089847479926215
fits,raw,kan_signed,64,2000,validation,output_nmse,14,0,3,12,1024.1711506976023,576.5392900010705,73888,23.08495984536906,2.089847479926215
fits,raw,kan_signed,64,2000,validation,output_nmse,14,6,3,12,1789.5037914448314,1942.4016632388448,73888,23.08495984536906,2.089847479926215
fits,raw,kan_signed,64,2000,validation,output_nmse,27,0,3,12,239.52127853201497,175.2607579406122,73888,23.08495984536906,2.089847479926215
fits,raw,kan_signed,64,2000,validation,output_nmse,27,6,3,12,17401.09004000823,30022.768583008357,73888,23.08495984536906,2.089847479926215
fits,raw,kan_signed,64,2000,validation,row_l1,14,0,3,12,5.180450989140405,1.2108001979102885,73888,23.08495984536906,2.089847479926215
fits,raw,kan_signed,64,2000,validation,row_l1,14,6,3,12,4.248736848433812,0.9589770708866953,73888,23.08495984536906,2.089847479926215
fits,raw,kan_signed,64,2000,validation,row_l1,27,0,3,12,5.360232565138076,1.4366274719731695,73888,23.08495984536906,2.089847479926215
fits,raw,kan_signed,64,2000,validation,row_l1,27,6,3,12,6.024179259936015,5.748423542683809,73888,23.08495984536906,2.089847479926215
fits,raw,kan_signed,64,2000,validation,negative_fraction,14,0,3,12,0.383466012775898,0.05065434115139095,73888,23.08495984536906,2.089847479926215
fits,raw,kan_signed,64,2000,validation,negative_fraction,14,6,3,12,0.26389114869137603,0.0980123876975817,73888,23.08495984536906,2.089847479926215
fits,raw,kan_signed,64,2000,validation,negative_fraction,27,0,3,12,0.2688627702494462,0.030323580768192634,73888,23.08495984536906,2.089847479926215
fits,raw,kan_signed,64,2000,validation,negative_fraction,27,6,3,12,0.18049787854154906,0.022513952590438972,73888,23.08495984536906,2.089847479926215
fits,raw,kan_signed,64,2000,validation,nonpositive_denominator_fraction,14,0,3,12,0.05430772569444444,0.030789837328768464,73888,23.08495984536906,2.089847479926215
fits,raw,kan_signed,64,2000,validation,nonpositive_denominator_fraction,14,6,3,12,0.08056640625,0.03687017434364316,73888,23.08495984536906,2.089847479926215
fits,raw,kan_signed,64,2000,validation,nonpositive_denominator_fraction,27,0,3,12,0.1277126736111111,0.040078189688135916,73888,23.08495984536906,2.089847479926215
fits,raw,kan_signed,64,2000,validation,nonpositive_denominator_fraction,27,6,3,12,0.07194010416666667,0.03344201807096819,73888,23.08495984536906,2.089847479926215
fits,raw,kan_signed,64,2000,validation,top1_agreement,14,0,3,12,0.7764756944444443,0.029838620570372877,73888,23.08495984536906,2.089847479926215
fits,raw,kan_signed,64,2000,validation,top1_agreement,14,6,3,12,0.7962782118055557,0.03683758827209158,73888,23.08495984536906,2.089847479926215
fits,raw,kan_signed,64,2000,validation,top1_agreement,27,0,3,12,0.03135850694444444,0.002830035016437713,73888,23.08495984536906,2.089847479926215
fits,raw,kan_signed,64,2000,validation,top1_agreement,27,6,3,12,0.01654730902777778,0.005229483153689632,73888,23.08495984536906,2.089847479926215
fits,raw,kan_signed,64,2000,test,kernel_nmse,14,0,3,20,0.9223894506692888,0.0018718728901170644,73888,23.08495984536906,2.089847479926215
fits,raw,kan_signed,64,2000,test,kernel_nmse,14,6,3,20,0.8160171163578829,0.0026695762492583404,73888,23.08495984536906,2.089847479926215
fits,raw,kan_signed,64,2000,test,kernel_nmse,27,0,3,20,0.8996725340684254,0.0027821214122851524,73888,23.08495984536906,2.089847479926215
fits,raw,kan_signed,64,2000,test,kernel_nmse,27,6,3,20,0.8952266871929169,0.018683832313534224,73888,23.08495984536906,2.089847479926215
fits,raw,kan_signed,64,2000,test,attention_nmse,14,0,3,20,14203.856531854472,17015.25882624892,73888,23.08495984536906,2.089847479926215
fits,raw,kan_signed,64,2000,test,attention_nmse,14,6,3,20,6732.242572126786,9700.119657909103,73888,23.08495984536906,2.089847479926215
fits,raw,kan_signed,64,2000,test,attention_nmse,27,0,3,20,1294.2639069398244,1306.3904658446204,73888,23.08495984536906,2.089847479926215
fits,raw,kan_signed,64,2000,test,attention_nmse,27,6,3,20,280.08698352376615,145.90223230272568,73888,23.08495984536906,2.089847479926215
fits,raw,kan_signed,64,2000,test,output_nmse,14,0,3,20,43013.85160201789,59024.56479669048,73888,23.08495984536906,2.089847479926215
fits,raw,kan_signed,64,2000,test,output_nmse,14,6,3,20,12727.346285096804,17980.289229615715,73888,23.08495984536906,2.089847479926215
fits,raw,kan_signed,64,2000,test,output_nmse,27,0,3,20,2156.0641593615214,3019.5909188177257,73888,23.08495984536906,2.089847479926215
fits,raw,kan_signed,64,2000,test,output_nmse,27,6,3,20,258.66312661965685,98.92814402186525,73888,23.08495984536906,2.089847479926215
fits,raw,kan_signed,64,2000,test,row_l1,14,0,3,20,8.32291358311971,2.237492210938967,73888,23.08495984536906,2.089847479926215
fits,raw,kan_signed,64,2000,test,row_l1,14,6,3,20,5.395851816733678,1.7249279781878846,73888,23.08495984536906,2.089847479926215
fits,raw,kan_signed,64,2000,test,row_l1,27,0,3,20,6.71956406434377,0.6836245588226763,73888,23.08495984536906,2.089847479926215
fits,raw,kan_signed,64,2000,test,row_l1,27,6,3,20,3.832478674252828,0.811133409553904,73888,23.08495984536906,2.089847479926215
fits,raw,kan_signed,64,2000,test,negative_fraction,14,0,3,20,0.3973570331931115,0.03416999958959466,73888,23.08495984536906,2.089847479926215
fits,raw,kan_signed,64,2000,test,negative_fraction,14,6,3,20,0.27831561118364334,0.09167798951192181,73888,23.08495984536906,2.089847479926215
fits,raw,kan_signed,64,2000,test,negative_fraction,27,0,3,20,0.2965835774938265,0.03988112802301381,73888,23.08495984536906,2.089847479926215
fits,raw,kan_signed,64,2000,test,negative_fraction,27,6,3,20,0.209499616920948,0.03131738547010591,73888,23.08495984536906,2.089847479926215
fits,raw,kan_signed,64,2000,test,nonpositive_denominator_fraction,14,0,3,20,0.07386067708333334,0.03574236537979416,73888,23.08495984536906,2.089847479926215
fits,raw,kan_signed,64,2000,test,nonpositive_denominator_fraction,14,6,3,20,0.08945312499999998,0.03989577543222925,73888,23.08495984536906,2.089847479926215
fits,raw,kan_signed,64,2000,test,nonpositive_denominator_fraction,27,0,3,20,0.15810546875,0.06723935986833106,73888,23.08495984536906,2.089847479926215
fits,raw,kan_signed,64,2000,test,nonpositive_denominator_fraction,27,6,3,20,0.10625,0.03943390330797269,73888,23.08495984536906,2.089847479926215
fits,raw,kan_signed,64,2000,test,top1_agreement,14,0,3,20,0.7552734375,0.034716899887769125,73888,23.08495984536906,2.089847479926215
fits,raw,kan_signed,64,2000,test,top1_agreement,14,6,3,20,0.8044596354166665,0.03963897542061136,73888,23.08495984536906,2.089847479926215
fits,raw,kan_signed,64,2000,test,top1_agreement,27,0,3,20,0.03167317708333334,0.00583681638364779,73888,23.08495984536906,2.089847479926215
fits,raw,kan_signed,64,2000,test,top1_agreement,27,6,3,20,0.019108072916666666,0.0043687757994290664,73888,23.08495984536906,2.089847479926215
fits,raw,kan_signed,64,2000,test_long,kernel_nmse,14,0,3,8,0.9623419394095739,0.001660958052526624,73888,23.08495984536906,2.089847479926215
fits,raw,kan_signed,64,2000,test_long,kernel_nmse,14,6,3,8,0.8337654421726862,0.006710642001692906,73888,23.08495984536906,2.089847479926215
fits,raw,kan_signed,64,2000,test_long,kernel_nmse,27,0,3,8,1.0917929684122403,0.03407246495045309,73888,23.08495984536906,2.089847479926215
fits,raw,kan_signed,64,2000,test_long,kernel_nmse,27,6,3,8,1.0508659034967422,0.016995399299388526,73888,23.08495984536906,2.089847479926215
fits,raw,kan_signed,64,2000,test_long,attention_nmse,14,0,3,8,5227.9109351535635,9003.463342156747,73888,23.08495984536906,2.089847479926215
fits,raw,kan_signed,64,2000,test_long,attention_nmse,14,6,3,8,1186.720177213351,1627.9363420682575,73888,23.08495984536906,2.089847479926215
fits,raw,kan_signed,64,2000,test_long,attention_nmse,27,0,3,8,27.732681428392727,18.518582197412552,73888,23.08495984536906,2.089847479926215
fits,raw,kan_signed,64,2000,test_long,attention_nmse,27,6,3,8,277.65958541134995,336.5734587113076,73888,23.08495984536906,2.089847479926215
fits,raw,kan_signed,64,2000,test_long,output_nmse,14,0,3,8,23868.595210045576,40751.27401232936,73888,23.08495984536906,2.089847479926215
fits,raw,kan_signed,64,2000,test_long,output_nmse,14,6,3,8,1714.4108474254608,2067.0254553910886,73888,23.08495984536906,2.089847479926215
fits,raw,kan_signed,64,2000,test_long,output_nmse,27,0,3,8,30.695178750902414,26.783763419058296,73888,23.08495984536906,2.089847479926215
fits,raw,kan_signed,64,2000,test_long,output_nmse,27,6,3,8,217.93203622102737,291.4177638507612,73888,23.08495984536906,2.089847479926215
fits,raw,kan_signed,64,2000,test_long,row_l1,14,0,3,8,8.181701709826788,6.137894777853672,73888,23.08495984536906,2.089847479926215
fits,raw,kan_signed,64,2000,test_long,row_l1,14,6,3,8,6.8536067108313246,1.0593566552934508,73888,23.08495984536906,2.089847479926215
fits,raw,kan_signed,64,2000,test_long,row_l1,27,0,3,8,3.1486564725637436,0.498092423853744,73888,23.08495984536906,2.089847479926215
fits,raw,kan_signed,64,2000,test_long,row_l1,27,6,3,8,3.170631210009257,1.617279722680336,73888,23.08495984536906,2.089847479926215
fits,raw,kan_signed,64,2000,test_long,negative_fraction,14,0,3,8,0.25778489746153355,0.046900354851864265,73888,23.08495984536906,2.089847479926215
fits,raw,kan_signed,64,2000,test_long,negative_fraction,14,6,3,8,0.3534520175307989,0.043536360457041214,73888,23.08495984536906,2.089847479926215
fits,raw,kan_signed,64,2000,test_long,negative_fraction,27,0,3,8,0.18367515380183855,0.026825107892370307,73888,23.08495984536906,2.089847479926215
fits,raw,kan_signed,64,2000,test_long,negative_fraction,27,6,3,8,0.14817749181141457,0.040199388820657746,73888,23.08495984536906,2.089847479926215
fits,raw,kan_signed,64,2000,test_long,nonpositive_denominator_fraction,14,0,3,8,0.06754557291666667,0.048323400507211865,73888,23.08495984536906,2.089847479926215
fits,raw,kan_signed,64,2000,test_long,nonpositive_denominator_fraction,14,6,3,8,0.238525390625,0.05090375941244965,73888,23.08495984536906,2.089847479926215
fits,raw,kan_signed,64,2000,test_long,nonpositive_denominator_fraction,27,0,3,8,0.051513671875,0.03576222676156445,73888,23.08495984536906,2.089847479926215
fits,raw,kan_signed,64,2000,test_long,nonpositive_denominator_fraction,27,6,3,8,0.06258138020833333,0.08268056952818163,73888,23.08495984536906,2.089847479926215
fits,raw,kan_signed,64,2000,test_long,top1_agreement,14,0,3,8,0.7688802083333334,0.04564145701519674,73888,23.08495984536906,2.089847479926215
fits,raw,kan_signed,64,2000,test_long,top1_agreement,14,6,3,8,0.645751953125,0.04955333037053885,73888,23.08495984536906,2.089847479926215
fits,raw,kan_signed,64,2000,test_long,top1_agreement,27,0,3,8,0.023763020833333332,0.010659564773330084,73888,23.08495984536906,2.089847479926215
fits,raw,kan_signed,64,2000,test_long,top1_agreement,27,6,3,8,0.0010579427083333333,0.0001409546555638735,73888,23.08495984536906,2.089847479926215
fits,raw,kan_signed,64,2000,ood,kernel_nmse,14,0,3,8,0.8509446469446024,0.0013297976220432485,73888,23.08495984536906,2.089847479926215
fits,raw,kan_signed,64,2000,ood,kernel_nmse,14,6,3,8,0.8567651932438215,0.0036798582855348187,73888,23.08495984536906,2.089847479926215
fits,raw,kan_signed,64,2000,ood,kernel_nmse,27,0,3,8,0.870973490178585,0.0024328548103188415,73888,23.08495984536906,2.089847479926215
fits,raw,kan_signed,64,2000,ood,kernel_nmse,27,6,3,8,0.8643423790733019,0.01690468968783501,73888,23.08495984536906,2.089847479926215
fits,raw,kan_signed,64,2000,ood,attention_nmse,14,0,3,8,390.1875561326742,413.7032756977383,73888,23.08495984536906,2.089847479926215
fits,raw,kan_signed,64,2000,ood,attention_nmse,14,6,3,8,24790.42065225045,42225.8277549334,73888,23.08495984536906,2.089847479926215
fits,raw,kan_signed,64,2000,ood,attention_nmse,27,0,3,8,9238.817349404097,12062.67347246916,73888,23.08495984536906,2.089847479926215
fits,raw,kan_signed,64,2000,ood,attention_nmse,27,6,3,8,122.05580466985703,72.58126394811597,73888,23.08495984536906,2.089847479926215
fits,raw,kan_signed,64,2000,ood,output_nmse,14,0,3,8,2002.2079414526622,2412.141846713816,73888,23.08495984536906,2.089847479926215
fits,raw,kan_signed,64,2000,ood,output_nmse,14,6,3,8,39277.47317161163,66700.82349671813,73888,23.08495984536906,2.089847479926215
fits,raw,kan_signed,64,2000,ood,output_nmse,27,0,3,8,6664.429741351555,7020.734236729269,73888,23.08495984536906,2.089847479926215
fits,raw,kan_signed,64,2000,ood,output_nmse,27,6,3,8,95.80511332551639,54.17034702619616,73888,23.08495984536906,2.089847479926215
fits,raw,kan_signed,64,2000,ood,row_l1,14,0,3,8,4.959437057375908,0.8456758670103466,73888,23.08495984536906,2.089847479926215
fits,raw,kan_signed,64,2000,ood,row_l1,14,6,3,8,6.197977115710576,4.194156212782094,73888,23.08495984536906,2.089847479926215
fits,raw,kan_signed,64,2000,ood,row_l1,27,0,3,8,8.479554752508799,3.748438808958915,73888,23.08495984536906,2.089847479926215
fits,raw,kan_signed,64,2000,ood,row_l1,27,6,3,8,3.651368702451388,0.40564250831929033,73888,23.08495984536906,2.089847479926215
fits,raw,kan_signed,64,2000,ood,negative_fraction,14,0,3,8,0.41483839477101964,0.035751850676477556,73888,23.08495984536906,2.089847479926215
fits,raw,kan_signed,64,2000,ood,negative_fraction,14,6,3,8,0.31507568309704465,0.11875624274816046,73888,23.08495984536906,2.089847479926215
fits,raw,kan_signed,64,2000,ood,negative_fraction,27,0,3,8,0.2610261968026559,0.017864778885992964,73888,23.08495984536906,2.089847479926215
fits,raw,kan_signed,64,2000,ood,negative_fraction,27,6,3,8,0.22156426310539246,0.014421709738447534,73888,23.08495984536906,2.089847479926215
fits,raw,kan_signed,64,2000,ood,nonpositive_denominator_fraction,14,0,3,8,0.053304036458333336,0.018506975903542958,73888,23.08495984536906,2.089847479926215
fits,raw,kan_signed,64,2000,ood,nonpositive_denominator_fraction,14,6,3,8,0.10481770833333333,0.07000169229732478,73888,23.08495984536906,2.089847479926215
fits,raw,kan_signed,64,2000,ood,nonpositive_denominator_fraction,27,0,3,8,0.11385091145833333,0.030635838569365553,73888,23.08495984536906,2.089847479926215
fits,raw,kan_signed,64,2000,ood,nonpositive_denominator_fraction,27,6,3,8,0.11775716145833333,0.0342844492909778,73888,23.08495984536906,2.089847479926215
fits,raw,kan_signed,64,2000,ood,top1_agreement,14,0,3,8,0.8038736979166666,0.018280139682884403,73888,23.08495984536906,2.089847479926215
fits,raw,kan_signed,64,2000,ood,top1_agreement,14,6,3,8,0.7950846354166666,0.06980258989019843,73888,23.08495984536906,2.089847479926215
fits,raw,kan_signed,64,2000,ood,top1_agreement,27,0,3,8,0.06640625,0.005741199226711351,73888,23.08495984536906,2.089847479926215
fits,raw,kan_signed,64,2000,ood,top1_agreement,27,6,3,8,0.029296875,0.005044916581975543,73888,23.08495984536906,2.089847479926215
fits,raw,kan_signed,64,2000,test_block,kernel_nmse,14,0,3,20,0.5516412071883678,0.011644081933204006,73888,23.08495984536906,2.089847479926215
fits,raw,kan_signed,64,2000,test_block,kernel_nmse,14,6,3,20,0.6724698981891075,0.0030598329693416002,73888,23.08495984536906,2.089847479926215
fits,raw,kan_signed,64,2000,test_block,kernel_nmse,27,0,3,20,0.8973901182413101,0.010525388398045366,73888,23.08495984536906,2.089847479926215
fits,raw,kan_signed,64,2000,test_block,kernel_nmse,27,6,3,20,0.9338519454002382,0.029924396214013577,73888,23.08495984536906,2.089847479926215
fits,raw,kan_signed,64,2000,test_block,attention_nmse,14,0,3,20,2252.284453958273,2763.428937123121,73888,23.08495984536906,2.089847479926215
fits,raw,kan_signed,64,2000,test_block,attention_nmse,14,6,3,20,16548.429310784737,22782.998788487028,73888,23.08495984536906,2.089847479926215
fits,raw,kan_signed,64,2000,test_block,attention_nmse,27,0,3,20,3080.976467776299,1775.4947909335801,73888,23.08495984536906,2.089847479926215
fits,raw,kan_signed,64,2000,test_block,attention_nmse,27,6,3,20,1996.9059505224225,2569.04667757677,73888,23.08495984536906,2.089847479926215
fits,raw,kan_signed,64,2000,test_block,output_nmse,14,0,3,20,21584.52051031788,16200.136391030946,73888,23.08495984536906,2.089847479926215
fits,raw,kan_signed,64,2000,test_block,output_nmse,14,6,3,20,68497.50362396638,104942.32784846585,73888,23.08495984536906,2.089847479926215
fits,raw,kan_signed,64,2000,test_block,output_nmse,27,0,3,20,2548.091918349266,1348.5931497069769,73888,23.08495984536906,2.089847479926215
fits,raw,kan_signed,64,2000,test_block,output_nmse,27,6,3,20,1440.6173825025555,1571.2406332337764,73888,23.08495984536906,2.089847479926215
fits,raw,kan_signed,64,2000,test_block,row_l1,14,0,3,20,5.958826661109924,1.9684027882408308,73888,23.08495984536906,2.089847479926215
fits,raw,kan_signed,64,2000,test_block,row_l1,14,6,3,20,6.756786801417668,3.123461353468352,73888,23.08495984536906,2.089847479926215
fits,raw,kan_signed,64,2000,test_block,row_l1,27,0,3,20,8.36221596399943,0.678939778886406,73888,23.08495984536906,2.089847479926215
fits,raw,kan_signed,64,2000,test_block,row_l1,27,6,3,20,4.971119137605032,1.4647000356716515,73888,23.08495984536906,2.089847479926215
fits,raw,kan_signed,64,2000,test_block,negative_fraction,14,0,3,20,0.4393535614013672,0.037044080750344655,73888,23.08495984536906,2.089847479926215
fits,raw,kan_signed,64,2000,test_block,negative_fraction,14,6,3,20,0.29308567047119144,0.1162240233619794,73888,23.08495984536906,2.089847479926215
fits,raw,kan_signed,64,2000,test_block,negative_fraction,27,0,3,20,0.3439111073811849,0.05558340692383048,73888,23.08495984536906,2.089847479926215
fits,raw,kan_signed,64,2000,test_block,negative_fraction,27,6,3,20,0.23815371195475263,0.03378860354991116,73888,23.08495984536906,2.089847479926215
fits,raw,kan_signed,64,2000,test_block,nonpositive_denominator_fraction,14,0,3,20,0.03837890625,0.022059939487128723,73888,23.08495984536906,2.089847479926215
fits,raw,kan_signed,64,2000,test_block,nonpositive_denominator_fraction,14,6,3,20,0.06422526041666667,0.03742086750285649,73888,23.08495984536906,2.089847479926215
fits,raw,kan_signed,64,2000,test_block,nonpositive_denominator_fraction,27,0,3,20,0.2435872395833333,0.1048234351195012,73888,23.08495984536906,2.089847479926215
fits,raw,kan_signed,64,2000,test_block,nonpositive_denominator_fraction,27,6,3,20,0.14970703124999998,0.054564943588788356,73888,23.08495984536906,2.089847479926215
fits,raw,kan_signed,64,2000,test_block,top1_agreement,14,0,3,20,0.9210937499999999,0.02205993948712875,73888,23.08495984536906,2.089847479926215
fits,raw,kan_signed,64,2000,test_block,top1_agreement,14,6,3,20,0.8863606770833333,0.03742086750285651,73888,23.08495984536906,2.089847479926215
fits,raw,kan_signed,64,2000,test_block,top1_agreement,27,0,3,20,0.08463541666666667,0.019156894127459103,73888,23.08495984536906,2.089847479926215
fits,raw,kan_signed,64,2000,test_block,top1_agreement,27,6,3,20,0.060221354166666664,0.0245322011451422,73888,23.08495984536906,2.089847479926215
fits,raw,mlp_positive,64,2000,validation,kernel_nmse,14,0,3,12,0.9179695066478518,0.0006462497958330754,73854,10.291203749676546,0.4420266681247287
fits,raw,mlp_positive,64,2000,validation,kernel_nmse,14,6,3,12,0.8399725978573164,0.0028825993439018133,73854,10.291203749676546,0.4420266681247287
fits,raw,mlp_positive,64,2000,validation,kernel_nmse,27,0,3,12,0.9383983612060547,0.019777915031937682,73854,10.291203749676546,0.4420266681247287
fits,raw,mlp_positive,64,2000,validation,kernel_nmse,27,6,3,12,0.9406276179684533,0.02044504669516623,73854,10.291203749676546,0.4420266681247287
fits,raw,mlp_positive,64,2000,validation,attention_nmse,14,0,3,12,0.23481548743115532,0.009883098440800115,73854,10.291203749676546,0.4420266681247287
fits,raw,mlp_positive,64,2000,validation,attention_nmse,14,6,3,12,0.22879868352578747,0.015182396130306886,73854,10.291203749676546,0.4420266681247287
fits,raw,mlp_positive,64,2000,validation,attention_nmse,27,0,3,12,0.9613436924086677,0.013660605390943435,73854,10.291203749676546,0.4420266681247287
fits,raw,mlp_positive,64,2000,validation,attention_nmse,27,6,3,12,0.9019071294201745,0.019948156693742707,73854,10.291203749676546,0.4420266681247287
fits,raw,mlp_positive,64,2000,validation,output_nmse,14,0,3,12,0.8599978784720103,0.018344603826675486,73854,10.291203749676546,0.4420266681247287
fits,raw,mlp_positive,64,2000,validation,output_nmse,14,6,3,12,0.720669451687071,0.022496363527302728,73854,10.291203749676546,0.4420266681247287
fits,raw,mlp_positive,64,2000,validation,output_nmse,27,0,3,12,0.3399093771974246,0.015489948095040241,73854,10.291203749676546,0.4420266681247287
fits,raw,mlp_positive,64,2000,validation,output_nmse,27,6,3,12,0.4857810056871838,0.009250973622129614,73854,10.291203749676546,0.4420266681247287
fits,raw,mlp_positive,64,2000,validation,row_l1,14,0,3,12,0.6743886984056897,0.0321824713582091,73854,10.291203749676546,0.4420266681247287
fits,raw,mlp_positive,64,2000,validation,row_l1,14,6,3,12,0.9233902345101038,0.028276224800314984,73854,10.291203749676546,0.4420266681247287
fits,raw,mlp_positive,64,2000,validation,row_l1,27,0,3,12,1.2354698114924958,0.024925340410820486,73854,10.291203749676546,0.4420266681247287
fits,raw,mlp_positive,64,2000,validation,row_l1,27,6,3,12,1.1711288293202717,0.03317707476769977,73854,10.291203749676546,0.4420266681247287
fits,raw,mlp_positive,64,2000,validation,negative_fraction,14,0,3,12,0.0,0.0,73854,10.291203749676546,0.4420266681247287
fits,raw,mlp_positive,64,2000,validation,negative_fraction,14,6,3,12,0.0,0.0,73854,10.291203749676546,0.4420266681247287
fits,raw,mlp_positive,64,2000,validation,negative_fraction,27,0,3,12,0.0,0.0,73854,10.291203749676546,0.4420266681247287
fits,raw,mlp_positive,64,2000,validation,negative_fraction,27,6,3,12,0.0,0.0,73854,10.291203749676546,0.4420266681247287
fits,raw,mlp_positive,64,2000,validation,nonpositive_denominator_fraction,14,0,3,12,0.0,0.0,73854,10.291203749676546,0.4420266681247287
fits,raw,mlp_positive,64,2000,validation,nonpositive_denominator_fraction,14,6,3,12,0.0,0.0,73854,10.291203749676546,0.4420266681247287
fits,raw,mlp_positive,64,2000,validation,nonpositive_denominator_fraction,27,0,3,12,0.0,0.0,73854,10.291203749676546,0.4420266681247287
fits,raw,mlp_positive,64,2000,validation,nonpositive_denominator_fraction,27,6,3,12,0.0,0.0,73854,10.291203749676546,0.4420266681247287
fits,raw,mlp_positive,64,2000,validation,top1_agreement,14,0,3,12,0.8298611111111112,0.0004096047328163041,73854,10.291203749676546,0.4420266681247287
fits,raw,mlp_positive,64,2000,validation,top1_agreement,14,6,3,12,0.8764105902777777,0.00037587908150364126,73854,10.291203749676546,0.4420266681247287
fits,raw,mlp_positive,64,2000,validation,top1_agreement,27,0,3,12,0.03249782986111111,0.004644616910986216,73854,10.291203749676546,0.4420266681247287
fits,raw,mlp_positive,64,2000,validation,top1_agreement,27,6,3,12,0.008029513888888888,0.003600403650832695,73854,10.291203749676546,0.4420266681247287
fits,raw,mlp_positive,64,2000,test,kernel_nmse,14,0,3,20,0.9144610921541849,0.007405695403505345,73854,10.291203749676546,0.4420266681247287
fits,raw,mlp_positive,64,2000,test,kernel_nmse,14,6,3,20,0.8162978105247021,0.001368661980634008,73854,10.291203749676546,0.4420266681247287
fits,raw,mlp_positive,64,2000,test,kernel_nmse,27,0,3,20,0.9490766584873199,0.03514263562399383,73854,10.291203749676546,0.4420266681247287
fits,raw,mlp_positive,64,2000,test,kernel_nmse,27,6,3,20,0.9197946906089781,0.012510507168437962,73854,10.291203749676546,0.4420266681247287
fits,raw,mlp_positive,64,2000,test,attention_nmse,14,0,3,20,0.23093922523160773,0.010015182493913557,73854,10.291203749676546,0.4420266681247287
fits,raw,mlp_positive,64,2000,test,attention_nmse,14,6,3,20,0.21033286713063717,0.013583281191857696,73854,10.291203749676546,0.4420266681247287
fits,raw,mlp_positive,64,2000,test,attention_nmse,27,0,3,20,0.942256877819697,0.01511293352601226,73854,10.291203749676546,0.4420266681247287
fits,raw,mlp_positive,64,2000,test,attention_nmse,27,6,3,20,0.9019817322492599,0.018871111916208345,73854,10.291203749676546,0.4420266681247287
fits,raw,mlp_positive,64,2000,test,output_nmse,14,0,3,20,0.8502887924512228,0.006608279488692985,73854,10.291203749676546,0.4420266681247287
fits,raw,mlp_positive,64,2000,test,output_nmse,14,6,3,20,0.7211552873253823,0.020811577316784985,73854,10.291203749676546,0.4420266681247287
fits,raw,mlp_positive,64,2000,test,output_nmse,27,0,3,20,0.3070498536030451,0.01777717534130456,73854,10.291203749676546,0.4420266681247287
fits,raw,mlp_positive,64,2000,test,output_nmse,27,6,3,20,0.49721009085575735,0.010029204703196744,73854,10.291203749676546,0.4420266681247287
fits,raw,mlp_positive,64,2000,test,row_l1,14,0,3,20,0.6832413976391156,0.04742461390657913,73854,10.291203749676546,0.4420266681247287
fits,raw,mlp_positive,64,2000,test,row_l1,14,6,3,20,0.9192652761936188,0.016097370916148115,73854,10.291203749676546,0.4420266681247287
fits,raw,mlp_positive,64,2000,test,row_l1,27,0,3,20,1.2267366806666056,0.025391877046951204,73854,10.291203749676546,0.4420266681247287
fits,raw,mlp_positive,64,2000,test,row_l1,27,6,3,20,1.1951954444249473,0.03337900159372658,73854,10.291203749676546,0.4420266681247287
fits,raw,mlp_positive,64,2000,test,negative_fraction,14,0,3,20,0.0,0.0,73854,10.291203749676546,0.4420266681247287
fits,raw,mlp_positive,64,2000,test,negative_fraction,14,6,3,20,0.0,0.0,73854,10.291203749676546,0.4420266681247287
fits,raw,mlp_positive,64,2000,test,negative_fraction,27,0,3,20,0.0,0.0,73854,10.291203749676546,0.4420266681247287
fits,raw,mlp_positive,64,2000,test,negative_fraction,27,6,3,20,0.0,0.0,73854,10.291203749676546,0.4420266681247287
fits,raw,mlp_positive,64,2000,test,nonpositive_denominator_fraction,14,0,3,20,0.0,0.0,73854,10.291203749676546,0.4420266681247287
fits,raw,mlp_positive,64,2000,test,nonpositive_denominator_fraction,14,6,3,20,0.0,0.0,73854,10.291203749676546,0.4420266681247287
fits,raw,mlp_positive,64,2000,test,nonpositive_denominator_fraction,27,0,3,20,0.0,0.0,73854,10.291203749676546,0.4420266681247287
fits,raw,mlp_positive,64,2000,test,nonpositive_denominator_fraction,27,6,3,20,0.0,0.0,73854,10.291203749676546,0.4420266681247287
fits,raw,mlp_positive,64,2000,test,top1_agreement,14,0,3,20,0.82802734375,0.0002583741514711472,73854,10.291203749676546,0.4420266681247287
fits,raw,mlp_positive,64,2000,test,top1_agreement,14,6,3,20,0.8930989583333333,0.0009584916578343653,73854,10.291203749676546,0.4420266681247287
fits,raw,mlp_positive,64,2000,test,top1_agreement,27,0,3,20,0.032063802083333336,0.004863568850264488,73854,10.291203749676546,0.4420266681247287
fits,raw,mlp_positive,64,2000,test,top1_agreement,27,6,3,20,0.009993489583333333,0.005000851876486635,73854,10.291203749676546,0.4420266681247287
fits,raw,mlp_positive,64,2000,test_long,kernel_nmse,14,0,3,8,1.0729238738616307,0.05857850523660227,73854,10.291203749676546,0.4420266681247287
fits,raw,mlp_positive,64,2000,test_long,kernel_nmse,14,6,3,8,0.9629013364513715,0.036936107468353435,73854,10.291203749676546,0.4420266681247287
fits,raw,mlp_positive,64,2000,test_long,kernel_nmse,27,0,3,8,1.076927902797858,0.031072840537675568,73854,10.291203749676546,0.4420266681247287
fits,raw,mlp_positive,64,2000,test_long,kernel_nmse,27,6,3,8,1.366630956530571,0.1406581025923386,73854,10.291203749676546,0.4420266681247287
fits,raw,mlp_positive,64,2000,test_long,attention_nmse,14,0,3,8,0.819900872806708,0.0758467889567165,73854,10.291203749676546,0.4420266681247287
fits,raw,mlp_positive,64,2000,test_long,attention_nmse,14,6,3,8,0.6828369026382765,0.1072496144954478,73854,10.291203749676546,0.4420266681247287
fits,raw,mlp_positive,64,2000,test_long,attention_nmse,27,0,3,8,0.9878365223606428,0.01637921155997795,73854,10.291203749676546,0.4420266681247287
fits,raw,mlp_positive,64,2000,test_long,attention_nmse,27,6,3,8,0.9482147991657257,0.014696266099453072,73854,10.291203749676546,0.4420266681247287
fits,raw,mlp_positive,64,2000,test_long,output_nmse,14,0,3,8,2.1503794193267822,0.12853890536471949,73854,10.291203749676546,0.4420266681247287
fits,raw,mlp_positive,64,2000,test_long,output_nmse,14,6,3,8,1.7091712281107903,0.20202788621024476,73854,10.291203749676546,0.4420266681247287
fits,raw,mlp_positive,64,2000,test_long,output_nmse,27,0,3,8,0.3616876633216937,0.031554937639085394,73854,10.291203749676546,0.4420266681247287
fits,raw,mlp_positive,64,2000,test_long,output_nmse,27,6,3,8,0.4415888575216134,0.007280508315481281,73854,10.291203749676546,0.4420266681247287
fits,raw,mlp_positive,64,2000,test_long,row_l1,14,0,3,8,1.7444744209448497,0.07393529662153293,73854,10.291203749676546,0.4420266681247287
fits,raw,mlp_positive,64,2000,test_long,row_l1,14,6,3,8,1.5473419626553853,0.07952881932991519,73854,10.291203749676546,0.4420266681247287
fits,raw,mlp_positive,64,2000,test_long,row_l1,27,0,3,8,1.38359168668588,0.03783254079317623,73854,10.291203749676546,0.4420266681247287
fits,raw,mlp_positive,64,2000,test_long,row_l1,27,6,3,8,1.264207015434901,0.03547130215572984,73854,10.291203749676546,0.4420266681247287
fits,raw,mlp_positive,64,2000,test_long,negative_fraction,14,0,3,8,0.0,0.0,73854,10.291203749676546,0.4420266681247287
fits,raw,mlp_positive,64,2000,test_long,negative_fraction,14,6,3,8,0.0,0.0,73854,10.291203749676546,0.4420266681247287
fits,raw,mlp_positive,64,2000,test_long,negative_fraction,27,0,3,8,0.0,0.0,73854,10.291203749676546,0.4420266681247287
fits,raw,mlp_positive,64,2000,test_long,negative_fraction,27,6,3,8,0.0,0.0,73854,10.291203749676546,0.4420266681247287
fits,raw,mlp_positive,64,2000,test_long,nonpositive_denominator_fraction,14,0,3,8,0.0,0.0,73854,10.291203749676546,0.4420266681247287
fits,raw,mlp_positive,64,2000,test_long,nonpositive_denominator_fraction,14,6,3,8,0.0,0.0,73854,10.291203749676546,0.4420266681247287
fits,raw,mlp_positive,64,2000,test_long,nonpositive_denominator_fraction,27,0,3,8,0.0,0.0,73854,10.291203749676546,0.4420266681247287
fits,raw,mlp_positive,64,2000,test_long,nonpositive_denominator_fraction,27,6,3,8,0.0,0.0,73854,10.291203749676546,0.4420266681247287
fits,raw,mlp_positive,64,2000,test_long,top1_agreement,14,0,3,8,0.8299967447916666,0.0029126839466427864,73854,10.291203749676546,0.4420266681247287
fits,raw,mlp_positive,64,2000,test_long,top1_agreement,14,6,3,8,0.879150390625,0.005497231566991065,73854,10.291203749676546,0.4420266681247287
fits,raw,mlp_positive,64,2000,test_long,top1_agreement,27,0,3,8,0.008219401041666666,0.002700302738124521,73854,10.291203749676546,0.4420266681247287
fits,raw,mlp_positive,64,2000,test_long,top1_agreement,27,6,3,8,0.002685546875,0.0009765625,73854,10.291203749676546,0.4420266681247287
fits,raw,mlp_positive,64,2000,ood,kernel_nmse,14,0,3,8,0.845915749669075,0.0008169193016912516,73854,10.291203749676546,0.4420266681247287
fits,raw,mlp_positive,64,2000,ood,kernel_nmse,14,6,3,8,0.8552503635485967,0.002304533143549726,73854,10.291203749676546,0.4420266681247287
fits,raw,mlp_positive,64,2000,ood,kernel_nmse,27,0,3,8,0.9156490117311478,0.024486553350202937,73854,10.291203749676546,0.4420266681247287
fits,raw,mlp_positive,64,2000,ood,kernel_nmse,27,6,3,8,0.9262304032842318,0.0005758187168399183,73854,10.291203749676546,0.4420266681247287
fits,raw,mlp_positive,64,2000,ood,attention_nmse,14,0,3,8,0.21729932508120933,0.022078051505193506,73854,10.291203749676546,0.4420266681247287
fits,raw,mlp_positive,64,2000,ood,attention_nmse,14,6,3,8,0.2580549083650112,0.0281370401126762,73854,10.291203749676546,0.4420266681247287
fits,raw,mlp_positive,64,2000,ood,attention_nmse,27,0,3,8,0.9159062032898267,0.018603389606720616,73854,10.291203749676546,0.4420266681247287
fits,raw,mlp_positive,64,2000,ood,attention_nmse,27,6,3,8,0.875296155611674,0.02424285577062804,73854,10.291203749676546,0.4420266681247287
fits,raw,mlp_positive,64,2000,ood,output_nmse,14,0,3,8,0.9085316856702169,0.019479984865311602,73854,10.291203749676546,0.4420266681247287
fits,raw,mlp_positive,64,2000,ood,output_nmse,14,6,3,8,0.7614364773035049,0.027358513551886846,73854,10.291203749676546,0.4420266681247287
fits,raw,mlp_positive,64,2000,ood,output_nmse,27,0,3,8,0.2785848140095671,0.011557619421269526,73854,10.291203749676546,0.4420266681247287
fits,raw,mlp_positive,64,2000,ood,output_nmse,27,6,3,8,0.4172213313480218,0.004007357083988994,73854,10.291203749676546,0.4420266681247287
fits,raw,mlp_positive,64,2000,ood,row_l1,14,0,3,8,0.6451224572956562,0.040007578256113986,73854,10.291203749676546,0.4420266681247287
fits,raw,mlp_positive,64,2000,ood,row_l1,14,6,3,8,0.8718469142913818,0.011107057103419866,73854,10.291203749676546,0.4420266681247287
fits,raw,mlp_positive,64,2000,ood,row_l1,27,0,3,8,1.1594069028894107,0.029846465499274243,73854,10.291203749676546,0.4420266681247287
fits,raw,mlp_positive,64,2000,ood,row_l1,27,6,3,8,1.1473222995797794,0.04038562529196367,73854,10.291203749676546,0.4420266681247287
fits,raw,mlp_positive,64,2000,ood,negative_fraction,14,0,3,8,0.0,0.0,73854,10.291203749676546,0.4420266681247287
fits,raw,mlp_positive,64,2000,ood,negative_fraction,14,6,3,8,0.0,0.0,73854,10.291203749676546,0.4420266681247287
fits,raw,mlp_positive,64,2000,ood,negative_fraction,27,0,3,8,0.0,0.0,73854,10.291203749676546,0.4420266681247287
fits,raw,mlp_positive,64,2000,ood,negative_fraction,27,6,3,8,0.0,0.0,73854,10.291203749676546,0.4420266681247287
fits,raw,mlp_positive,64,2000,ood,nonpositive_denominator_fraction,14,0,3,8,0.0,0.0,73854,10.291203749676546,0.4420266681247287
fits,raw,mlp_positive,64,2000,ood,nonpositive_denominator_fraction,14,6,3,8,0.0,0.0,73854,10.291203749676546,0.4420266681247287
fits,raw,mlp_positive,64,2000,ood,nonpositive_denominator_fraction,27,0,3,8,0.0,0.0,73854,10.291203749676546,0.4420266681247287
fits,raw,mlp_positive,64,2000,ood,nonpositive_denominator_fraction,27,6,3,8,0.0,0.0,73854,10.291203749676546,0.4420266681247287
fits,raw,mlp_positive,64,2000,ood,top1_agreement,14,0,3,8,0.85546875,0.00048828125,73854,10.291203749676546,0.4420266681247287
fits,raw,mlp_positive,64,2000,ood,top1_agreement,14,6,3,8,0.8990885416666666,0.0005638186222554939,73854,10.291203749676546,0.4420266681247287
fits,raw,mlp_positive,64,2000,ood,top1_agreement,27,0,3,8,0.06339518229166667,0.01610279705479375,73854,10.291203749676546,0.4420266681247287
fits,raw,mlp_positive,64,2000,ood,top1_agreement,27,6,3,8,0.019775390625,0.02199028155942402,73854,10.291203749676546,0.4420266681247287
fits,raw,mlp_positive,64,2000,test_block,kernel_nmse,14,0,3,20,0.5506612956523895,0.011574458527601096,73854,10.291203749676546,0.4420266681247287
fits,raw,mlp_positive,64,2000,test_block,kernel_nmse,14,6,3,20,0.6700795833642283,0.0008240552475652716,73854,10.291203749676546,0.4420266681247287
fits,raw,mlp_positive,64,2000,test_block,kernel_nmse,27,0,3,20,0.9290904641151428,0.036741778591133416,73854,10.291203749676546,0.4420266681247287
fits,raw,mlp_positive,64,2000,test_block,kernel_nmse,27,6,3,20,0.9367424249649048,0.022207445540733256,73854,10.291203749676546,0.4420266681247287
fits,raw,mlp_positive,64,2000,test_block,attention_nmse,14,0,3,20,0.08125685798004269,0.0068258009982786,73854,10.291203749676546,0.4420266681247287
fits,raw,mlp_positive,64,2000,test_block,attention_nmse,14,6,3,20,0.11889488473534583,0.012474811217012655,73854,10.291203749676546,0.4420266681247287
fits,raw,mlp_positive,64,2000,test_block,attention_nmse,27,0,3,20,0.9292629539966583,0.028382836346010624,73854,10.291203749676546,0.4420266681247287
fits,raw,mlp_positive,64,2000,test_block,attention_nmse,27,6,3,20,0.8593602746725081,0.005087468103835234,73854,10.291203749676546,0.4420266681247287
fits,raw,mlp_positive,64,2000,test_block,output_nmse,14,0,3,20,1.1259450485308966,0.08423729205649522,73854,10.291203749676546,0.4420266681247287
fits,raw,mlp_positive,64,2000,test_block,output_nmse,14,6,3,20,0.4588561939696471,0.030392386477557858,73854,10.291203749676546,0.4420266681247287
fits,raw,mlp_positive,64,2000,test_block,output_nmse,27,0,3,20,0.342563650260369,0.01329579512664232,73854,10.291203749676546,0.4420266681247287
fits,raw,mlp_positive,64,2000,test_block,output_nmse,27,6,3,20,0.5112179165085157,0.001452115205267001,73854,10.291203749676546,0.4420266681247287
fits,raw,mlp_positive,64,2000,test_block,row_l1,14,0,3,20,0.33174391314387325,0.026908294560232058,73854,10.291203749676546,0.4420266681247287
fits,raw,mlp_positive,64,2000,test_block,row_l1,14,6,3,20,0.6608289768298466,0.03917054475684731,73854,10.291203749676546,0.4420266681247287
fits,raw,mlp_positive,64,2000,test_block,row_l1,27,0,3,20,1.1789661467075347,0.03360810742620744,73854,10.291203749676546,0.4420266681247287
fits,raw,mlp_positive,64,2000,test_block,row_l1,27,6,3,20,1.1145268360773721,0.011676670452780934,73854,10.291203749676546,0.4420266681247287
fits,raw,mlp_positive,64,2000,test_block,negative_fraction,14,0,3,20,0.0,0.0,73854,10.291203749676546,0.4420266681247287
fits,raw,mlp_positive,64,2000,test_block,negative_fraction,14,6,3,20,0.0,0.0,73854,10.291203749676546,0.4420266681247287
fits,raw,mlp_positive,64,2000,test_block,negative_fraction,27,0,3,20,0.0,0.0,73854,10.291203749676546,0.4420266681247287
fits,raw,mlp_positive,64,2000,test_block,negative_fraction,27,6,3,20,0.0,0.0,73854,10.291203749676546,0.4420266681247287
fits,raw,mlp_positive,64,2000,test_block,nonpositive_denominator_fraction,14,0,3,20,0.0,0.0,73854,10.291203749676546,0.4420266681247287
fits,raw,mlp_positive,64,2000,test_block,nonpositive_denominator_fraction,14,6,3,20,0.0,0.0,73854,10.291203749676546,0.4420266681247287
fits,raw,mlp_positive,64,2000,test_block,nonpositive_denominator_fraction,27,0,3,20,0.0,0.0,73854,10.291203749676546,0.4420266681247287
fits,raw,mlp_positive,64,2000,test_block,nonpositive_denominator_fraction,27,6,3,20,0.0,0.0,73854,10.291203749676546,0.4420266681247287
fits,raw,mlp_positive,64,2000,test_block,top1_agreement,14,0,3,20,0.9581380208333333,0.0021447352096391854,73854,10.291203749676546,0.4420266681247287
fits,raw,mlp_positive,64,2000,test_block,top1_agreement,14,6,3,20,0.9505208333333334,5.638186222556221e-05,73854,10.291203749676546,0.4420266681247287
fits,raw,mlp_positive,64,2000,test_block,top1_agreement,27,0,3,20,0.10677083333333333,0.019964514086579118,73854,10.291203749676546,0.4420266681247287
fits,raw,mlp_positive,64,2000,test_block,top1_agreement,27,6,3,20,0.024967447916666666,0.009589392916252762,73854,10.291203749676546,0.4420266681247287
fits,raw,mlp_signed,64,2000,validation,kernel_nmse,14,0,3,12,0.9260302897956637,0.0016050059362693746,73854,9.395041932662329,0.4660451571146647
fits,raw,mlp_signed,64,2000,validation,kernel_nmse,14,6,3,12,0.8578313887119293,0.0004023716324790636,73854,9.395041932662329,0.4660451571146647
fits,raw,mlp_signed,64,2000,validation,kernel_nmse,27,0,3,12,0.9681349446376165,0.011720781236192095,73854,9.395041932662329,0.4660451571146647
fits,raw,mlp_signed,64,2000,validation,kernel_nmse,27,6,3,12,0.9512004355589548,0.03662960955768438,73854,9.395041932662329,0.4660451571146647
fits,raw,mlp_signed,64,2000,validation,attention_nmse,14,0,3,12,1360.5984543297025,1301.6041695546162,73854,9.395041932662329,0.4660451571146647
fits,raw,mlp_signed,64,2000,validation,attention_nmse,14,6,3,12,2320.1175192329615,1770.8985287006951,73854,9.395041932662329,0.4660451571146647
fits,raw,mlp_signed,64,2000,validation,attention_nmse,27,0,3,12,36347.25091010663,62587.470041616376,73854,9.395041932662329,0.4660451571146647
fits,raw,mlp_signed,64,2000,validation,attention_nmse,27,6,3,12,3822.6515053411326,4881.551128882461,73854,9.395041932662329,0.4660451571146647
fits,raw,mlp_signed,64,2000,validation,output_nmse,14,0,3,12,6292.732002894084,3714.6917946644803,73854,9.395041932662329,0.4660451571146647
fits,raw,mlp_signed,64,2000,validation,output_nmse,14,6,3,12,8012.314054250717,7205.519134363378,73854,9.395041932662329,0.4660451571146647
fits,raw,mlp_signed,64,2000,validation,output_nmse,27,0,3,12,20197.850038746994,34784.44762738214,73854,9.395041932662329,0.4660451571146647
fits,raw,mlp_signed,64,2000,validation,output_nmse,27,6,3,12,4433.868518864942,5572.520656100528,73854,9.395041932662329,0.4660451571146647
fits,raw,mlp_signed,64,2000,validation,row_l1,14,0,3,12,15.542819658915201,1.841331570087068,73854,9.395041932662329,0.4660451571146647
fits,raw,mlp_signed,64,2000,validation,row_l1,14,6,3,12,13.555804053942362,4.728166704120519,73854,9.395041932662329,0.4660451571146647
fits,raw,mlp_signed,64,2000,validation,row_l1,27,0,3,12,8.487509922848808,7.302089465572789,73854,9.395041932662329,0.4660451571146647
fits,raw,mlp_signed,64,2000,validation,row_l1,27,6,3,12,4.38829842540953,2.8542568246414057,73854,9.395041932662329,0.4660451571146647
fits,raw,mlp_signed,64,2000,validation,negative_fraction,14,0,3,12,0.47864763935407,0.0035280214361554318,73854,9.395041932662329,0.4660451571146647
fits,raw,mlp_signed,64,2000,validation,negative_fraction,14,6,3,12,0.4419400990009308,0.025522953449668557,73854,9.395041932662329,0.4660451571146647
fits,raw,mlp_signed,64,2000,validation,negative_fraction,27,0,3,12,0.27430266245371765,0.08663818868604378,73854,9.395041932662329,0.4660451571146647
fits,raw,mlp_signed,64,2000,validation,negative_fraction,27,6,3,12,0.1595321763537135,0.14624250361576543,73854,9.395041932662329,0.4660451571146647
fits,raw,mlp_signed,64,2000,validation,nonpositive_denominator_fraction,14,0,3,12,0.1599392361111111,0.008786550406170995,73854,9.395041932662329,0.4660451571146647
fits,raw,mlp_signed,64,2000,validation,nonpositive_denominator_fraction,14,6,3,12,0.1972113715277778,0.11861933310185481,73854,9.395041932662329,0.4660451571146647
fits,raw,mlp_signed,64,2000,validation,nonpositive_denominator_fraction,27,0,3,12,0.17800564236111108,0.05262005086691883,73854,9.395041932662329,0.4660451571146647
fits,raw,mlp_signed,64,2000,validation,nonpositive_denominator_fraction,27,6,3,12,0.10557725694444446,0.0937760399340509,73854,9.395041932662329,0.4660451571146647
fits,raw,mlp_signed,64,2000,validation,top1_agreement,14,0,3,12,0.6773546006944445,0.010959872822184805,73854,9.395041932662329,0.4660451571146647
fits,raw,mlp_signed,64,2000,validation,top1_agreement,14,6,3,12,0.68115234375,0.11694344432299454,73854,9.395041932662329,0.4660451571146647
fits,raw,mlp_signed,64,2000,validation,top1_agreement,27,0,3,12,0.030653211805555552,0.002464803969531368,73854,9.395041932662329,0.4660451571146647
fits,raw,mlp_signed,64,2000,validation,top1_agreement,27,6,3,12,0.010850694444444446,0.008196943803511046,73854,9.395041932662329,0.4660451571146647
fits,raw,mlp_signed,64,2000,test,kernel_nmse,14,0,3,20,0.9241880387067795,0.0038808081657745147,73854,9.395041932662329,0.4660451571146647
fits,raw,mlp_signed,64,2000,test,kernel_nmse,14,6,3,20,0.836265692859888,0.0017335609023874175,73854,9.395041932662329,0.4660451571146647
fits,raw,mlp_signed,64,2000,test,kernel_nmse,27,0,3,20,0.9437393466631572,0.003061205666858549,73854,9.395041932662329,0.4660451571146647
fits,raw,mlp_signed,64,2000,test,kernel_nmse,27,6,3,20,0.9753606130679447,0.02780338197347996,73854,9.395041932662329,0.4660451571146647
fits,raw,mlp_signed,64,2000,test,attention_nmse,14,0,3,20,591576.1539580395,1010719.9336983877,73854,9.395041932662329,0.4660451571146647
fits,raw,mlp_signed,64,2000,test,attention_nmse,14,6,3,20,18072.727451921503,30530.30219944873,73854,9.395041932662329,0.4660451571146647
fits,raw,mlp_signed,64,2000,test,attention_nmse,27,0,3,20,2364.1243944426374,2992.1533135375457,73854,9.395041932662329,0.4660451571146647
fits,raw,mlp_signed,64,2000,test,attention_nmse,27,6,3,20,14903.396853054563,25566.44412353104,73854,9.395041932662329,0.4660451571146647
fits,raw,mlp_signed,64,2000,test,output_nmse,14,0,3,20,10015524.355397983,17246941.99421219,73854,9.395041932662329,0.4660451571146647
fits,raw,mlp_signed,64,2000,test,output_nmse,14,6,3,20,36569.106973071895,60389.165874975944,73854,9.395041932662329,0.4660451571146647
fits,raw,mlp_signed,64,2000,test,output_nmse,27,0,3,20,1020.1854589129489,1215.3705426333077,73854,9.395041932662329,0.4660451571146647
fits,raw,mlp_signed,64,2000,test,output_nmse,27,6,3,20,15816.384711037079,27032.728178632875,73854,9.395041932662329,0.4660451571146647
fits,raw,mlp_signed,64,2000,test,row_l1,14,0,3,20,51.643037648995715,54.83800849380118,73854,9.395041932662329,0.4660451571146647
fits,raw,mlp_signed,64,2000,test,row_l1,14,6,3,20,14.2093333085378,9.097319614303503,73854,9.395041932662329,0.4660451571146647
fits,raw,mlp_signed,64,2000,test,row_l1,27,0,3,20,5.868361300230025,3.0052776122609144,73854,9.395041932662329,0.4660451571146647
fits,raw,mlp_signed,64,2000,test,row_l1,27,6,3,20,5.319812923669815,4.614651876552775,73854,9.395041932662329,0.4660451571146647
fits,raw,mlp_signed,64,2000,test,negative_fraction,14,0,3,20,0.4794863849878311,0.0069451795501776275,73854,9.395041932662329,0.4660451571146647
fits,raw,mlp_signed,64,2000,test,negative_fraction,14,6,3,20,0.44730268965164816,0.03703870229718721,73854,9.395041932662329,0.4660451571146647
fits,raw,mlp_signed,64,2000,test,negative_fraction,27,0,3,20,0.28675877675414085,0.08088188913269881,73854,9.395041932662329,0.4660451571146647
fits,raw,mlp_signed,64,2000,test,negative_fraction,27,6,3,20,0.17780617000926968,0.15826784137951272,73854,9.395041932662329,0.4660451571146647
fits,raw,mlp_signed,64,2000,test,nonpositive_denominator_fraction,14,0,3,20,0.15397135416666666,0.017432210505098755,73854,9.395041932662329,0.4660451571146647
fits,raw,mlp_signed,64,2000,test,nonpositive_denominator_fraction,14,6,3,20,0.20302734375,0.1162026897677198,73854,9.395041932662329,0.4660451571146647
fits,raw,mlp_signed,64,2000,test,nonpositive_denominator_fraction,27,0,3,20,0.17942708333333335,0.044697376929232,73854,9.395041932662329,0.4660451571146647
fits,raw,mlp_signed,64,2000,test,nonpositive_denominator_fraction,27,6,3,20,0.13216145833333334,0.11452519184377663,73854,9.395041932662329,0.4660451571146647
fits,raw,mlp_signed,64,2000,test,top1_agreement,14,0,3,20,0.6796223958333334,0.016790155057177885,73854,9.395041932662329,0.4660451571146647
fits,raw,mlp_signed,64,2000,test,top1_agreement,14,6,3,20,0.6923177083333333,0.11481577560633514,73854,9.395041932662329,0.4660451571146647
fits,raw,mlp_signed,64,2000,test,top1_agreement,27,0,3,20,0.03453776041666667,0.003090219866225475,73854,9.395041932662329,0.4660451571146647
fits,raw,mlp_signed,64,2000,test,top1_agreement,27,6,3,20,0.008756510416666667,0.007415661804476549,73854,9.395041932662329,0.4660451571146647
fits,raw,mlp_signed,64,2000,test_long,kernel_nmse,14,0,3,8,1.6984055091937382,0.15255708963558945,73854,9.395041932662329,0.4660451571146647
fits,raw,mlp_signed,64,2000,test_long,kernel_nmse,14,6,3,8,1.3065756857395172,0.13797667164158084,73854,9.395041932662329,0.4660451571146647
fits,raw,mlp_signed,64,2000,test_long,kernel_nmse,27,0,3,8,1.42708674321572,0.14826551847328057,73854,9.395041932662329,0.4660451571146647
fits,raw,mlp_signed,64,2000,test_long,kernel_nmse,27,6,3,8,1.4419043039282162,0.5195619850170072,73854,9.395041932662329,0.4660451571146647
fits,raw,mlp_signed,64,2000,test_long,attention_nmse,14,0,3,8,0.9729971115787824,0.0049282171594361235,73854,9.395041932662329,0.4660451571146647
fits,raw,mlp_signed,64,2000,test_long,attention_nmse,14,6,3,8,1027.1430874144037,1550.388761845358,73854,9.395041932662329,0.4660451571146647
fits,raw,mlp_signed,64,2000,test_long,attention_nmse,27,0,3,8,88.3540584842364,114.23105404812807,73854,9.395041932662329,0.4660451571146647
fits,raw,mlp_signed,64,2000,test_long,attention_nmse,27,6,3,8,66.08848023911317,88.75906124197839,73854,9.395041932662329,0.4660451571146647
fits,raw,mlp_signed,64,2000,test_long,output_nmse,14,0,3,8,2.372270499666532,0.008669558822095998,73854,9.395041932662329,0.4660451571146647
fits,raw,mlp_signed,64,2000,test_long,output_nmse,14,6,3,8,8934.307909026742,10081.9717685347,73854,9.395041932662329,0.4660451571146647
fits,raw,mlp_signed,64,2000,test_long,output_nmse,27,0,3,8,54.75680737694105,70.06422659774222,73854,9.395041932662329,0.4660451571146647
fits,raw,mlp_signed,64,2000,test_long,output_nmse,27,6,3,8,93.39855684215824,126.63650764200075,73854,9.395041932662329,0.4660451571146647
fits,raw,mlp_signed,64,2000,test_long,row_l1,14,0,3,8,2.0186282197634378,0.029813028944198496,73854,9.395041932662329,0.4660451571146647
fits,raw,mlp_signed,64,2000,test_long,row_l1,14,6,3,8,8.190931941072146,7.05423072348797,73854,9.395041932662329,0.4660451571146647
fits,raw,mlp_signed,64,2000,test_long,row_l1,27,0,3,8,4.662468026081721,2.423211474470771,73854,9.395041932662329,0.4660451571146647
fits,raw,mlp_signed,64,2000,test_long,row_l1,27,6,3,8,2.619414195418358,1.5030968080488551,73854,9.395041932662329,0.4660451571146647
fits,raw,mlp_signed,64,2000,test_long,negative_fraction,14,0,3,8,0.27827527560293674,0.015597356980515077,73854,9.395041932662329,0.4660451571146647
fits,raw,mlp_signed,64,2000,test_long,negative_fraction,14,6,3,8,0.3412800344328086,0.03552162061452118,73854,9.395041932662329,0.4660451571146647
fits,raw,mlp_signed,64,2000,test_long,negative_fraction,27,0,3,8,0.2751296206067006,0.030497113732738217,73854,9.395041932662329,0.4660451571146647
fits,raw,mlp_signed,64,2000,test_long,negative_fraction,27,6,3,8,0.19203087004522482,0.16850035417775613,73854,9.395041932662329,0.4660451571146647
fits,raw,mlp_signed,64,2000,test_long,nonpositive_denominator_fraction,14,0,3,8,0.0,0.0,73854,9.395041932662329,0.4660451571146647
fits,raw,mlp_signed,64,2000,test_long,nonpositive_denominator_fraction,14,6,3,8,0.026204427083333332,0.030185037158359542,73854,9.395041932662329,0.4660451571146647
fits,raw,mlp_signed,64,2000,test_long,nonpositive_denominator_fraction,27,0,3,8,0.21036783854166666,0.12772296384028525,73854,9.395041932662329,0.4660451571146647
fits,raw,mlp_signed,64,2000,test_long,nonpositive_denominator_fraction,27,6,3,8,0.17032877604166666,0.15027253770339882,73854,9.395041932662329,0.4660451571146647
fits,raw,mlp_signed,64,2000,test_long,top1_agreement,14,0,3,8,0.8339029947916666,0.0001409546555638735,73854,9.395041932662329,0.4660451571146647
fits,raw,mlp_signed,64,2000,test_long,top1_agreement,14,6,3,8,0.8579915364583334,0.02966116021162508,73854,9.395041932662329,0.4660451571146647
fits,raw,mlp_signed,64,2000,test_long,top1_agreement,27,0,3,8,0.01513671875,0.00634765625,73854,9.395041932662329,0.4660451571146647
fits,raw,mlp_signed,64,2000,test_long,top1_agreement,27,6,3,8,0.00146484375,0.000244140625,73854,9.395041932662329,0.4660451571146647
fits,raw,mlp_signed,64,2000,ood,kernel_nmse,14,0,3,8,0.8600694201886654,0.001603885612489196,73854,9.395041932662329,0.4660451571146647
fits,raw,mlp_signed,64,2000,ood,kernel_nmse,14,6,3,8,0.8651058251659075,0.0009709069424797198,73854,9.395041932662329,0.4660451571146647
fits,raw,mlp_signed,64,2000,ood,kernel_nmse,27,0,3,8,0.9413196668028831,0.015502835308587657,73854,9.395041932662329,0.4660451571146647
fits,raw,mlp_signed,64,2000,ood,kernel_nmse,27,6,3,8,1.014658252398173,0.05084020221568211,73854,9.395041932662329,0.4660451571146647
fits,raw,mlp_signed,64,2000,ood,attention_nmse,14,0,3,8,8394.8806087176,4825.512231853241,73854,9.395041932662329,0.4660451571146647
fits,raw,mlp_signed,64,2000,ood,attention_nmse,14,6,3,8,4636.131439169248,2744.642105178432,73854,9.395041932662329,0.4660451571146647
fits,raw,mlp_signed,64,2000,ood,attention_nmse,27,0,3,8,382.17857684691745,229.1894692173779,73854,9.395041932662329,0.4660451571146647
fits,raw,mlp_signed,64,2000,ood,attention_nmse,27,6,3,8,233.47570084283748,339.9404393258576,73854,9.395041932662329,0.4660451571146647
fits,raw,mlp_signed,64,2000,ood,output_nmse,14,0,3,8,49766.49318949381,29506.933530506765,73854,9.395041932662329,0.4660451571146647
fits,raw,mlp_signed,64,2000,ood,output_nmse,14,6,3,8,14932.978895028433,4223.716704170643,73854,9.395041932662329,0.4660451571146647
fits,raw,mlp_signed,64,2000,ood,output_nmse,27,0,3,8,298.40046764165163,289.5263410496507,73854,9.395041932662329,0.4660451571146647
fits,raw,mlp_signed,64,2000,ood,output_nmse,27,6,3,8,272.7643371000886,350.3766648402446,73854,9.395041932662329,0.4660451571146647
fits,raw,mlp_signed,64,2000,ood,row_l1,14,0,3,8,36.43330466747284,4.3933583976856,73854,9.395041932662329,0.4660451571146647
fits,raw,mlp_signed,64,2000,ood,row_l1,14,6,3,8,20.736136376857758,2.9072594076683784,73854,9.395041932662329,0.4660451571146647
fits,raw,mlp_signed,64,2000,ood,row_l1,27,0,3,8,4.803393026192983,1.7214439897781122,73854,9.395041932662329,0.4660451571146647
fits,raw,mlp_signed,64,2000,ood,row_l1,27,6,3,8,3.662657509247462,2.363800194449003,73854,9.395041932662329,0.4660451571146647
fits,raw,mlp_signed,64,2000,ood,negative_fraction,14,0,3,8,0.5603812535603842,0.019135105395122056,73854,9.395041932662329,0.4660451571146647
fits,raw,mlp_signed,64,2000,ood,negative_fraction,14,6,3,8,0.5339376082022985,0.03398028684222343,73854,9.395041932662329,0.4660451571146647
fits,raw,mlp_signed,64,2000,ood,negative_fraction,27,0,3,8,0.2855046431844433,0.0809837487717947,73854,9.395041932662329,0.4660451571146647
fits,raw,mlp_signed,64,2000,ood,negative_fraction,27,6,3,8,0.18655118190993866,0.1727311152770788,73854,9.395041932662329,0.4660451571146647
fits,raw,mlp_signed,64,2000,ood,nonpositive_denominator_fraction,14,0,3,8,0.4339192708333333,0.06624283973818743,73854,9.395041932662329,0.4660451571146647
fits,raw,mlp_signed,64,2000,ood,nonpositive_denominator_fraction,14,6,3,8,0.3246256510416667,0.17106268846108655,73854,9.395041932662329,0.4660451571146647
fits,raw,mlp_signed,64,2000,ood,nonpositive_denominator_fraction,27,0,3,8,0.164794921875,0.060425174596405624,73854,9.395041932662329,0.4660451571146647
fits,raw,mlp_signed,64,2000,ood,nonpositive_denominator_fraction,27,6,3,8,0.1015625,0.09384277839170371,73854,9.395041932662329,0.4660451571146647
fits,raw,mlp_signed,64,2000,ood,top1_agreement,14,0,3,8,0.4363606770833333,0.06593710539158865,73854,9.395041932662329,0.4660451571146647
fits,raw,mlp_signed,64,2000,ood,top1_agreement,14,6,3,8,0.5782877604166666,0.16907762113159483,73854,9.395041932662329,0.4660451571146647
fits,raw,mlp_signed,64,2000,ood,top1_agreement,27,0,3,8,0.053873697916666664,0.0056170032313598295,73854,9.395041932662329,0.4660451571146647
fits,raw,mlp_signed,64,2000,ood,top1_agreement,27,6,3,8,0.01953125,0.01663742679433674,73854,9.395041932662329,0.4660451571146647
fits,raw,mlp_signed,64,2000,test_block,kernel_nmse,14,0,3,20,0.5594051172335943,0.008270700220349276,73854,9.395041932662329,0.4660451571146647
fits,raw,mlp_signed,64,2000,test_block,kernel_nmse,14,6,3,20,0.6830218526224296,0.001963092981488562,73854,9.395041932662329,0.4660451571146647
fits,raw,mlp_signed,64,2000,test_block,kernel_nmse,27,0,3,20,0.9572625100612641,0.009571793458023042,73854,9.395041932662329,0.4660451571146647
fits,raw,mlp_signed,64,2000,test_block,kernel_nmse,27,6,3,20,1.0597540140151978,0.07916803347609544,73854,9.395041932662329,0.4660451571146647
fits,raw,mlp_signed,64,2000,test_block,attention_nmse,14,0,3,20,188353.67155640374,315346.33722259675,73854,9.395041932662329,0.4660451571146647
fits,raw,mlp_signed,64,2000,test_block,attention_nmse,14,6,3,20,24863.722043472033,26405.343319490654,73854,9.395041932662329,0.4660451571146647
fits,raw,mlp_signed,64,2000,test_block,attention_nmse,27,0,3,20,14515.724109228453,21544.47805589352,73854,9.395041932662329,0.4660451571146647
fits,raw,mlp_signed,64,2000,test_block,attention_nmse,27,6,3,20,3979.336464866996,6125.961401609498,73854,9.395041932662329,0.4660451571146647
fits,raw,mlp_signed,64,2000,test_block,output_nmse,14,0,3,20,2570795.1841637054,4327849.406338785,73854,9.395041932662329,0.4660451571146647
fits,raw,mlp_signed,64,2000,test_block,output_nmse,14,6,3,20,67871.5950441142,62131.03500338372,73854,9.395041932662329,0.4660451571146647
fits,raw,mlp_signed,64,2000,test_block,output_nmse,27,0,3,20,6628.13972587188,10098.205555504315,73854,9.395041932662329,0.4660451571146647
fits,raw,mlp_signed,64,2000,test_block,output_nmse,27,6,3,20,3151.7140052919585,4889.7572852566645,73854,9.395041932662329,0.4660451571146647
fits,raw,mlp_signed,64,2000,test_block,row_l1,14,0,3,20,30.828941233952843,22.143567571052476,73854,9.395041932662329,0.4660451571146647
fits,raw,mlp_signed,64,2000,test_block,row_l1,14,6,3,20,20.057830663522086,8.705017756875177,73854,9.395041932662329,0.4660451571146647
fits,raw,mlp_signed,64,2000,test_block,row_l1,27,0,3,20,7.354172974824905,4.104096806080163,73854,9.395041932662329,0.4660451571146647
fits,raw,mlp_signed,64,2000,test_block,row_l1,27,6,3,20,4.316269461313883,2.8786297359177295,73854,9.395041932662329,0.4660451571146647
fits,raw,mlp_signed,64,2000,test_block,negative_fraction,14,0,3,20,0.5038453420003256,0.0147891853382991,73854,9.395041932662329,0.4660451571146647
fits,raw,mlp_signed,64,2000,test_block,negative_fraction,14,6,3,20,0.47610422770182287,0.04241679057471018,73854,9.395041932662329,0.4660451571146647
fits,raw,mlp_signed,64,2000,test_block,negative_fraction,27,0,3,20,0.28985958099365233,0.08859506674236982,73854,9.395041932662329,0.4660451571146647
fits,raw,mlp_signed,64,2000,test_block,negative_fraction,27,6,3,20,0.1926566441853841,0.17050748657757497,73854,9.395041932662329,0.4660451571146647
fits,raw,mlp_signed,64,2000,test_block,nonpositive_denominator_fraction,14,0,3,20,0.15475260416666667,0.026842207900232604,73854,9.395041932662329,0.4660451571146647
fits,raw,mlp_signed,64,2000,test_block,nonpositive_denominator_fraction,14,6,3,20,0.23727213541666667,0.13363451716779706,73854,9.395041932662329,0.4660451571146647
fits,raw,mlp_signed,64,2000,test_block,nonpositive_denominator_fraction,27,0,3,20,0.19072265624999998,0.06496974240820774,73854,9.395041932662329,0.4660451571146647
fits,raw,mlp_signed,64,2000,test_block,nonpositive_denominator_fraction,27,6,3,20,0.15768229166666667,0.13735074120594543,73854,9.395041932662329,0.4660451571146647
fits,raw,mlp_signed,64,2000,test_block,top1_agreement,14,0,3,20,0.8051432291666667,0.026708999252547674,73854,9.395041932662329,0.4660451571146647
fits,raw,mlp_signed,64,2000,test_block,top1_agreement,14,6,3,20,0.7134765625,0.13349019995447875,73854,9.395041932662329,0.4660451571146647
fits,raw,mlp_signed,64,2000,test_block,top1_agreement,27,0,3,20,0.08883463541666668,0.01775205114987193,73854,9.395041932662329,0.4660451571146647
fits,raw,mlp_signed,64,2000,test_block,top1_agreement,27,6,3,20,0.028710937500000002,0.024102702059769797,73854,9.395041932662329,0.4660451571146647
fits,row,hedgehog,64,2000,validation,kernel_nmse,0,0,3,12,0.7061496045854357,0.0024984623432248365,8256,8.446615027884642,0.3693226708306207
fits,row,hedgehog,64,2000,validation,kernel_nmse,0,6,3,12,0.9591252704461416,0.00228711939144412,8256,8.446615027884642,0.3693226708306207
fits,row,hedgehog,64,2000,validation,kernel_nmse,14,0,3,12,0.9200956092940437,0.0007191102199469986,8256,8.446615027884642,0.3693226708306207
fits,row,hedgehog,64,2000,validation,kernel_nmse,14,6,3,12,0.9067243271403843,0.0007281411986798349,8256,8.446615027884642,0.3693226708306207
fits,row,hedgehog,64,2000,validation,kernel_nmse,27,0,3,12,0.6886147409677505,0.004610930630574358,8256,8.446615027884642,0.3693226708306207
fits,row,hedgehog,64,2000,validation,kernel_nmse,27,6,3,12,0.6559668050871955,0.00415883377772769,8256,8.446615027884642,0.3693226708306207
fits,row,hedgehog,64,2000,validation,attention_nmse,0,0,3,12,0.670523484547933,0.007275711192863993,8256,8.446615027884642,0.3693226708306207
fits,row,hedgehog,64,2000,validation,attention_nmse,0,6,3,12,0.9506258765856425,0.004481302323646751,8256,8.446615027884642,0.3693226708306207
fits,row,hedgehog,64,2000,validation,attention_nmse,14,0,3,12,0.5507944615350829,0.034956125795011,8256,8.446615027884642,0.3693226708306207
fits,row,hedgehog,64,2000,validation,attention_nmse,14,6,3,12,0.7005275868707234,0.004805059304731064,8256,8.446615027884642,0.3693226708306207
fits,row,hedgehog,64,2000,validation,attention_nmse,27,0,3,12,0.6696168267064624,0.005166582514701784,8256,8.446615027884642,0.3693226708306207
fits,row,hedgehog,64,2000,validation,attention_nmse,27,6,3,12,0.6325171920988296,0.005159806930157217,8256,8.446615027884642,0.3693226708306207
fits,row,hedgehog,64,2000,validation,output_nmse,0,0,3,12,0.025616712195591793,0.0006275879626159385,8256,8.446615027884642,0.3693226708306207
fits,row,hedgehog,64,2000,validation,output_nmse,0,6,3,12,0.7408762259615792,0.015455284685028142,8256,8.446615027884642,0.3693226708306207
fits,row,hedgehog,64,2000,validation,output_nmse,14,0,3,12,1.361921954486105,0.08809435244257935,8256,8.446615027884642,0.3693226708306207
fits,row,hedgehog,64,2000,validation,output_nmse,14,6,3,12,1.5181638151407242,0.015987383969321294,8256,8.446615027884642,0.3693226708306207
fits,row,hedgehog,64,2000,validation,output_nmse,27,0,3,12,0.16746245241827437,0.0032623182358431217,8256,8.446615027884642,0.3693226708306207
fits,row,hedgehog,64,2000,validation,output_nmse,27,6,3,12,0.26045404084854656,0.0024687350296589616,8256,8.446615027884642,0.3693226708306207
fits,row,hedgehog,64,2000,validation,row_l1,0,0,3,12,0.6458438022269144,0.007912267285762269,8256,8.446615027884642,0.3693226708306207
fits,row,hedgehog,64,2000,validation,row_l1,0,6,3,12,1.9313818878597682,0.006403831726598083,8256,8.446615027884642,0.3693226708306207
fits,row,hedgehog,64,2000,validation,row_l1,14,0,3,12,1.41216622127427,0.04752785356524941,8256,8.446615027884642,0.3693226708306207
fits,row,hedgehog,64,2000,validation,row_l1,14,6,3,12,1.4799873100386727,0.004245616903050605,8256,8.446615027884642,0.3693226708306207
fits,row,hedgehog,64,2000,validation,row_l1,27,0,3,12,0.8278625110785166,0.004470819628980758,8256,8.446615027884642,0.3693226708306207
fits,row,hedgehog,64,2000,validation,row_l1,27,6,3,12,0.7924658341540232,0.003087563527713001,8256,8.446615027884642,0.3693226708306207
fits,row,hedgehog,64,2000,validation,negative_fraction,0,0,3,12,0.0,0.0,8256,8.446615027884642,0.3693226708306207
fits,row,hedgehog,64,2000,validation,negative_fraction,0,6,3,12,0.0,0.0,8256,8.446615027884642,0.3693226708306207
fits,row,hedgehog,64,2000,validation,negative_fraction,14,0,3,12,0.0,0.0,8256,8.446615027884642,0.3693226708306207
fits,row,hedgehog,64,2000,validation,negative_fraction,14,6,3,12,0.0,0.0,8256,8.446615027884642,0.3693226708306207
fits,row,hedgehog,64,2000,validation,negative_fraction,27,0,3,12,0.0,0.0,8256,8.446615027884642,0.3693226708306207
fits,row,hedgehog,64,2000,validation,negative_fraction,27,6,3,12,0.0,0.0,8256,8.446615027884642,0.3693226708306207
fits,row,hedgehog,64,2000,validation,nonpositive_denominator_fraction,0,0,3,12,0.0,0.0,8256,8.446615027884642,0.3693226708306207
fits,row,hedgehog,64,2000,validation,nonpositive_denominator_fraction,0,6,3,12,0.0,0.0,8256,8.446615027884642,0.3693226708306207
fits,row,hedgehog,64,2000,validation,nonpositive_denominator_fraction,14,0,3,12,0.0,0.0,8256,8.446615027884642,0.3693226708306207
fits,row,hedgehog,64,2000,validation,nonpositive_denominator_fraction,14,6,3,12,0.0,0.0,8256,8.446615027884642,0.3693226708306207
fits,row,hedgehog,64,2000,validation,nonpositive_denominator_fraction,27,0,3,12,0.0,0.0,8256,8.446615027884642,0.3693226708306207
fits,row,hedgehog,64,2000,validation,nonpositive_denominator_fraction,27,6,3,12,0.0,0.0,8256,8.446615027884642,0.3693226708306207
fits,row,hedgehog,64,2000,validation,top1_agreement,0,0,3,12,0.37641059027777785,0.006162009923828428,8256,8.446615027884642,0.3693226708306207
fits,row,hedgehog,64,2000,validation,top1_agreement,0,6,3,12,0.3155381944444444,0.018964440709280998,8256,8.446615027884642,0.3693226708306207
fits,row,hedgehog,64,2000,validation,top1_agreement,14,0,3,12,0.7986111111111112,0.006464136722485472,8256,8.446615027884642,0.3693226708306207
fits,row,hedgehog,64,2000,validation,top1_agreement,14,6,3,12,0.8019205729166666,0.004171876828768325,8256,8.446615027884642,0.3693226708306207
fits,row,hedgehog,64,2000,validation,top1_agreement,27,0,3,12,0.19802517361111113,0.001154719870539976,8256,8.446615027884642,0.3693226708306207
fits,row,hedgehog,64,2000,validation,top1_agreement,27,6,3,12,0.17453342013888892,0.008079761078466715,8256,8.446615027884642,0.3693226708306207
fits,row,hedgehog,64,2000,test,kernel_nmse,0,0,3,20,0.7088141451279322,0.0016201876461486334,8256,8.446615027884642,0.3693226708306207
fits,row,hedgehog,64,2000,test,kernel_nmse,0,6,3,20,0.9596092144648235,0.002160338849591105,8256,8.446615027884642,0.3693226708306207
fits,row,hedgehog,64,2000,test,kernel_nmse,14,0,3,20,0.9194158613681793,0.00042028062445306134,8256,8.446615027884642,0.3693226708306207
fits,row,hedgehog,64,2000,test,kernel_nmse,14,6,3,20,0.9044902871052424,0.0004115088126999268,8256,8.446615027884642,0.3693226708306207
fits,row,hedgehog,64,2000,test,kernel_nmse,27,0,3,20,0.6550134092569352,0.0032471810888745254,8256,8.446615027884642,0.3693226708306207
fits,row,hedgehog,64,2000,test,kernel_nmse,27,6,3,20,0.636392871538798,0.0016757212703032015,8256,8.446615027884642,0.3693226708306207
fits,row,hedgehog,64,2000,test,attention_nmse,0,0,3,20,0.6781778206427891,0.005804386615838552,8256,8.446615027884642,0.3693226708306207
fits,row,hedgehog,64,2000,test,attention_nmse,0,6,3,20,0.9510659426450729,0.004201500586052359,8256,8.446615027884642,0.3693226708306207
fits,row,hedgehog,64,2000,test,attention_nmse,14,0,3,20,0.5683463717500369,0.03208229283748238,8256,8.446615027884642,0.3693226708306207
fits,row,hedgehog,64,2000,test,attention_nmse,14,6,3,20,0.7103817989428838,0.0019666741250424346,8256,8.446615027884642,0.3693226708306207
fits,row,hedgehog,64,2000,test,attention_nmse,27,0,3,20,0.6396442383527755,0.0015595362033659476,8256,8.446615027884642,0.3693226708306207
fits,row,hedgehog,64,2000,test,attention_nmse,27,6,3,20,0.6200054794549942,0.002563130366776953,8256,8.446615027884642,0.3693226708306207
fits,row,hedgehog,64,2000,test,output_nmse,0,0,3,20,0.02483438417936365,0.0008407456874987335,8256,8.446615027884642,0.3693226708306207
fits,row,hedgehog,64,2000,test,output_nmse,0,6,3,20,0.7402493089437484,0.012713026967945898,8256,8.446615027884642,0.3693226708306207
fits,row,hedgehog,64,2000,test,output_nmse,14,0,3,20,1.4424674659967422,0.08602040064953234,8256,8.446615027884642,0.3693226708306207
fits,row,hedgehog,64,2000,test,output_nmse,14,6,3,20,1.5884713351726532,0.015444620758230105,8256,8.446615027884642,0.3693226708306207
fits,row,hedgehog,64,2000,test,output_nmse,27,0,3,20,0.14572035384674867,0.0008817149561374534,8256,8.446615027884642,0.3693226708306207
fits,row,hedgehog,64,2000,test,output_nmse,27,6,3,20,0.25922309309244157,0.001205054158028944,8256,8.446615027884642,0.3693226708306207
fits,row,hedgehog,64,2000,test,row_l1,0,0,3,20,0.6500397900740306,0.005268411214700455,8256,8.446615027884642,0.3693226708306207
fits,row,hedgehog,64,2000,test,row_l1,0,6,3,20,1.9318744579950968,0.006032086958267972,8256,8.446615027884642,0.3693226708306207
fits,row,hedgehog,64,2000,test,row_l1,14,0,3,20,1.4239666223526,0.043001549053735245,8256,8.446615027884642,0.3693226708306207
fits,row,hedgehog,64,2000,test,row_l1,14,6,3,20,1.4733933309714,0.0027026612495560137,8256,8.446615027884642,0.3693226708306207
fits,row,hedgehog,64,2000,test,row_l1,27,0,3,20,0.8107638984918596,0.0021374711695345463,8256,8.446615027884642,0.3693226708306207
fits,row,hedgehog,64,2000,test,row_l1,27,6,3,20,0.7837913691997528,0.00219422725024355,8256,8.446615027884642,0.3693226708306207
fits,row,hedgehog,64,2000,test,negative_fraction,0,0,3,20,0.0,0.0,8256,8.446615027884642,0.3693226708306207
fits,row,hedgehog,64,2000,test,negative_fraction,0,6,3,20,0.0,0.0,8256,8.446615027884642,0.3693226708306207
fits,row,hedgehog,64,2000,test,negative_fraction,14,0,3,20,0.0,0.0,8256,8.446615027884642,0.3693226708306207
fits,row,hedgehog,64,2000,test,negative_fraction,14,6,3,20,0.0,0.0,8256,8.446615027884642,0.3693226708306207
fits,row,hedgehog,64,2000,test,negative_fraction,27,0,3,20,0.0,0.0,8256,8.446615027884642,0.3693226708306207
fits,row,hedgehog,64,2000,test,negative_fraction,27,6,3,20,0.0,0.0,8256,8.446615027884642,0.3693226708306207
fits,row,hedgehog,64,2000,test,nonpositive_denominator_fraction,0,0,3,20,0.0,0.0,8256,8.446615027884642,0.3693226708306207
fits,row,hedgehog,64,2000,test,nonpositive_denominator_fraction,0,6,3,20,0.0,0.0,8256,8.446615027884642,0.3693226708306207
fits,row,hedgehog,64,2000,test,nonpositive_denominator_fraction,14,0,3,20,0.0,0.0,8256,8.446615027884642,0.3693226708306207
fits,row,hedgehog,64,2000,test,nonpositive_denominator_fraction,14,6,3,20,0.0,0.0,8256,8.446615027884642,0.3693226708306207
fits,row,hedgehog,64,2000,test,nonpositive_denominator_fraction,27,0,3,20,0.0,0.0,8256,8.446615027884642,0.3693226708306207
fits,row,hedgehog,64,2000,test,nonpositive_denominator_fraction,27,6,3,20,0.0,0.0,8256,8.446615027884642,0.3693226708306207
fits,row,hedgehog,64,2000,test,top1_agreement,0,0,3,20,0.3629557291666667,0.006126973152229255,8256,8.446615027884642,0.3693226708306207
fits,row,hedgehog,64,2000,test,top1_agreement,0,6,3,20,0.3116861979166667,0.02403461640734009,8256,8.446615027884642,0.3693226708306207
fits,row,hedgehog,64,2000,test,top1_agreement,14,0,3,20,0.8047526041666666,0.002344428070316502,8256,8.446615027884642,0.3693226708306207
fits,row,hedgehog,64,2000,test,top1_agreement,14,6,3,20,0.8270182291666668,0.002699861235643709,8256,8.446615027884642,0.3693226708306207
fits,row,hedgehog,64,2000,test,top1_agreement,27,0,3,20,0.19641927083333333,0.006486855151321931,8256,8.446615027884642,0.3693226708306207
fits,row,hedgehog,64,2000,test,top1_agreement,27,6,3,20,0.16770833333333335,0.002362662410367712,8256,8.446615027884642,0.3693226708306207
fits,row,hedgehog,64,2000,test_long,kernel_nmse,0,0,3,8,0.9657352815071741,0.02558340247738603,8256,8.446615027884642,0.3693226708306207
fits,row,hedgehog,64,2000,test_long,kernel_nmse,0,6,3,8,1.0007102911671002,0.0011681726993465755,8256,8.446615027884642,0.3693226708306207
fits,row,hedgehog,64,2000,test_long,kernel_nmse,14,0,3,8,0.9878682320316633,0.0035136942928991007,8256,8.446615027884642,0.3693226708306207
fits,row,hedgehog,64,2000,test_long,kernel_nmse,14,6,3,8,0.9667500009139379,0.003994319045595617,8256,8.446615027884642,0.3693226708306207
fits,row,hedgehog,64,2000,test_long,kernel_nmse,27,0,3,8,0.9128472755352656,0.039624386179376386,8256,8.446615027884642,0.3693226708306207
fits,row,hedgehog,64,2000,test_long,kernel_nmse,27,6,3,8,0.8957643633087476,0.01849021265828787,8256,8.446615027884642,0.3693226708306207
fits,row,hedgehog,64,2000,test_long,attention_nmse,0,0,3,8,0.9217531755566597,0.000517968317506566,8256,8.446615027884642,0.3693226708306207
fits,row,hedgehog,64,2000,test_long,attention_nmse,0,6,3,8,0.9980164517958959,0.00014007539230225416,8256,8.446615027884642,0.3693226708306207
fits,row,hedgehog,64,2000,test_long,attention_nmse,14,0,3,8,0.9893320202827454,0.0011777810908443435,8256,8.446615027884642,0.3693226708306207
fits,row,hedgehog,64,2000,test_long,attention_nmse,14,6,3,8,0.9778955951333046,0.0026855726961229065,8256,8.446615027884642,0.3693226708306207
fits,row,hedgehog,64,2000,test_long,attention_nmse,27,0,3,8,0.8710933874050776,0.0029098881662607736,8256,8.446615027884642,0.3693226708306207
fits,row,hedgehog,64,2000,test_long,attention_nmse,27,6,3,8,0.8492222055792809,0.0036647779025676362,8256,8.446615027884642,0.3693226708306207
fits,row,hedgehog,64,2000,test_long,output_nmse,0,0,3,8,0.04247806166919569,0.005419111642373618,8256,8.446615027884642,0.3693226708306207
fits,row,hedgehog,64,2000,test_long,output_nmse,0,6,3,8,0.8534063075979551,0.004173979642593162,8256,8.446615027884642,0.3693226708306207
fits,row,hedgehog,64,2000,test_long,output_nmse,14,0,3,8,2.2799361497163773,0.025929134555149308,8256,8.446615027884642,0.3693226708306207
fits,row,hedgehog,64,2000,test_long,output_nmse,14,6,3,8,2.0490929385026297,0.027476694302152667,8256,8.446615027884642,0.3693226708306207
fits,row,hedgehog,64,2000,test_long,output_nmse,27,0,3,8,0.21239862218499184,0.0019361562148120363,8256,8.446615027884642,0.3693226708306207
fits,row,hedgehog,64,2000,test_long,output_nmse,27,6,3,8,0.2986310478299856,0.0018196373299442807,8256,8.446615027884642,0.3693226708306207
fits,row,hedgehog,64,2000,test_long,row_l1,0,0,3,8,1.052317537367344,0.020239205324048864,8256,8.446615027884642,0.3693226708306207
fits,row,hedgehog,64,2000,test_long,row_l1,0,6,3,8,1.9953816135724385,0.0001265318819354095,8256,8.446615027884642,0.3693226708306207
fits,row,hedgehog,64,2000,test_long,row_l1,14,0,3,8,1.8816744685173035,0.003433052350617559,8256,8.446615027884642,0.3693226708306207
fits,row,hedgehog,64,2000,test_long,row_l1,14,6,3,8,1.6908433039983113,0.008935956935592248,8256,8.446615027884642,0.3693226708306207
fits,row,hedgehog,64,2000,test_long,row_l1,27,0,3,8,1.1136299818754196,0.006345478804741803,8256,8.446615027884642,0.3693226708306207
fits,row,hedgehog,64,2000,test_long,row_l1,27,6,3,8,1.0530481388171513,0.009208842889287442,8256,8.446615027884642,0.3693226708306207
fits,row,hedgehog,64,2000,test_long,negative_fraction,0,0,3,8,0.0,0.0,8256,8.446615027884642,0.3693226708306207
fits,row,hedgehog,64,2000,test_long,negative_fraction,0,6,3,8,0.0,0.0,8256,8.446615027884642,0.3693226708306207
fits,row,hedgehog,64,2000,test_long,negative_fraction,14,0,3,8,0.0,0.0,8256,8.446615027884642,0.3693226708306207
fits,row,hedgehog,64,2000,test_long,negative_fraction,14,6,3,8,0.0,0.0,8256,8.446615027884642,0.3693226708306207
fits,row,hedgehog,64,2000,test_long,negative_fraction,27,0,3,8,0.0,0.0,8256,8.446615027884642,0.3693226708306207
fits,row,hedgehog,64,2000,test_long,negative_fraction,27,6,3,8,0.0,0.0,8256,8.446615027884642,0.3693226708306207
fits,row,hedgehog,64,2000,test_long,nonpositive_denominator_fraction,0,0,3,8,0.0,0.0,8256,8.446615027884642,0.3693226708306207
fits,row,hedgehog,64,2000,test_long,nonpositive_denominator_fraction,0,6,3,8,0.0,0.0,8256,8.446615027884642,0.3693226708306207
fits,row,hedgehog,64,2000,test_long,nonpositive_denominator_fraction,14,0,3,8,0.0,0.0,8256,8.446615027884642,0.3693226708306207
fits,row,hedgehog,64,2000,test_long,nonpositive_denominator_fraction,14,6,3,8,0.0,0.0,8256,8.446615027884642,0.3693226708306207
fits,row,hedgehog,64,2000,test_long,nonpositive_denominator_fraction,27,0,3,8,0.0,0.0,8256,8.446615027884642,0.3693226708306207
fits,row,hedgehog,64,2000,test_long,nonpositive_denominator_fraction,27,6,3,8,0.0,0.0,8256,8.446615027884642,0.3693226708306207
fits,row,hedgehog,64,2000,test_long,top1_agreement,0,0,3,8,0.0026041666666666665,0.00281909311127747,8256,8.446615027884642,0.3693226708306207
fits,row,hedgehog,64,2000,test_long,top1_agreement,0,6,3,8,0.0030924479166666665,0.000563818622255494,8256,8.446615027884642,0.3693226708306207
fits,row,hedgehog,64,2000,test_long,top1_agreement,14,0,3,8,0.7639973958333334,0.008632825388258668,8256,8.446615027884642,0.3693226708306207
fits,row,hedgehog,64,2000,test_long,top1_agreement,14,6,3,8,0.8273111979166666,0.009717696514048167,8256,8.446615027884642,0.3693226708306207
fits,row,hedgehog,64,2000,test_long,top1_agreement,27,0,3,8,0.10148111979166667,0.004660038509837372,8256,8.446615027884642,0.3693226708306207
fits,row,hedgehog,64,2000,test_long,top1_agreement,27,6,3,8,0.044026692708333336,0.001100891052935277,8256,8.446615027884642,0.3693226708306207
fits,row,hedgehog,64,2000,ood,kernel_nmse,0,0,3,8,0.7942426403363546,0.001971864637788356,8256,8.446615027884642,0.3693226708306207
fits,row,hedgehog,64,2000,ood,kernel_nmse,0,6,3,8,0.9645513072609901,0.002324717619868054,8256,8.446615027884642,0.3693226708306207
fits,row,hedgehog,64,2000,ood,kernel_nmse,14,0,3,8,0.9201119666298231,0.00011760319713518284,8256,8.446615027884642,0.3693226708306207
fits,row,hedgehog,64,2000,ood,kernel_nmse,14,6,3,8,0.9025638277331988,0.0007030975428431263,8256,8.446615027884642,0.3693226708306207
fits,row,hedgehog,64,2000,ood,kernel_nmse,27,0,3,8,0.6759269262353579,0.00201961941520298,8256,8.446615027884642,0.3693226708306207
fits,row,hedgehog,64,2000,ood,kernel_nmse,27,6,3,8,0.6683061098059019,0.0032866918535066534,8256,8.446615027884642,0.3693226708306207
fits,row,hedgehog,64,2000,ood,attention_nmse,0,0,3,8,0.7801018754641215,0.006464243189223654,8256,8.446615027884642,0.3693226708306207
fits,row,hedgehog,64,2000,ood,attention_nmse,0,6,3,8,0.9576333289345106,0.0038185554421472953,8256,8.446615027884642,0.3693226708306207
fits,row,hedgehog,64,2000,ood,attention_nmse,14,0,3,8,0.5691184351841608,0.016303030046354184,8256,8.446615027884642,0.3693226708306207
fits,row,hedgehog,64,2000,ood,attention_nmse,14,6,3,8,0.6942281375328699,0.009682417512404411,8256,8.446615027884642,0.3693226708306207
fits,row,hedgehog,64,2000,ood,attention_nmse,27,0,3,8,0.6577493622899055,0.002957075360113802,8256,8.446615027884642,0.3693226708306207
fits,row,hedgehog,64,2000,ood,attention_nmse,27,6,3,8,0.6299974570671717,0.0027879834176214252,8256,8.446615027884642,0.3693226708306207
fits,row,hedgehog,64,2000,ood,output_nmse,0,0,3,8,0.04974105108218888,0.0024489818100687953,8256,8.446615027884642,0.3693226708306207
fits,row,hedgehog,64,2000,ood,output_nmse,0,6,3,8,0.8043082530299822,0.0041897789163640444,8256,8.446615027884642,0.3693226708306207
fits,row,hedgehog,64,2000,ood,output_nmse,14,0,3,8,2.3741197511553764,0.05355634916426924,8256,8.446615027884642,0.3693226708306207
fits,row,hedgehog,64,2000,ood,output_nmse,14,6,3,8,1.5575644075870514,0.008141027167630967,8256,8.446615027884642,0.3693226708306207
fits,row,hedgehog,64,2000,ood,output_nmse,27,0,3,8,0.15441539666304985,0.002405666497457399,8256,8.446615027884642,0.3693226708306207
fits,row,hedgehog,64,2000,ood,output_nmse,27,6,3,8,0.2423857944086194,0.0025606972777711076,8256,8.446615027884642,0.3693226708306207
fits,row,hedgehog,64,2000,ood,row_l1,0,0,3,8,0.7471942032376925,0.012236766434652345,8256,8.446615027884642,0.3693226708306207
fits,row,hedgehog,64,2000,ood,row_l1,0,6,3,8,1.9397681206464767,0.005502925789492097,8256,8.446615027884642,0.3693226708306207
fits,row,hedgehog,64,2000,ood,row_l1,14,0,3,8,1.4265563189983368,0.017117584447588458,8256,8.446615027884642,0.3693226708306207
fits,row,hedgehog,64,2000,ood,row_l1,14,6,3,8,1.4272300948699315,0.006883179648379175,8256,8.446615027884642,0.3693226708306207
fits,row,hedgehog,64,2000,ood,row_l1,27,0,3,8,0.8188962191343307,0.004300249771391144,8256,8.446615027884642,0.3693226708306207
fits,row,hedgehog,64,2000,ood,row_l1,27,6,3,8,0.7936549534400305,0.0023329177388691493,8256,8.446615027884642,0.3693226708306207
fits,row,hedgehog,64,2000,ood,negative_fraction,0,0,3,8,0.0,0.0,8256,8.446615027884642,0.3693226708306207
fits,row,hedgehog,64,2000,ood,negative_fraction,0,6,3,8,0.0,0.0,8256,8.446615027884642,0.3693226708306207
fits,row,hedgehog,64,2000,ood,negative_fraction,14,0,3,8,0.0,0.0,8256,8.446615027884642,0.3693226708306207
fits,row,hedgehog,64,2000,ood,negative_fraction,14,6,3,8,0.0,0.0,8256,8.446615027884642,0.3693226708306207
fits,row,hedgehog,64,2000,ood,negative_fraction,27,0,3,8,0.0,0.0,8256,8.446615027884642,0.3693226708306207
fits,row,hedgehog,64,2000,ood,negative_fraction,27,6,3,8,0.0,0.0,8256,8.446615027884642,0.3693226708306207
fits,row,hedgehog,64,2000,ood,nonpositive_denominator_fraction,0,0,3,8,0.0,0.0,8256,8.446615027884642,0.3693226708306207
fits,row,hedgehog,64,2000,ood,nonpositive_denominator_fraction,0,6,3,8,0.0,0.0,8256,8.446615027884642,0.3693226708306207
fits,row,hedgehog,64,2000,ood,nonpositive_denominator_fraction,14,0,3,8,0.0,0.0,8256,8.446615027884642,0.3693226708306207
fits,row,hedgehog,64,2000,ood,nonpositive_denominator_fraction,14,6,3,8,0.0,0.0,8256,8.446615027884642,0.3693226708306207
fits,row,hedgehog,64,2000,ood,nonpositive_denominator_fraction,27,0,3,8,0.0,0.0,8256,8.446615027884642,0.3693226708306207
fits,row,hedgehog,64,2000,ood,nonpositive_denominator_fraction,27,6,3,8,0.0,0.0,8256,8.446615027884642,0.3693226708306207
fits,row,hedgehog,64,2000,ood,top1_agreement,0,0,3,8,0.23291015625,0.013432172561991132,8256,8.446615027884642,0.3693226708306207
fits,row,hedgehog,64,2000,ood,top1_agreement,0,6,3,8,0.258056640625,0.016068830734281576,8256,8.446615027884642,0.3693226708306207
fits,row,hedgehog,64,2000,ood,top1_agreement,14,0,3,8,0.83056640625,0.0023544069240705456,8256,8.446615027884642,0.3693226708306207
fits,row,hedgehog,64,2000,ood,top1_agreement,14,6,3,8,0.8426920572916666,0.0014917238590351043,8256,8.446615027884642,0.3693226708306207
fits,row,hedgehog,64,2000,ood,top1_agreement,27,0,3,8,0.19083658854166666,0.012131930438531394,8256,8.446615027884642,0.3693226708306207
fits,row,hedgehog,64,2000,ood,top1_agreement,27,6,3,8,0.13810221354166666,0.0024454718752143097,8256,8.446615027884642,0.3693226708306207
fits,row,hedgehog,64,2000,test_block,kernel_nmse,0,0,3,20,0.5929568906625112,0.007748830126157261,8256,8.446615027884642,0.3693226708306207
fits,row,hedgehog,64,2000,test_block,kernel_nmse,0,6,3,20,1.0033098916212717,0.0003205937971862549,8256,8.446615027884642,0.3693226708306207
fits,row,hedgehog,64,2000,test_block,kernel_nmse,14,0,3,20,0.8882245630025863,0.0003757441332183545,8256,8.446615027884642,0.3693226708306207
fits,row,hedgehog,64,2000,test_block,kernel_nmse,14,6,3,20,0.8771752983331681,0.00034544216003279,8256,8.446615027884642,0.3693226708306207
fits,row,hedgehog,64,2000,test_block,kernel_nmse,27,0,3,20,0.6088378270467122,0.007886716235994701,8256,8.446615027884642,0.3693226708306207
fits,row,hedgehog,64,2000,test_block,kernel_nmse,27,6,3,20,0.6004631946484248,0.00560378660117896,8256,8.446615027884642,0.3693226708306207
fits,row,hedgehog,64,2000,test_block,attention_nmse,0,0,3,20,0.4643707225720088,0.0052391470577055795,8256,8.446615027884642,0.3693226708306207
fits,row,hedgehog,64,2000,test_block,attention_nmse,0,6,3,20,1.0450312813123066,0.0032156159319474582,8256,8.446615027884642,0.3693226708306207
fits,row,hedgehog,64,2000,test_block,attention_nmse,14,0,3,20,0.30217625945806503,0.008823332080266052,8256,8.446615027884642,0.3693226708306207
fits,row,hedgehog,64,2000,test_block,attention_nmse,14,6,3,20,0.4575303201874097,0.01358003952535043,8256,8.446615027884642,0.3693226708306207
fits,row,hedgehog,64,2000,test_block,attention_nmse,27,0,3,20,0.5601558307806651,0.0034030419691046653,8256,8.446615027884642,0.3693226708306207
fits,row,hedgehog,64,2000,test_block,attention_nmse,27,6,3,20,0.5468277876575788,0.003925556495183624,8256,8.446615027884642,0.3693226708306207
fits,row,hedgehog,64,2000,test_block,output_nmse,0,0,3,20,0.02434833369528254,0.0004478095559238924,8256,8.446615027884642,0.3693226708306207
fits,row,hedgehog,64,2000,test_block,output_nmse,0,6,3,20,1.140552701552709,0.03409066439862799,8256,8.446615027884642,0.3693226708306207
fits,row,hedgehog,64,2000,test_block,output_nmse,14,0,3,20,2.806733719507853,0.06803326214236857,8256,8.446615027884642,0.3693226708306207
fits,row,hedgehog,64,2000,test_block,output_nmse,14,6,3,20,1.1992217501004536,0.03308668709280231,8256,8.446615027884642,0.3693226708306207
fits,row,hedgehog,64,2000,test_block,output_nmse,27,0,3,20,0.15570270903408526,0.0018879540762784604,8256,8.446615027884642,0.3693226708306207
fits,row,hedgehog,64,2000,test_block,output_nmse,27,6,3,20,0.25842575654387473,0.00425305825050547,8256,8.446615027884642,0.3693226708306207
fits,row,hedgehog,64,2000,test_block,row_l1,0,0,3,20,0.6494212786356609,0.017372840288970497,8256,8.446615027884642,0.3693226708306207
fits,row,hedgehog,64,2000,test_block,row_l1,0,6,3,20,1.9041727880636852,0.002017090489062913,8256,8.446615027884642,0.3693226708306207
fits,row,hedgehog,64,2000,test_block,row_l1,14,0,3,20,1.0377549320459367,0.02712848641066675,8256,8.446615027884642,0.3693226708306207
fits,row,hedgehog,64,2000,test_block,row_l1,14,6,3,20,1.2693635165691377,0.016692690657192307,8256,8.446615027884642,0.3693226708306207
fits,row,hedgehog,64,2000,test_block,row_l1,27,0,3,20,0.7546707063913346,0.003862220385306396,8256,8.446615027884642,0.3693226708306207
fits,row,hedgehog,64,2000,test_block,row_l1,27,6,3,20,0.7352642943461736,0.004882795321405944,8256,8.446615027884642,0.3693226708306207
fits,row,hedgehog,64,2000,test_block,negative_fraction,0,0,3,20,0.0,0.0,8256,8.446615027884642,0.3693226708306207
fits,row,hedgehog,64,2000,test_block,negative_fraction,0,6,3,20,0.0,0.0,8256,8.446615027884642,0.3693226708306207
fits,row,hedgehog,64,2000,test_block,negative_fraction,14,0,3,20,0.0,0.0,8256,8.446615027884642,0.3693226708306207
fits,row,hedgehog,64,2000,test_block,negative_fraction,14,6,3,20,0.0,0.0,8256,8.446615027884642,0.3693226708306207
fits,row,hedgehog,64,2000,test_block,negative_fraction,27,0,3,20,0.0,0.0,8256,8.446615027884642,0.3693226708306207
fits,row,hedgehog,64,2000,test_block,negative_fraction,27,6,3,20,0.0,0.0,8256,8.446615027884642,0.3693226708306207
fits,row,hedgehog,64,2000,test_block,nonpositive_denominator_fraction,0,0,3,20,0.0,0.0,8256,8.446615027884642,0.3693226708306207
fits,row,hedgehog,64,2000,test_block,nonpositive_denominator_fraction,0,6,3,20,0.0,0.0,8256,8.446615027884642,0.3693226708306207
fits,row,hedgehog,64,2000,test_block,nonpositive_denominator_fraction,14,0,3,20,0.0,0.0,8256,8.446615027884642,0.3693226708306207
fits,row,hedgehog,64,2000,test_block,nonpositive_denominator_fraction,14,6,3,20,0.0,0.0,8256,8.446615027884642,0.3693226708306207
fits,row,hedgehog,64,2000,test_block,nonpositive_denominator_fraction,27,0,3,20,0.0,0.0,8256,8.446615027884642,0.3693226708306207
fits,row,hedgehog,64,2000,test_block,nonpositive_denominator_fraction,27,6,3,20,0.0,0.0,8256,8.446615027884642,0.3693226708306207
fits,row,hedgehog,64,2000,test_block,top1_agreement,0,0,3,20,0.20475260416666666,0.01955231611316157,8256,8.446615027884642,0.3693226708306207
fits,row,hedgehog,64,2000,test_block,top1_agreement,0,6,3,20,0.006315104166666666,0.001097637714849438,8256,8.446615027884642,0.3693226708306207
fits,row,hedgehog,64,2000,test_block,top1_agreement,14,0,3,20,0.91171875,0.0016658908309796642,8256,8.446615027884642,0.3693226708306207
fits,row,hedgehog,64,2000,test_block,top1_agreement,14,6,3,20,0.8822265625,0.0031432572147326544,8256,8.446615027884642,0.3693226708306207
fits,row,hedgehog,64,2000,test_block,top1_agreement,27,0,3,20,0.27236328125000003,0.0024472586105745452,8256,8.446615027884642,0.3693226708306207
fits,row,hedgehog,64,2000,test_block,top1_agreement,27,6,3,20,0.17639973958333333,0.01950347960637242,8256,8.446615027884642,0.3693226708306207
fits,row,kan_positive,64,2000,validation,kernel_nmse,0,0,3,12,0.5189421599109968,0.015372921314654764,73888,22.711636784176033,2.8551510281032986
fits,row,kan_positive,64,2000,validation,kernel_nmse,0,6,3,12,0.9266829921139611,0.0028793012042350333,73888,22.711636784176033,2.8551510281032986
fits,row,kan_positive,64,2000,validation,kernel_nmse,14,0,3,12,0.1521190827091535,0.0002827515706723893,73888,22.711636784176033,2.8551510281032986
fits,row,kan_positive,64,2000,validation,kernel_nmse,14,6,3,12,0.13949803656174076,0.0013310115680177507,73888,22.711636784176033,2.8551510281032986
fits,row,kan_positive,64,2000,validation,kernel_nmse,27,0,3,12,0.6687671393156052,0.005944150096882123,73888,22.711636784176033,2.8551510281032986
fits,row,kan_positive,64,2000,validation,kernel_nmse,27,6,3,12,0.6624818609820472,5.706853198181147e-05,73888,22.711636784176033,2.8551510281032986
fits,row,kan_positive,64,2000,validation,attention_nmse,0,0,3,12,0.5343914636307292,0.018748013392784712,73888,22.711636784176033,2.8551510281032986
fits,row,kan_positive,64,2000,validation,attention_nmse,0,6,3,12,0.9511108183198504,0.0018042819021267954,73888,22.711636784176033,2.8551510281032986
fits,row,kan_positive,64,2000,validation,attention_nmse,14,0,3,12,0.15487885599335036,0.002986615621844132,73888,22.711636784176033,2.8551510281032986
fits,row,kan_positive,64,2000,validation,attention_nmse,14,6,3,12,0.13672528591834834,0.0015348468927482604,73888,22.711636784176033,2.8551510281032986
fits,row,kan_positive,64,2000,validation,attention_nmse,27,0,3,12,0.6532078915172153,0.004749774214572232,73888,22.711636784176033,2.8551510281032986
fits,row,kan_positive,64,2000,validation,attention_nmse,27,6,3,12,0.6439160423146353,0.0012586961452591104,73888,22.711636784176033,2.8551510281032986
fits,row,kan_positive,64,2000,validation,output_nmse,0,0,3,12,0.016983664646330807,0.000451337207928494,73888,22.711636784176033,2.8551510281032986
fits,row,kan_positive,64,2000,validation,output_nmse,0,6,3,12,0.8307683385080762,0.002789898921880246,73888,22.711636784176033,2.8551510281032986
fits,row,kan_positive,64,2000,validation,output_nmse,14,0,3,12,0.706914785835478,0.004494443049901148,73888,22.711636784176033,2.8551510281032986
fits,row,kan_positive,64,2000,validation,output_nmse,14,6,3,12,0.5494979504081939,0.0025631324719612653,73888,22.711636784176033,2.8551510281032986
fits,row,kan_positive,64,2000,validation,output_nmse,27,0,3,12,0.1698191815780269,0.0027231713957623113,73888,22.711636784176033,2.8551510281032986
fits,row,kan_positive,64,2000,validation,output_nmse,27,6,3,12,0.2990807228618198,0.0051556351411531556,73888,22.711636784176033,2.8551510281032986
fits,row,kan_positive,64,2000,validation,row_l1,0,0,3,12,0.5807266599602169,0.0044348466251851295,73888,22.711636784176033,2.8551510281032986
fits,row,kan_positive,64,2000,validation,row_l1,0,6,3,12,1.9331684112548828,0.0024164527619400743,73888,22.711636784176033,2.8551510281032986
fits,row,kan_positive,64,2000,validation,row_l1,14,0,3,12,0.6551212055815591,0.014972192136542863,73888,22.711636784176033,2.8551510281032986
fits,row,kan_positive,64,2000,validation,row_l1,14,6,3,12,0.8235016564528147,0.0034401908029409413,73888,22.711636784176033,2.8551510281032986
fits,row,kan_positive,64,2000,validation,row_l1,27,0,3,12,0.8290286825762854,0.005364710088517978,73888,22.711636784176033,2.8551510281032986
fits,row,kan_positive,64,2000,validation,row_l1,27,6,3,12,0.8207420491509967,0.0018180617095549228,73888,22.711636784176033,2.8551510281032986
fits,row,kan_positive,64,2000,validation,negative_fraction,0,0,3,12,0.0,0.0,73888,22.711636784176033,2.8551510281032986
fits,row,kan_positive,64,2000,validation,negative_fraction,0,6,3,12,0.0,0.0,73888,22.711636784176033,2.8551510281032986
fits,row,kan_positive,64,2000,validation,negative_fraction,14,0,3,12,0.0,0.0,73888,22.711636784176033,2.8551510281032986
fits,row,kan_positive,64,2000,validation,negative_fraction,14,6,3,12,0.0,0.0,73888,22.711636784176033,2.8551510281032986
fits,row,kan_positive,64,2000,validation,negative_fraction,27,0,3,12,0.0,0.0,73888,22.711636784176033,2.8551510281032986
fits,row,kan_positive,64,2000,validation,negative_fraction,27,6,3,12,0.0,0.0,73888,22.711636784176033,2.8551510281032986
fits,row,kan_positive,64,2000,validation,nonpositive_denominator_fraction,0,0,3,12,0.0,0.0,73888,22.711636784176033,2.8551510281032986
fits,row,kan_positive,64,2000,validation,nonpositive_denominator_fraction,0,6,3,12,0.0,0.0,73888,22.711636784176033,2.8551510281032986
fits,row,kan_positive,64,2000,validation,nonpositive_denominator_fraction,14,0,3,12,0.0,0.0,73888,22.711636784176033,2.8551510281032986
fits,row,kan_positive,64,2000,validation,nonpositive_denominator_fraction,14,6,3,12,0.0,0.0,73888,22.711636784176033,2.8551510281032986
fits,row,kan_positive,64,2000,validation,nonpositive_denominator_fraction,27,0,3,12,0.0,0.0,73888,22.711636784176033,2.8551510281032986
fits,row,kan_positive,64,2000,validation,nonpositive_denominator_fraction,27,6,3,12,0.0,0.0,73888,22.711636784176033,2.8551510281032986
fits,row,kan_positive,64,2000,validation,top1_agreement,0,0,3,12,0.42626953125,0.010999281040932911,73888,22.711636784176033,2.8551510281032986
fits,row,kan_positive,64,2000,validation,top1_agreement,0,6,3,12,0.24131944444444445,0.011430757265614601,73888,22.711636784176033,2.8551510281032986
fits,row,kan_positive,64,2000,validation,top1_agreement,14,0,3,12,0.8300238715277778,9.396977037589428e-05,73888,22.711636784176033,2.8551510281032986
fits,row,kan_positive,64,2000,validation,top1_agreement,14,6,3,12,0.8766276041666666,0.0,73888,22.711636784176033,2.8551510281032986
fits,row,kan_positive,64,2000,validation,top1_agreement,27,0,3,12,0.1934136284722222,0.004066839698765222,73888,22.711636784176033,2.8551510281032986
fits,row,kan_positive,64,2000,validation,top1_agreement,27,6,3,12,0.14572482638888887,0.0020737320804705226,73888,22.711636784176033,2.8551510281032986
fits,row,kan_positive,64,2000,test,kernel_nmse,0,0,3,20,0.529428752263387,0.013793886404815586,73888,22.711636784176033,2.8551510281032986
fits,row,kan_positive,64,2000,test,kernel_nmse,0,6,3,20,0.9274272908767065,0.0030145887341130363,73888,22.711636784176033,2.8551510281032986
fits,row,kan_positive,64,2000,test,kernel_nmse,14,0,3,20,0.14504174726704755,0.0003160216289860215,73888,22.711636784176033,2.8551510281032986
fits,row,kan_positive,64,2000,test,kernel_nmse,14,6,3,20,0.12376654334366322,0.001552625907630356,73888,22.711636784176033,2.8551510281032986
fits,row,kan_positive,64,2000,test,kernel_nmse,27,0,3,20,0.6228868703047434,0.006225153755454996,73888,22.711636784176033,2.8551510281032986
fits,row,kan_positive,64,2000,test,kernel_nmse,27,6,3,20,0.6340151449044545,0.0010120812185597456,73888,22.711636784176033,2.8551510281032986
fits,row,kan_positive,64,2000,test,attention_nmse,0,0,3,20,0.547336349884669,0.017659144529144067,73888,22.711636784176033,2.8551510281032986
fits,row,kan_positive,64,2000,test,attention_nmse,0,6,3,20,0.9512050290902456,0.0018765114963704,73888,22.711636784176033,2.8551510281032986
fits,row,kan_positive,64,2000,test,attention_nmse,14,0,3,20,0.1543360810726881,0.0028158914609784356,73888,22.711636784176033,2.8551510281032986
fits,row,kan_positive,64,2000,test,attention_nmse,14,6,3,20,0.1223352595542868,0.0017379756451361879,73888,22.711636784176033,2.8551510281032986
fits,row,kan_positive,64,2000,test,attention_nmse,27,0,3,20,0.6141241689523061,0.005089551909048158,73888,22.711636784176033,2.8551510281032986
fits,row,kan_positive,64,2000,test,attention_nmse,27,6,3,20,0.6209426780541737,0.0009554599344349938,73888,22.711636784176033,2.8551510281032986
fits,row,kan_positive,64,2000,test,output_nmse,0,0,3,20,0.016845776963358126,0.0004886296815493322,73888,22.711636784176033,2.8551510281032986
fits,row,kan_positive,64,2000,test,output_nmse,0,6,3,20,0.8302840222915014,0.0027822192206587077,73888,22.711636784176033,2.8551510281032986
fits,row,kan_positive,64,2000,test,output_nmse,14,0,3,20,0.6977370192607243,0.0026074321414530145,73888,22.711636784176033,2.8551510281032986
fits,row,kan_positive,64,2000,test,output_nmse,14,6,3,20,0.5325920705993971,0.0043412764453381264,73888,22.711636784176033,2.8551510281032986
fits,row,kan_positive,64,2000,test,output_nmse,27,0,3,20,0.14416695597271126,0.00169907719311535,73888,22.711636784176033,2.8551510281032986
fits,row,kan_positive,64,2000,test,output_nmse,27,6,3,20,0.29790935640533767,0.003321119855641549,73888,22.711636784176033,2.8551510281032986
fits,row,kan_positive,64,2000,test,row_l1,0,0,3,20,0.585908818244934,0.004265805572101396,73888,22.711636784176033,2.8551510281032986
fits,row,kan_positive,64,2000,test,row_l1,0,6,3,20,1.9332067906856538,0.00236962556977797,73888,22.711636784176033,2.8551510281032986
fits,row,kan_positive,64,2000,test,row_l1,14,0,3,20,0.6540699049830437,0.011527713037675354,73888,22.711636784176033,2.8551510281032986
fits,row,kan_positive,64,2000,test,row_l1,14,6,3,20,0.7948007047176361,0.002151189559232289,73888,22.711636784176033,2.8551510281032986
fits,row,kan_positive,64,2000,test,row_l1,27,0,3,20,0.7956203262011211,0.006013449449176111,73888,22.711636784176033,2.8551510281032986
fits,row,kan_positive,64,2000,test,row_l1,27,6,3,20,0.8027304599682491,0.0019417811755497495,73888,22.711636784176033,2.8551510281032986
fits,row,kan_positive,64,2000,test,negative_fraction,0,0,3,20,0.0,0.0,73888,22.711636784176033,2.8551510281032986
fits,row,kan_positive,64,2000,test,negative_fraction,0,6,3,20,0.0,0.0,73888,22.711636784176033,2.8551510281032986
fits,row,kan_positive,64,2000,test,negative_fraction,14,0,3,20,0.0,0.0,73888,22.711636784176033,2.8551510281032986
fits,row,kan_positive,64,2000,test,negative_fraction,14,6,3,20,0.0,0.0,73888,22.711636784176033,2.8551510281032986
fits,row,kan_positive,64,2000,test,negative_fraction,27,0,3,20,0.0,0.0,73888,22.711636784176033,2.8551510281032986
fits,row,kan_positive,64,2000,test,negative_fraction,27,6,3,20,0.0,0.0,73888,22.711636784176033,2.8551510281032986
fits,row,kan_positive,64,2000,test,nonpositive_denominator_fraction,0,0,3,20,0.0,0.0,73888,22.711636784176033,2.8551510281032986
fits,row,kan_positive,64,2000,test,nonpositive_denominator_fraction,0,6,3,20,0.0,0.0,73888,22.711636784176033,2.8551510281032986
fits,row,kan_positive,64,2000,test,nonpositive_denominator_fraction,14,0,3,20,0.0,0.0,73888,22.711636784176033,2.8551510281032986
fits,row,kan_positive,64,2000,test,nonpositive_denominator_fraction,14,6,3,20,0.0,0.0,73888,22.711636784176033,2.8551510281032986
fits,row,kan_positive,64,2000,test,nonpositive_denominator_fraction,27,0,3,20,0.0,0.0,73888,22.711636784176033,2.8551510281032986
fits,row,kan_positive,64,2000,test,nonpositive_denominator_fraction,27,6,3,20,0.0,0.0,73888,22.711636784176033,2.8551510281032986
fits,row,kan_positive,64,2000,test,top1_agreement,0,0,3,20,0.40569661458333334,0.010944618451778632,73888,22.711636784176033,2.8551510281032986
fits,row,kan_positive,64,2000,test,top1_agreement,0,6,3,20,0.24003906249999998,0.014215275266533552,73888,22.711636784176033,2.8551510281032986
fits,row,kan_positive,64,2000,test,top1_agreement,14,0,3,20,0.82802734375,0.0,73888,22.711636784176033,2.8551510281032986
fits,row,kan_positive,64,2000,test,top1_agreement,14,6,3,20,0.89365234375,0.0,73888,22.711636784176033,2.8551510281032986
fits,row,kan_positive,64,2000,test,top1_agreement,27,0,3,20,0.19534505208333333,0.005130749462524997,73888,22.711636784176033,2.8551510281032986
fits,row,kan_positive,64,2000,test,top1_agreement,27,6,3,20,0.1683919270833333,0.003501127515559564,73888,22.711636784176033,2.8551510281032986
fits,row,kan_positive,64,2000,test_long,kernel_nmse,0,0,3,8,21.456547141075134,5.839485528717021,73888,22.711636784176033,2.8551510281032986
fits,row,kan_positive,64,2000,test_long,kernel_nmse,0,6,3,8,8.650106827418009,1.8656272985754128,73888,22.711636784176033,2.8551510281032986
fits,row,kan_positive,64,2000,test_long,kernel_nmse,14,0,3,8,0.5299522019922733,0.007108109708853252,73888,22.711636784176033,2.8551510281032986
fits,row,kan_positive,64,2000,test_long,kernel_nmse,14,6,3,8,0.4401668558518092,0.007596636025045486,73888,22.711636784176033,2.8551510281032986
fits,row,kan_positive,64,2000,test_long,kernel_nmse,27,0,3,8,1.035757231215636,0.03849447840792903,73888,22.711636784176033,2.8551510281032986
fits,row,kan_positive,64,2000,test_long,kernel_nmse,27,6,3,8,1.4499165167411168,0.029910430052578808,73888,22.711636784176033,2.8551510281032986
fits,row,kan_positive,64,2000,test_long,attention_nmse,0,0,3,8,0.961999366680781,0.0034890310073681756,73888,22.711636784176033,2.8551510281032986
fits,row,kan_positive,64,2000,test_long,attention_nmse,0,6,3,8,1.0037471155325572,0.00014395866174325938,73888,22.711636784176033,2.8551510281032986
fits,row,kan_positive,64,2000,test_long,attention_nmse,14,0,3,8,0.5208278348048528,0.023124980357543488,73888,22.711636784176033,2.8551510281032986
fits,row,kan_positive,64,2000,test_long,attention_nmse,14,6,3,8,0.42817360411087674,0.009376040785655645,73888,22.711636784176033,2.8551510281032986
fits,row,kan_positive,64,2000,test_long,attention_nmse,27,0,3,8,0.9133087148269018,0.0074304676750579545,73888,22.711636784176033,2.8551510281032986
fits,row,kan_positive,64,2000,test_long,attention_nmse,27,6,3,8,0.9871598581473032,0.009286086709403257,73888,22.711636784176033,2.8551510281032986
fits,row,kan_positive,64,2000,test_long,output_nmse,0,0,3,8,0.05947233131155372,0.0021972323366011336,73888,22.711636784176033,2.8551510281032986
fits,row,kan_positive,64,2000,test_long,output_nmse,0,6,3,8,0.9146845489740372,0.002444302410717509,73888,22.711636784176033,2.8551510281032986
fits,row,kan_positive,64,2000,test_long,output_nmse,14,0,3,8,1.5399990280469258,0.029336392925513904,73888,22.711636784176033,2.8551510281032986
fits,row,kan_positive,64,2000,test_long,output_nmse,14,6,3,8,1.1271020000179608,0.013984879823521711,73888,22.711636784176033,2.8551510281032986
fits,row,kan_positive,64,2000,test_long,output_nmse,27,0,3,8,0.2151467471073071,0.003913082060266583,73888,22.711636784176033,2.8551510281032986
fits,row,kan_positive,64,2000,test_long,output_nmse,27,6,3,8,0.3533722435434659,0.004011270716835853,73888,22.711636784176033,2.8551510281032986
fits,row,kan_positive,64,2000,test_long,row_l1,0,0,3,8,1.2684980978568394,0.015302551140259983,73888,22.711636784176033,2.8551510281032986
fits,row,kan_positive,64,2000,test_long,row_l1,0,6,3,8,1.9984691192706425,4.4989891117595925e-05,73888,22.711636784176033,2.8551510281032986
fits,row,kan_positive,64,2000,test_long,row_l1,14,0,3,8,1.444414605696996,0.03327367032513324,73888,22.711636784176033,2.8551510281032986
fits,row,kan_positive,64,2000,test_long,row_l1,14,6,3,8,1.3451382021109264,0.00628346713903579,73888,22.711636784176033,2.8551510281032986
fits,row,kan_positive,64,2000,test_long,row_l1,27,0,3,8,1.2205487539370854,0.013207182361600876,73888,22.711636784176033,2.8551510281032986
fits,row,kan_positive,64,2000,test_long,row_l1,27,6,3,8,1.221992219487826,0.004432566555971903,73888,22.711636784176033,2.8551510281032986
fits,row,kan_positive,64,2000,test_long,negative_fraction,0,0,3,8,0.0,0.0,73888,22.711636784176033,2.8551510281032986
fits,row,kan_positive,64,2000,test_long,negative_fraction,0,6,3,8,0.0,0.0,73888,22.711636784176033,2.8551510281032986
fits,row,kan_positive,64,2000,test_long,negative_fraction,14,0,3,8,0.0,0.0,73888,22.711636784176033,2.8551510281032986
fits,row,kan_positive,64,2000,test_long,negative_fraction,14,6,3,8,0.0,0.0,73888,22.711636784176033,2.8551510281032986
fits,row,kan_positive,64,2000,test_long,negative_fraction,27,0,3,8,0.0,0.0,73888,22.711636784176033,2.8551510281032986
fits,row,kan_positive,64,2000,test_long,negative_fraction,27,6,3,8,0.0,0.0,73888,22.711636784176033,2.8551510281032986
fits,row,kan_positive,64,2000,test_long,nonpositive_denominator_fraction,0,0,3,8,0.0,0.0,73888,22.711636784176033,2.8551510281032986
fits,row,kan_positive,64,2000,test_long,nonpositive_denominator_fraction,0,6,3,8,0.0,0.0,73888,22.711636784176033,2.8551510281032986
fits,row,kan_positive,64,2000,test_long,nonpositive_denominator_fraction,14,0,3,8,0.0,0.0,73888,22.711636784176033,2.8551510281032986
fits,row,kan_positive,64,2000,test_long,nonpositive_denominator_fraction,14,6,3,8,0.0,0.0,73888,22.711636784176033,2.8551510281032986
fits,row,kan_positive,64,2000,test_long,nonpositive_denominator_fraction,27,0,3,8,0.0,0.0,73888,22.711636784176033,2.8551510281032986
fits,row,kan_positive,64,2000,test_long,nonpositive_denominator_fraction,27,6,3,8,0.0,0.0,73888,22.711636784176033,2.8551510281032986
fits,row,kan_positive,64,2000,test_long,top1_agreement,0,0,3,8,0.0,0.0,73888,22.711636784176033,2.8551510281032986
fits,row,kan_positive,64,2000,test_long,top1_agreement,0,6,3,8,0.0,0.0,73888,22.711636784176033,2.8551510281032986
fits,row,kan_positive,64,2000,test_long,top1_agreement,14,0,3,8,0.833740234375,0.000244140625,73888,22.711636784176033,2.8551510281032986
fits,row,kan_positive,64,2000,test_long,top1_agreement,14,6,3,8,0.88232421875,0.0,73888,22.711636784176033,2.8551510281032986
fits,row,kan_positive,64,2000,test_long,top1_agreement,27,0,3,8,0.07877604166666667,0.005128890383004144,73888,22.711636784176033,2.8551510281032986
fits,row,kan_positive,64,2000,test_long,top1_agreement,27,6,3,8,0.010498046875,0.00341796875,73888,22.711636784176033,2.8551510281032986
fits,row,kan_positive,64,2000,ood,kernel_nmse,0,0,3,8,0.6658829525113106,0.00998132818359545,73888,22.711636784176033,2.8551510281032986
fits,row,kan_positive,64,2000,ood,kernel_nmse,0,6,3,8,0.9316375801960627,0.0034472461642820074,73888,22.711636784176033,2.8551510281032986
fits,row,kan_positive,64,2000,ood,kernel_nmse,14,0,3,8,0.13150696270167828,0.001250070276871287,73888,22.711636784176033,2.8551510281032986
fits,row,kan_positive,64,2000,ood,kernel_nmse,14,6,3,8,0.1347111047556003,0.0018585748010795065,73888,22.711636784176033,2.8551510281032986
fits,row,kan_positive,64,2000,ood,kernel_nmse,27,0,3,8,0.6610888416568438,0.013161239026042661,73888,22.711636784176033,2.8551510281032986
fits,row,kan_positive,64,2000,ood,kernel_nmse,27,6,3,8,0.6873711124062538,0.00954657984244244,73888,22.711636784176033,2.8551510281032986
fits,row,kan_positive,64,2000,ood,attention_nmse,0,0,3,8,0.6725719670454661,0.011691075811707974,73888,22.711636784176033,2.8551510281032986
fits,row,kan_positive,64,2000,ood,attention_nmse,0,6,3,8,0.9523065090179443,0.0019472499775050516,73888,22.711636784176033,2.8551510281032986
fits,row,kan_positive,64,2000,ood,attention_nmse,14,0,3,8,0.14524327303903797,0.004637787648874837,73888,22.711636784176033,2.8551510281032986
fits,row,kan_positive,64,2000,ood,attention_nmse,14,6,3,8,0.14685837225988507,0.001967997913625863,73888,22.711636784176033,2.8551510281032986
fits,row,kan_positive,64,2000,ood,attention_nmse,27,0,3,8,0.6233891646067301,0.003041547410518435,73888,22.711636784176033,2.8551510281032986
fits,row,kan_positive,64,2000,ood,attention_nmse,27,6,3,8,0.618429746478796,0.002328182662379964,73888,22.711636784176033,2.8551510281032986
fits,row,kan_positive,64,2000,ood,output_nmse,0,0,3,8,0.03918575937859714,0.0004911112495695801,73888,22.711636784176033,2.8551510281032986
fits,row,kan_positive,64,2000,ood,output_nmse,0,6,3,8,0.8315766577919325,0.002885952586667357,73888,22.711636784176033,2.8551510281032986
fits,row,kan_positive,64,2000,ood,output_nmse,14,0,3,8,0.7195755615830421,0.017873278320468918,73888,22.711636784176033,2.8551510281032986
fits,row,kan_positive,64,2000,ood,output_nmse,14,6,3,8,0.5634759403765202,0.00528715844983199,73888,22.711636784176033,2.8551510281032986
fits,row,kan_positive,64,2000,ood,output_nmse,27,0,3,8,0.15259780129417777,0.0011190732813421214,73888,22.711636784176033,2.8551510281032986
fits,row,kan_positive,64,2000,ood,output_nmse,27,6,3,8,0.2645020255198081,0.005400914137286099,73888,22.711636784176033,2.8551510281032986
fits,row,kan_positive,64,2000,ood,row_l1,0,0,3,8,0.7078716059525808,0.005837975003345127,73888,22.711636784176033,2.8551510281032986
fits,row,kan_positive,64,2000,ood,row_l1,0,6,3,8,1.9332078744967778,0.0024009145943953646,73888,22.711636784176033,2.8551510281032986
fits,row,kan_positive,64,2000,ood,row_l1,14,0,3,8,0.6217516623437405,0.016015408090307253,73888,22.711636784176033,2.8551510281032986
fits,row,kan_positive,64,2000,ood,row_l1,14,6,3,8,0.7832551673054695,0.0007007433562885568,73888,22.711636784176033,2.8551510281032986
fits,row,kan_positive,64,2000,ood,row_l1,27,0,3,8,0.7989297633369764,0.005038051248025499,73888,22.711636784176033,2.8551510281032986
fits,row,kan_positive,64,2000,ood,row_l1,27,6,3,8,0.808804526925087,0.0022266992321707283,73888,22.711636784176033,2.8551510281032986
fits,row,kan_positive,64,2000,ood,negative_fraction,0,0,3,8,0.0,0.0,73888,22.711636784176033,2.8551510281032986
fits,row,kan_positive,64,2000,ood,negative_fraction,0,6,3,8,0.0,0.0,73888,22.711636784176033,2.8551510281032986
fits,row,kan_positive,64,2000,ood,negative_fraction,14,0,3,8,0.0,0.0,73888,22.711636784176033,2.8551510281032986
fits,row,kan_positive,64,2000,ood,negative_fraction,14,6,3,8,0.0,0.0,73888,22.711636784176033,2.8551510281032986
fits,row,kan_positive,64,2000,ood,negative_fraction,27,0,3,8,0.0,0.0,73888,22.711636784176033,2.8551510281032986
fits,row,kan_positive,64,2000,ood,negative_fraction,27,6,3,8,0.0,0.0,73888,22.711636784176033,2.8551510281032986
fits,row,kan_positive,64,2000,ood,nonpositive_denominator_fraction,0,0,3,8,0.0,0.0,73888,22.711636784176033,2.8551510281032986
fits,row,kan_positive,64,2000,ood,nonpositive_denominator_fraction,0,6,3,8,0.0,0.0,73888,22.711636784176033,2.8551510281032986
fits,row,kan_positive,64,2000,ood,nonpositive_denominator_fraction,14,0,3,8,0.0,0.0,73888,22.711636784176033,2.8551510281032986
fits,row,kan_positive,64,2000,ood,nonpositive_denominator_fraction,14,6,3,8,0.0,0.0,73888,22.711636784176033,2.8551510281032986
fits,row,kan_positive,64,2000,ood,nonpositive_denominator_fraction,27,0,3,8,0.0,0.0,73888,22.711636784176033,2.8551510281032986
fits,row,kan_positive,64,2000,ood,nonpositive_denominator_fraction,27,6,3,8,0.0,0.0,73888,22.711636784176033,2.8551510281032986
fits,row,kan_positive,64,2000,ood,top1_agreement,0,0,3,8,0.2662760416666667,0.012003511762690294,73888,22.711636784176033,2.8551510281032986
fits,row,kan_positive,64,2000,ood,top1_agreement,0,6,3,8,0.23225911458333334,0.006597822284736099,73888,22.711636784176033,2.8551510281032986
fits,row,kan_positive,64,2000,ood,top1_agreement,14,0,3,8,0.855712890625,0.0,73888,22.711636784176033,2.8551510281032986
fits,row,kan_positive,64,2000,ood,top1_agreement,14,6,3,8,0.8994140625,0.0,73888,22.711636784176033,2.8551510281032986
fits,row,kan_positive,64,2000,ood,top1_agreement,27,0,3,8,0.200439453125,0.008253975343934065,73888,22.711636784176033,2.8551510281032986
fits,row,kan_positive,64,2000,ood,top1_agreement,27,6,3,8,0.13997395833333334,0.0007848023080235151,73888,22.711636784176033,2.8551510281032986
fits,row,kan_positive,64,2000,test_block,kernel_nmse,0,0,3,20,0.5908958638707797,0.005635051138854828,73888,22.711636784176033,2.8551510281032986
fits,row,kan_positive,64,2000,test_block,kernel_nmse,0,6,3,20,0.9997527748346329,0.00025706501273220093,73888,22.711636784176033,2.8551510281032986
fits,row,kan_positive,64,2000,test_block,kernel_nmse,14,0,3,20,0.20048834135135016,0.006531020657465406,73888,22.711636784176033,2.8551510281032986
fits,row,kan_positive,64,2000,test_block,kernel_nmse,14,6,3,20,0.13403909082214038,0.004482365710222501,73888,22.711636784176033,2.8551510281032986
fits,row,kan_positive,64,2000,test_block,kernel_nmse,27,0,3,20,0.57349800268809,0.0056210664481402516,73888,22.711636784176033,2.8551510281032986
fits,row,kan_positive,64,2000,test_block,kernel_nmse,27,6,3,20,0.6078751266002654,0.0054285366764545,73888,22.711636784176033,2.8551510281032986
fits,row,kan_positive,64,2000,test_block,attention_nmse,0,0,3,20,0.5181843330462773,0.04379514481865366,73888,22.711636784176033,2.8551510281032986
fits,row,kan_positive,64,2000,test_block,attention_nmse,0,6,3,20,1.118280549844106,0.06443176186142348,73888,22.711636784176033,2.8551510281032986
fits,row,kan_positive,64,2000,test_block,attention_nmse,14,0,3,20,0.071282112163802,0.003342763058547855,73888,22.711636784176033,2.8551510281032986
fits,row,kan_positive,64,2000,test_block,attention_nmse,14,6,3,20,0.07745380373671651,0.001182320765135727,73888,22.711636784176033,2.8551510281032986
fits,row,kan_positive,64,2000,test_block,attention_nmse,27,0,3,20,0.5370584711432457,0.00561034572156064,73888,22.711636784176033,2.8551510281032986
fits,row,kan_positive,64,2000,test_block,attention_nmse,27,6,3,20,0.5654419650634129,0.002237567181067525,73888,22.711636784176033,2.8551510281032986
fits,row,kan_positive,64,2000,test_block,output_nmse,0,0,3,20,0.029633793265869218,0.00154372594765267,73888,22.711636784176033,2.8551510281032986
fits,row,kan_positive,64,2000,test_block,output_nmse,0,6,3,20,1.0965288718541462,0.06423517815311185,73888,22.711636784176033,2.8551510281032986
fits,row,kan_positive,64,2000,test_block,output_nmse,14,0,3,20,0.956931256254514,0.03386208356322286,73888,22.711636784176033,2.8551510281032986
fits,row,kan_positive,64,2000,test_block,output_nmse,14,6,3,20,0.331114595135053,0.002662921339890678,73888,22.711636784176033,2.8551510281032986
fits,row,kan_positive,64,2000,test_block,output_nmse,27,0,3,20,0.15953645656506218,0.003913220012186131,73888,22.711636784176033,2.8551510281032986
fits,row,kan_positive,64,2000,test_block,output_nmse,27,6,3,20,0.3059697546064854,0.005375536716810793,73888,22.711636784176033,2.8551510281032986
fits,row,kan_positive,64,2000,test_block,row_l1,0,0,3,20,0.6033043026924133,0.007909796763647923,73888,22.711636784176033,2.8551510281032986
fits,row,kan_positive,64,2000,test_block,row_l1,0,6,3,20,1.9202942907810214,0.005741249227359371,73888,22.711636784176033,2.8551510281032986
fits,row,kan_positive,64,2000,test_block,row_l1,14,0,3,20,0.3871127178271611,0.031985291674044826,73888,22.711636784176033,2.8551510281032986
fits,row,kan_positive,64,2000,test_block,row_l1,14,6,3,20,0.5548242648442586,0.001373455284378206,73888,22.711636784176033,2.8551510281032986
fits,row,kan_positive,64,2000,test_block,row_l1,27,0,3,20,0.755021721124649,0.006918221628720313,73888,22.711636784176033,2.8551510281032986
fits,row,kan_positive,64,2000,test_block,row_l1,27,6,3,20,0.7667038957277934,0.001463115721591013,73888,22.711636784176033,2.8551510281032986
fits,row,kan_positive,64,2000,test_block,negative_fraction,0,0,3,20,0.0,0.0,73888,22.711636784176033,2.8551510281032986
fits,row,kan_positive,64,2000,test_block,negative_fraction,0,6,3,20,0.0,0.0,73888,22.711636784176033,2.8551510281032986
fits,row,kan_positive,64,2000,test_block,negative_fraction,14,0,3,20,0.0,0.0,73888,22.711636784176033,2.8551510281032986
fits,row,kan_positive,64,2000,test_block,negative_fraction,14,6,3,20,0.0,0.0,73888,22.711636784176033,2.8551510281032986
fits,row,kan_positive,64,2000,test_block,negative_fraction,27,0,3,20,0.0,0.0,73888,22.711636784176033,2.8551510281032986
fits,row,kan_positive,64,2000,test_block,negative_fraction,27,6,3,20,0.0,0.0,73888,22.711636784176033,2.8551510281032986
fits,row,kan_positive,64,2000,test_block,nonpositive_denominator_fraction,0,0,3,20,0.0,0.0,73888,22.711636784176033,2.8551510281032986
fits,row,kan_positive,64,2000,test_block,nonpositive_denominator_fraction,0,6,3,20,0.0,0.0,73888,22.711636784176033,2.8551510281032986
fits,row,kan_positive,64,2000,test_block,nonpositive_denominator_fraction,14,0,3,20,0.0,0.0,73888,22.711636784176033,2.8551510281032986
fits,row,kan_positive,64,2000,test_block,nonpositive_denominator_fraction,14,6,3,20,0.0,0.0,73888,22.711636784176033,2.8551510281032986
fits,row,kan_positive,64,2000,test_block,nonpositive_denominator_fraction,27,0,3,20,0.0,0.0,73888,22.711636784176033,2.8551510281032986
fits,row,kan_positive,64,2000,test_block,nonpositive_denominator_fraction,27,6,3,20,0.0,0.0,73888,22.711636784176033,2.8551510281032986
fits,row,kan_positive,64,2000,test_block,top1_agreement,0,0,3,20,0.23453776041666666,0.0010350334046604697,73888,22.711636784176033,2.8551510281032986
fits,row,kan_positive,64,2000,test_block,top1_agreement,0,6,3,20,0.0029622395833333332,0.0003429574789340083,73888,22.711636784176033,2.8551510281032986
fits,row,kan_positive,64,2000,test_block,top1_agreement,14,0,3,20,0.95947265625,0.0,73888,22.711636784176033,2.8551510281032986
fits,row,kan_positive,64,2000,test_block,top1_agreement,14,6,3,20,0.9504882812499998,1.3597399555105182e-16,73888,22.711636784176033,2.8551510281032986
fits,row,kan_positive,64,2000,test_block,top1_agreement,27,0,3,20,0.30862630208333336,0.0037725322682740864,73888,22.711636784176033,2.8551510281032986
fits,row,kan_positive,64,2000,test_block,top1_agreement,27,6,3,20,0.22060546875,0.004832751184241655,73888,22.711636784176033,2.8551510281032986
fits,row,kan_signed,64,2000,validation,kernel_nmse,0,0,3,12,0.5684669473105006,0.01696367277114722,73888,22.90462086784343,2.849188995361328
fits,row,kan_signed,64,2000,validation,kernel_nmse,0,6,3,12,0.9428390645318561,0.0028896749168982752,73888,22.90462086784343,2.849188995361328
fits,row,kan_signed,64,2000,validation,kernel_nmse,14,0,3,12,0.15456487445367706,0.0002808797144990785,73888,22.90462086784343,2.849188995361328
fits,row,kan_signed,64,2000,validation,kernel_nmse,14,6,3,12,0.14479001031981573,0.0007983893344610995,73888,22.90462086784343,2.849188995361328
fits,row,kan_signed,64,2000,validation,kernel_nmse,27,0,3,12,0.6748436258898841,0.003057280133584844,73888,22.90462086784343,2.849188995361328
fits,row,kan_signed,64,2000,validation,kernel_nmse,27,6,3,12,0.6552917543384765,0.004998328505905765,73888,22.90462086784343,2.849188995361328
fits,row,kan_signed,64,2000,validation,attention_nmse,0,0,3,12,2.4290105087889566,2.4061189180251286,73888,22.90462086784343,2.849188995361328
fits,row,kan_signed,64,2000,validation,attention_nmse,0,6,3,12,56.07547344598506,83.18104903963702,73888,22.90462086784343,2.849188995361328
fits,row,kan_signed,64,2000,validation,attention_nmse,14,0,3,12,0.1605648518436485,0.003461150602086072,73888,22.90462086784343,2.849188995361328
fits,row,kan_signed,64,2000,validation,attention_nmse,14,6,3,12,0.1398862897314959,0.0037900939420955977,73888,22.90462086784343,2.849188995361328
fits,row,kan_signed,64,2000,validation,attention_nmse,27,0,3,12,0.7712163577477137,0.08676905354930815,73888,22.90462086784343,2.849188995361328
fits,row,kan_signed,64,2000,validation,attention_nmse,27,6,3,12,0.6473269677824445,0.01220595642097169,73888,22.90462086784343,2.849188995361328
fits,row,kan_signed,64,2000,validation,output_nmse,0,0,3,12,0.6005332447174523,0.8639615997622274,73888,22.90462086784343,2.849188995361328
fits,row,kan_signed,64,2000,validation,output_nmse,0,6,3,12,540.8695468339655,884.2832682520883,73888,22.90462086784343,2.849188995361328
fits,row,kan_signed,64,2000,validation,output_nmse,14,0,3,12,0.7328009919987784,0.006609384207976732,73888,22.90462086784343,2.849188995361328
fits,row,kan_signed,64,2000,validation,output_nmse,14,6,3,12,0.551902940703763,0.007766741527839418,73888,22.90462086784343,2.849188995361328
fits,row,kan_signed,64,2000,validation,output_nmse,27,0,3,12,0.20057323885460696,0.02039364298303564,73888,22.90462086784343,2.849188995361328
fits,row,kan_signed,64,2000,validation,output_nmse,27,6,3,12,0.29399685230520034,0.008419770729067421,73888,22.90462086784343,2.849188995361328
fits,row,kan_signed,64,2000,validation,row_l1,0,0,3,12,0.8388211296664344,0.10126300988429589,73888,22.90462086784343,2.849188995361328
fits,row,kan_signed,64,2000,validation,row_l1,0,6,3,12,6.2539774311913385,1.3212199127063957,73888,22.90462086784343,2.849188995361328
fits,row,kan_signed,64,2000,validation,row_l1,14,0,3,12,0.7633861733807458,0.03549634236079152,73888,22.90462086784343,2.849188995361328
fits,row,kan_signed,64,2000,validation,row_l1,14,6,3,12,0.8664523031976487,0.02084462880878635,73888,22.90462086784343,2.849188995361328
fits,row,kan_signed,64,2000,validation,row_l1,27,0,3,12,1.0021948830948937,0.034285797886058886,73888,22.90462086784343,2.849188995361328
fits,row,kan_signed,64,2000,validation,row_l1,27,6,3,12,0.9351491447952057,0.028572763353650655,73888,22.90462086784343,2.849188995361328
fits,row,kan_signed,64,2000,validation,negative_fraction,0,0,3,12,0.21397774376802978,0.03332296509124973,73888,22.90462086784343,2.849188995361328
fits,row,kan_signed,64,2000,validation,negative_fraction,0,6,3,12,0.48480726199017626,0.03085177476095711,73888,22.90462086784343,2.849188995361328
fits,row,kan_signed,64,2000,validation,negative_fraction,14,0,3,12,0.24516067322757507,0.07526799629195065,73888,22.90462086784343,2.849188995361328
fits,row,kan_signed,64,2000,validation,negative_fraction,14,6,3,12,0.14883806463330984,0.05235862527195832,73888,22.90462086784343,2.849188995361328
fits,row,kan_signed,64,2000,validation,negative_fraction,27,0,3,12,0.2407340560522344,0.035765830003662694,73888,22.90462086784343,2.849188995361328
fits,row,kan_signed,64,2000,validation,negative_fraction,27,6,3,12,0.1987057961523533,0.018191230411262513,73888,22.90462086784343,2.849188995361328
fits,row,kan_signed,64,2000,validation,nonpositive_denominator_fraction,0,0,3,12,0.001681857638888889,0.0012324019847656843,73888,22.90462086784343,2.849188995361328
fits,row,kan_signed,64,2000,validation,nonpositive_denominator_fraction,0,6,3,12,0.01752387152777778,0.007814760234388386,73888,22.90462086784343,2.849188995361328
fits,row,kan_signed,64,2000,validation,nonpositive_denominator_fraction,14,0,3,12,0.0,0.0,73888,22.90462086784343,2.849188995361328
fits,row,kan_signed,64,2000,validation,nonpositive_denominator_fraction,14,6,3,12,0.0,0.0,73888,22.90462086784343,2.849188995361328
fits,row,kan_signed,64,2000,validation,nonpositive_denominator_fraction,27,0,3,12,0.00016276041666666666,0.00016276041666666666,73888,22.90462086784343,2.849188995361328
fits,row,kan_signed,64,2000,validation,nonpositive_denominator_fraction,27,6,3,12,5.425347222222222e-05,9.396977037591566e-05,73888,22.90462086784343,2.849188995361328
fits,row,kan_signed,64,2000,validation,top1_agreement,0,0,3,12,0.3987630208333333,0.008601699389143107,73888,22.90462086784343,2.849188995361328
fits,row,kan_signed,64,2000,validation,top1_agreement,0,6,3,12,0.2861328125,0.019472159963167538,73888,22.90462086784343,2.849188995361328
fits,row,kan_signed,64,2000,validation,top1_agreement,14,0,3,12,0.830295138888889,0.00018793954075185267,73888,22.90462086784343,2.849188995361328
fits,row,kan_signed,64,2000,validation,top1_agreement,14,6,3,12,0.8766818576388888,9.396977037595839e-05,73888,22.90462086784343,2.849188995361328
fits,row,kan_signed,64,2000,validation,top1_agreement,27,0,3,12,0.1884765625,0.004720052083333343,73888,22.90462086784343,2.849188995361328
fits,row,kan_signed,64,2000,validation,top1_agreement,27,6,3,12,0.1475151909722222,0.004487978918757292,73888,22.90462086784343,2.849188995361328
fits,row,kan_signed,64,2000,test,kernel_nmse,0,0,3,20,0.5766311998168627,0.015580537583122188,73888,22.90462086784343,2.849188995361328
fits,row,kan_signed,64,2000,test,kernel_nmse,0,6,3,20,0.9433120926221212,0.0027313962050188293,73888,22.90462086784343,2.849188995361328
fits,row,kan_signed,64,2000,test,kernel_nmse,14,0,3,20,0.14801845612625283,0.0002435840237525326,73888,22.90462086784343,2.849188995361328
fits,row,kan_signed,64,2000,test,kernel_nmse,14,6,3,20,0.12911695099125306,0.0011829407998230463,73888,22.90462086784343,2.849188995361328
fits,row,kan_signed,64,2000,test,kernel_nmse,27,0,3,20,0.6274484167496364,0.0025613454351314353,73888,22.90462086784343,2.849188995361328
fits,row,kan_signed,64,2000,test,kernel_nmse,27,6,3,20,0.6297869622707367,0.005513867087585624,73888,22.90462086784343,2.849188995361328
fits,row,kan_signed,64,2000,test,attention_nmse,0,0,3,20,22.709534655014675,16.704773342321946,73888,22.90462086784343,2.849188995361328
fits,row,kan_signed,64,2000,test,attention_nmse,0,6,3,20,46.75208478967349,72.00323192256477,73888,22.90462086784343,2.849188995361328
fits,row,kan_signed,64,2000,test,attention_nmse,14,0,3,20,0.1604290533810854,0.0019421205062085088,73888,22.90462086784343,2.849188995361328
fits,row,kan_signed,64,2000,test,attention_nmse,14,6,3,20,0.12759088135013977,0.0034210331095295065,73888,22.90462086784343,2.849188995361328
fits,row,kan_signed,64,2000,test,attention_nmse,27,0,3,20,0.6245774348576864,0.001379012962415267,73888,22.90462086784343,2.849188995361328
fits,row,kan_signed,64,2000,test,attention_nmse,27,6,3,20,0.637457490960757,0.03237913393628204,73888,22.90462086784343,2.849188995361328
fits,row,kan_signed,64,2000,test,output_nmse,0,0,3,20,4.782946533802897,4.507946389312955,73888,22.90462086784343,2.849188995361328
fits,row,kan_signed,64,2000,test,output_nmse,0,6,3,20,116.59297263423603,170.20253831914303,73888,22.90462086784343,2.849188995361328
fits,row,kan_signed,64,2000,test,output_nmse,14,0,3,20,0.7274232367674509,0.006805665813124153,73888,22.90462086784343,2.849188995361328
fits,row,kan_signed,64,2000,test,output_nmse,14,6,3,20,0.5415515268842379,0.008271652980431185,73888,22.90462086784343,2.849188995361328
fits,row,kan_signed,64,2000,test,output_nmse,27,0,3,20,0.14789373241364956,0.00178011991444202,73888,22.90462086784343,2.849188995361328
fits,row,kan_signed,64,2000,test,output_nmse,27,6,3,20,0.30207599401474,0.023273669712762714,73888,22.90462086784343,2.849188995361328
fits,row,kan_signed,64,2000,test,row_l1,0,0,3,20,0.9396428108215332,0.1430049064523745,73888,22.90462086784343,2.849188995361328
fits,row,kan_signed,64,2000,test,row_l1,0,6,3,20,5.986740938822429,2.0336817211156064,73888,22.90462086784343,2.849188995361328
fits,row,kan_signed,64,2000,test,row_l1,14,0,3,20,0.7745610346396764,0.02920711827901,73888,22.90462086784343,2.849188995361328
fits,row,kan_signed,64,2000,test,row_l1,14,6,3,20,0.8402887403964995,0.020542747895190942,73888,22.90462086784343,2.849188995361328
fits,row,kan_signed,64,2000,test,row_l1,27,0,3,20,0.9498208244641622,0.022122650528763672,73888,22.90462086784343,2.849188995361328
fits,row,kan_signed,64,2000,test,row_l1,27,6,3,20,0.9201609363158544,0.026402273269838537,73888,22.90462086784343,2.849188995361328
fits,row,kan_signed,64,2000,test,negative_fraction,0,0,3,20,0.22021617740392685,0.03127491981004127,73888,22.90462086784343,2.849188995361328
fits,row,kan_signed,64,2000,test,negative_fraction,0,6,3,20,0.4825831303993861,0.032920334906688,73888,22.90462086784343,2.849188995361328
fits,row,kan_signed,64,2000,test,negative_fraction,14,0,3,20,0.2758895176152388,0.08498839817541667,73888,22.90462086784343,2.849188995361328
fits,row,kan_signed,64,2000,test,negative_fraction,14,6,3,20,0.16176729227105777,0.04887457508579462,73888,22.90462086784343,2.849188995361328
fits,row,kan_signed,64,2000,test,negative_fraction,27,0,3,20,0.25701028282443683,0.030039042699362903,73888,22.90462086784343,2.849188995361328
fits,row,kan_signed,64,2000,test,negative_fraction,27,6,3,20,0.20912013252576192,0.015420834169515054,73888,22.90462086784343,2.849188995361328
fits,row,kan_signed,64,2000,test,nonpositive_denominator_fraction,0,0,3,20,0.0015624999999999999,0.0015716286073663164,73888,22.90462086784343,2.849188995361328
fits,row,kan_signed,64,2000,test,nonpositive_denominator_fraction,0,6,3,20,0.019401041666666664,0.009251265430668657,73888,22.90462086784343,2.849188995361328
fits,row,kan_signed,64,2000,test,nonpositive_denominator_fraction,14,0,3,20,0.0,0.0,73888,22.90462086784343,2.849188995361328
fits,row,kan_signed,64,2000,test,nonpositive_denominator_fraction,14,6,3,20,0.0,0.0,73888,22.90462086784343,2.849188995361328
fits,row,kan_signed,64,2000,test,nonpositive_denominator_fraction,27,0,3,20,0.0,0.0,73888,22.90462086784343,2.849188995361328
fits,row,kan_signed,64,2000,test,nonpositive_denominator_fraction,27,6,3,20,0.0,0.0,73888,22.90462086784343,2.849188995361328
fits,row,kan_signed,64,2000,test,top1_agreement,0,0,3,20,0.3804036458333333,0.007125784133683582,73888,22.90462086784343,2.849188995361328
fits,row,kan_signed,64,2000,test,top1_agreement,0,6,3,20,0.28756510416666664,0.02194145643706058,73888,22.90462086784343,2.849188995361328
fits,row,kan_signed,64,2000,test,top1_agreement,14,0,3,20,0.82861328125,0.0002583741514711472,73888,22.90462086784343,2.849188995361328
fits,row,kan_signed,64,2000,test,top1_agreement,14,6,3,20,0.8936848958333333,5.638186222556221e-05,73888,22.90462086784343,2.849188995361328
fits,row,kan_signed,64,2000,test,top1_agreement,27,0,3,20,0.18896484375,0.001377610935514251,73888,22.90462086784343,2.849188995361328
fits,row,kan_signed,64,2000,test,top1_agreement,27,6,3,20,0.1699544270833333,0.008133853099453517,73888,22.90462086784343,2.849188995361328
fits,row,kan_signed,64,2000,test_long,kernel_nmse,0,0,3,8,7.7915149331092834,1.189817440895709,73888,22.90462086784343,2.849188995361328
fits,row,kan_signed,64,2000,test_long,kernel_nmse,0,6,3,8,3.6956063707669577,0.09872051780119252,73888,22.90462086784343,2.849188995361328
fits,row,kan_signed,64,2000,test_long,kernel_nmse,14,0,3,8,0.5338464093705019,0.009129177211845764,73888,22.90462086784343,2.849188995361328
fits,row,kan_signed,64,2000,test_long,kernel_nmse,14,6,3,8,0.4458484599987666,0.012371722946229909,73888,22.90462086784343,2.849188995361328
fits,row,kan_signed,64,2000,test_long,kernel_nmse,27,0,3,8,1.022138960659504,0.03159834606856241,73888,22.90462086784343,2.849188995361328
fits,row,kan_signed,64,2000,test_long,kernel_nmse,27,6,3,8,1.3915230532487233,0.05474466493915874,73888,22.90462086784343,2.849188995361328
fits,row,kan_signed,64,2000,test_long,attention_nmse,0,0,3,8,0.9582134311397871,0.0029898304760177163,73888,22.90462086784343,2.849188995361328
fits,row,kan_signed,64,2000,test_long,attention_nmse,0,6,3,8,1.0006339152654011,0.00014271552755545857,73888,22.90462086784343,2.849188995361328
fits,row,kan_signed,64,2000,test_long,attention_nmse,14,0,3,8,0.5752940624952316,0.02919089288710797,73888,22.90462086784343,2.849188995361328
fits,row,kan_signed,64,2000,test_long,attention_nmse,14,6,3,8,0.49149540315071744,0.019024056493292,73888,22.90462086784343,2.849188995361328
fits,row,kan_signed,64,2000,test_long,attention_nmse,27,0,3,8,1.080828309059143,0.29709135778292195,73888,22.90462086784343,2.849188995361328
fits,row,kan_signed,64,2000,test_long,attention_nmse,27,6,3,8,0.9922460615634918,0.006137480601913807,73888,22.90462086784343,2.849188995361328
fits,row,kan_signed,64,2000,test_long,output_nmse,0,0,3,8,0.0634585617420574,0.0011972772780665794,73888,22.90462086784343,2.849188995361328
fits,row,kan_signed,64,2000,test_long,output_nmse,0,6,3,8,0.9241901685794195,0.0018185051368269456,73888,22.90462086784343,2.849188995361328
fits,row,kan_signed,64,2000,test_long,output_nmse,14,0,3,8,1.6895288079977036,0.03480653193904019,73888,22.90462086784343,2.849188995361328
fits,row,kan_signed,64,2000,test_long,output_nmse,14,6,3,8,1.2280608440438907,0.035669382951716316,73888,22.90462086784343,2.849188995361328
fits,row,kan_signed,64,2000,test_long,output_nmse,27,0,3,8,0.33587553972999257,0.2058693092132673,73888,22.90462086784343,2.849188995361328
fits,row,kan_signed,64,2000,test_long,output_nmse,27,6,3,8,0.3545459881424904,0.0023561837959789117,73888,22.90462086784343,2.849188995361328
fits,row,kan_signed,64,2000,test_long,row_l1,0,0,3,8,1.230173374215762,0.008651115884963437,73888,22.90462086784343,2.849188995361328
fits,row,kan_signed,64,2000,test_long,row_l1,0,6,3,8,2.0188642839590707,0.00972813729539087,73888,22.90462086784343,2.849188995361328
fits,row,kan_signed,64,2000,test_long,row_l1,14,0,3,8,1.697772850592931,0.10208535502350395,73888,22.90462086784343,2.849188995361328
fits,row,kan_signed,64,2000,test_long,row_l1,14,6,3,8,1.431699126958847,0.016209205529328405,73888,22.90462086784343,2.849188995361328
fits,row,kan_signed,64,2000,test_long,row_l1,27,0,3,8,1.3134720573822658,0.02813115816564386,73888,22.90462086784343,2.849188995361328
fits,row,kan_signed,64,2000,test_long,row_l1,27,6,3,8,1.3293012082576752,0.012093135802751417,73888,22.90462086784343,2.849188995361328
fits,row,kan_signed,64,2000,test_long,negative_fraction,0,0,3,8,0.016985014275026817,0.0020912276797310984,73888,22.90462086784343,2.849188995361328
fits,row,kan_signed,64,2000,test_long,negative_fraction,0,6,3,8,0.12201374396681786,0.010262181263760559,73888,22.90462086784343,2.849188995361328
fits,row,kan_signed,64,2000,test_long,negative_fraction,14,0,3,8,0.1946009397506714,0.009123510147770264,73888,22.90462086784343,2.849188995361328
fits,row,kan_signed,64,2000,test_long,negative_fraction,14,6,3,8,0.08406686751792829,0.023330838049215992,73888,22.90462086784343,2.849188995361328
fits,row,kan_signed,64,2000,test_long,negative_fraction,27,0,3,8,0.19424985783795515,0.021995213546715773,73888,22.90462086784343,2.849188995361328
fits,row,kan_signed,64,2000,test_long,negative_fraction,27,6,3,8,0.17625436869760355,0.010427700743422951,73888,22.90462086784343,2.849188995361328
fits,row,kan_signed,64,2000,test_long,nonpositive_denominator_fraction,0,0,3,8,0.0,0.0,73888,22.90462086784343,2.849188995361328
fits,row,kan_signed,64,2000,test_long,nonpositive_denominator_fraction,0,6,3,8,0.0,0.0,73888,22.90462086784343,2.849188995361328
fits,row,kan_signed,64,2000,test_long,nonpositive_denominator_fraction,14,0,3,8,0.0,0.0,73888,22.90462086784343,2.849188995361328
fits,row,kan_signed,64,2000,test_long,nonpositive_denominator_fraction,14,6,3,8,0.0,0.0,73888,22.90462086784343,2.849188995361328
fits,row,kan_signed,64,2000,test_long,nonpositive_denominator_fraction,27,0,3,8,8.138020833333333e-05,0.0001409546555638735,73888,22.90462086784343,2.849188995361328
fits,row,kan_signed,64,2000,test_long,nonpositive_denominator_fraction,27,6,3,8,0.0,0.0,73888,22.90462086784343,2.849188995361328
fits,row,kan_signed,64,2000,test_long,top1_agreement,0,0,3,8,0.0,0.0,73888,22.90462086784343,2.849188995361328
fits,row,kan_signed,64,2000,test_long,top1_agreement,0,6,3,8,0.0,0.0,73888,22.90462086784343,2.849188995361328
fits,row,kan_signed,64,2000,test_long,top1_agreement,14,0,3,8,0.8330891927083334,0.000372930964758776,73888,22.90462086784343,2.849188995361328
fits,row,kan_signed,64,2000,test_long,top1_agreement,14,6,3,8,0.8819173177083334,0.000372930964758776,73888,22.90462086784343,2.849188995361328
fits,row,kan_signed,64,2000,test_long,top1_agreement,27,0,3,8,0.079833984375,0.0020859384143841627,73888,22.90462086784343,2.849188995361328
fits,row,kan_signed,64,2000,test_long,top1_agreement,27,6,3,8,0.006673177083333333,0.005328384288694939,73888,22.90462086784343,2.849188995361328
fits,row,kan_signed,64,2000,ood,kernel_nmse,0,0,3,8,0.7042064890265465,0.013989453014652733,73888,22.90462086784343,2.849188995361328
fits,row,kan_signed,64,2000,ood,kernel_nmse,0,6,3,8,0.94619998584191,0.002319083135705637,73888,22.90462086784343,2.849188995361328
fits,row,kan_signed,64,2000,ood,kernel_nmse,14,0,3,8,0.13481499960956475,0.001333390771280627,73888,22.90462086784343,2.849188995361328
fits,row,kan_signed,64,2000,ood,kernel_nmse,14,6,3,8,0.14003556407988071,0.0021011106796671075,73888,22.90462086784343,2.849188995361328
fits,row,kan_signed,64,2000,ood,kernel_nmse,27,0,3,8,0.6505899702509245,0.008442768705439304,73888,22.90462086784343,2.849188995361328
fits,row,kan_signed,64,2000,ood,kernel_nmse,27,6,3,8,0.6457632879416147,0.005181427792593003,73888,22.90462086784343,2.849188995361328
fits,row,kan_signed,64,2000,ood,attention_nmse,0,0,3,8,3.9202237501740456,0.9652758362629124,73888,22.90462086784343,2.849188995361328
fits,row,kan_signed,64,2000,ood,attention_nmse,0,6,3,8,124.08184644579887,209.94878829778878,73888,22.90462086784343,2.849188995361328
fits,row,kan_signed,64,2000,ood,attention_nmse,14,0,3,8,0.19539531180635095,0.059878195337186475,73888,22.90462086784343,2.849188995361328
fits,row,kan_signed,64,2000,ood,attention_nmse,14,6,3,8,0.15691834688186646,0.015494920642141152,73888,22.90462086784343,2.849188995361328
fits,row,kan_signed,64,2000,ood,attention_nmse,27,0,3,8,0.6247294296820959,0.0015379437366094056,73888,22.90462086784343,2.849188995361328
fits,row,kan_signed,64,2000,ood,attention_nmse,27,6,3,8,0.6333800765375296,0.05189906140616123,73888,22.90462086784343,2.849188995361328
fits,row,kan_signed,64,2000,ood,output_nmse,0,0,3,8,0.6087750238366425,0.11880811334288131,73888,22.90462086784343,2.849188995361328
fits,row,kan_signed,64,2000,ood,output_nmse,0,6,3,8,290.1484559625387,475.3604232693419,73888,22.90462086784343,2.849188995361328
fits,row,kan_signed,64,2000,ood,output_nmse,14,0,3,8,0.8381106778979301,0.0853754890752104,73888,22.90462086784343,2.849188995361328
fits,row,kan_signed,64,2000,ood,output_nmse,14,6,3,8,0.5793891735374928,0.022766858500501988,73888,22.90462086784343,2.849188995361328
fits,row,kan_signed,64,2000,ood,output_nmse,27,0,3,8,0.1557102327545484,0.002021744120083941,73888,22.90462086784343,2.849188995361328
fits,row,kan_signed,64,2000,ood,output_nmse,27,6,3,8,0.27263808343559504,0.03317923150825765,73888,22.90462086784343,2.849188995361328
fits,row,kan_signed,64,2000,ood,row_l1,0,0,3,8,1.0020287483930588,0.026891050250862504,73888,22.90462086784343,2.849188995361328
fits,row,kan_signed,64,2000,ood,row_l1,0,6,3,8,7.589064260323842,4.055111703251741,73888,22.90462086784343,2.849188995361328
fits,row,kan_signed,64,2000,ood,row_l1,14,0,3,8,0.8583762968579928,0.09322895916061963,73888,22.90462086784343,2.849188995361328
fits,row,kan_signed,64,2000,ood,row_l1,14,6,3,8,0.8571222672859827,0.03503222568542786,73888,22.90462086784343,2.849188995361328
fits,row,kan_signed,64,2000,ood,row_l1,27,0,3,8,0.9230088864763578,0.016793516443751644,73888,22.90462086784343,2.849188995361328
fits,row,kan_signed,64,2000,ood,row_l1,27,6,3,8,0.9019824241598448,0.022155863297257328,73888,22.90462086784343,2.849188995361328
fits,row,kan_signed,64,2000,ood,negative_fraction,0,0,3,8,0.20582733117043972,0.03334448093311155,73888,22.90462086784343,2.849188995361328
fits,row,kan_signed,64,2000,ood,negative_fraction,0,6,3,8,0.47424657518665,0.03629961169422322,73888,22.90462086784343,2.849188995361328
fits,row,kan_signed,64,2000,ood,negative_fraction,14,0,3,8,0.3530926803747813,0.09087376941700182,73888,22.90462086784343,2.849188995361328
fits,row,kan_signed,64,2000,ood,negative_fraction,14,6,3,8,0.18240698675314584,0.07858673869040479,73888,22.90462086784343,2.849188995361328
fits,row,kan_signed,64,2000,ood,negative_fraction,27,0,3,8,0.24398315946261087,0.01975893100641715,73888,22.90462086784343,2.849188995361328
fits,row,kan_signed,64,2000,ood,negative_fraction,27,6,3,8,0.20222881063818932,0.011183392865637288,73888,22.90462086784343,2.849188995361328
fits,row,kan_signed,64,2000,ood,nonpositive_denominator_fraction,0,0,3,8,0.001708984375,0.0012918707573557572,73888,22.90462086784343,2.849188995361328
fits,row,kan_signed,64,2000,ood,nonpositive_denominator_fraction,0,6,3,8,0.027180989583333332,0.012102416305352411,73888,22.90462086784343,2.849188995361328
fits,row,kan_signed,64,2000,ood,nonpositive_denominator_fraction,14,0,3,8,0.0,0.0,73888,22.90462086784343,2.849188995361328
fits,row,kan_signed,64,2000,ood,nonpositive_denominator_fraction,14,6,3,8,0.0,0.0,73888,22.90462086784343,2.849188995361328
fits,row,kan_signed,64,2000,ood,nonpositive_denominator_fraction,27,0,3,8,0.0,0.0,73888,22.90462086784343,2.849188995361328
fits,row,kan_signed,64,2000,ood,nonpositive_denominator_fraction,27,6,3,8,0.0,0.0,73888,22.90462086784343,2.849188995361328
fits,row,kan_signed,64,2000,ood,top1_agreement,0,0,3,8,0.24650065104166666,0.005029138852695434,73888,22.90462086784343,2.849188995361328
fits,row,kan_signed,64,2000,ood,top1_agreement,0,6,3,8,0.2704264322916667,0.012459147772221112,73888,22.90462086784343,2.849188995361328
fits,row,kan_signed,64,2000,ood,top1_agreement,14,0,3,8,0.855712890625,0.0,73888,22.90462086784343,2.849188995361328
fits,row,kan_signed,64,2000,ood,top1_agreement,14,6,3,8,0.8994140625,0.0,73888,22.90462086784343,2.849188995361328
fits,row,kan_signed,64,2000,ood,top1_agreement,27,0,3,8,0.21061197916666666,0.005221033506622864,73888,22.90462086784343,2.849188995361328
fits,row,kan_signed,64,2000,ood,top1_agreement,27,6,3,8,0.17057291666666666,0.00993605354066553,73888,22.90462086784343,2.849188995361328
fits,row,kan_signed,64,2000,test_block,kernel_nmse,0,0,3,20,0.59615674863259,0.006651144179024615,73888,22.90462086784343,2.849188995361328
fits,row,kan_signed,64,2000,test_block,kernel_nmse,0,6,3,20,1.0063126206398012,0.0016118455106868847,73888,22.90462086784343,2.849188995361328
fits,row,kan_signed,64,2000,test_block,kernel_nmse,14,0,3,20,0.19670330956578255,0.004321813335934397,73888,22.90462086784343,2.849188995361328
fits,row,kan_signed,64,2000,test_block,kernel_nmse,14,6,3,20,0.13217989864448706,0.008679796605465827,73888,22.90462086784343,2.849188995361328
fits,row,kan_signed,64,2000,test_block,kernel_nmse,27,0,3,20,0.5754487216472626,0.005925780761042523,73888,22.90462086784343,2.849188995361328
fits,row,kan_signed,64,2000,test_block,kernel_nmse,27,6,3,20,0.5902864456176758,0.006514939240519267,73888,22.90462086784343,2.849188995361328
fits,row,kan_signed,64,2000,test_block,attention_nmse,0,0,3,20,371.1728232150276,541.1297523947661,73888,22.90462086784343,2.849188995361328
fits,row,kan_signed,64,2000,test_block,attention_nmse,0,6,3,20,8064.4657844622925,12447.254737140129,73888,22.90462086784343,2.849188995361328
fits,row,kan_signed,64,2000,test_block,attention_nmse,14,0,3,20,0.07269985725482304,0.00486774282055674,73888,22.90462086784343,2.849188995361328
fits,row,kan_signed,64,2000,test_block,attention_nmse,14,6,3,20,0.08153240028768777,0.0021539362146445347,73888,22.90462086784343,2.849188995361328
fits,row,kan_signed,64,2000,test_block,attention_nmse,27,0,3,20,1.0660325254003207,0.6515641409366861,73888,22.90462086784343,2.849188995361328
fits,row,kan_signed,64,2000,test_block,attention_nmse,27,6,3,20,1.1967372968792915,0.9778923990218135,73888,22.90462086784343,2.849188995361328
fits,row,kan_signed,64,2000,test_block,output_nmse,0,0,3,20,55.55185598811756,79.86457380699906,73888,22.90462086784343,2.849188995361328
fits,row,kan_signed,64,2000,test_block,output_nmse,0,6,3,20,112746.02912705741,179128.5194338179,73888,22.90462086784343,2.849188995361328
fits,row,kan_signed,64,2000,test_block,output_nmse,14,0,3,20,0.9848184456427891,0.037365473043693656,73888,22.90462086784343,2.849188995361328
fits,row,kan_signed,64,2000,test_block,output_nmse,14,6,3,20,0.3411047672231992,0.006711211111394691,73888,22.90462086784343,2.849188995361328
fits,row,kan_signed,64,2000,test_block,output_nmse,27,0,3,20,0.3218448797861735,0.17942330681432211,73888,22.90462086784343,2.849188995361328
fits,row,kan_signed,64,2000,test_block,output_nmse,27,6,3,20,0.7263012290000915,0.6293194151026327,73888,22.90462086784343,2.849188995361328
fits,row,kan_signed,64,2000,test_block,row_l1,0,0,3,20,1.401706898212433,0.18734574322514277,73888,22.90462086784343,2.849188995361328
fits,row,kan_signed,64,2000,test_block,row_l1,0,6,3,20,20.784504326184592,9.464329302339609,73888,22.90462086784343,2.849188995361328
fits,row,kan_signed,64,2000,test_block,row_l1,14,0,3,20,0.4761208618680636,0.0459931762603822,73888,22.90462086784343,2.849188995361328
fits,row,kan_signed,64,2000,test_block,row_l1,14,6,3,20,0.6037620519598326,0.02013264805885008,73888,22.90462086784343,2.849188995361328
fits,row,kan_signed,64,2000,test_block,row_l1,27,0,3,20,1.0253307272990544,0.07871223686848257,73888,22.90462086784343,2.849188995361328
fits,row,kan_signed,64,2000,test_block,row_l1,27,6,3,20,0.990309609969457,0.07538532914362214,73888,22.90462086784343,2.849188995361328
fits,row,kan_signed,64,2000,test_block,negative_fraction,0,0,3,20,0.24193178812662763,0.04570931890238332,73888,22.90462086784343,2.849188995361328
fits,row,kan_signed,64,2000,test_block,negative_fraction,0,6,3,20,0.5240319569905598,0.05324405443373124,73888,22.90462086784343,2.849188995361328
fits,row,kan_signed,64,2000,test_block,negative_fraction,14,0,3,20,0.3321414947509766,0.11878232145546436,73888,22.90462086784343,2.849188995361328
fits,row,kan_signed,64,2000,test_block,negative_fraction,14,6,3,20,0.20007031758626304,0.06147911924494848,73888,22.90462086784343,2.849188995361328
fits,row,kan_signed,64,2000,test_block,negative_fraction,27,0,3,20,0.26849581400553385,0.03661224168659092,73888,22.90462086784343,2.849188995361328
fits,row,kan_signed,64,2000,test_block,negative_fraction,27,6,3,20,0.21341482798258463,0.02027860679282926,73888,22.90462086784343,2.849188995361328
fits,row,kan_signed,64,2000,test_block,nonpositive_denominator_fraction,0,0,3,20,0.012011718749999999,0.003519691658386738,73888,22.90462086784343,2.849188995361328
fits,row,kan_signed,64,2000,test_block,nonpositive_denominator_fraction,0,6,3,20,0.4984700520833334,0.10989692771812656,73888,22.90462086784343,2.849188995361328
fits,row,kan_signed,64,2000,test_block,nonpositive_denominator_fraction,14,0,3,20,0.0,0.0,73888,22.90462086784343,2.849188995361328
fits,row,kan_signed,64,2000,test_block,nonpositive_denominator_fraction,14,6,3,20,0.0,0.0,73888,22.90462086784343,2.849188995361328
fits,row,kan_signed,64,2000,test_block,nonpositive_denominator_fraction,27,0,3,20,0.00029296875,0.0004256737249551439,73888,22.90462086784343,2.849188995361328
fits,row,kan_signed,64,2000,test_block,nonpositive_denominator_fraction,27,6,3,20,0.0003255208333333333,0.000481726842023071,73888,22.90462086784343,2.849188995361328
fits,row,kan_signed,64,2000,test_block,top1_agreement,0,0,3,20,0.22473958333333333,0.0033833815497609837,73888,22.90462086784343,2.849188995361328
fits,row,kan_signed,64,2000,test_block,top1_agreement,0,6,3,20,0.003190104166666667,0.0008752818788898926,73888,22.90462086784343,2.849188995361328
fits,row,kan_signed,64,2000,test_block,top1_agreement,14,0,3,20,0.9560546875,0.0007751224544134416,73888,22.90462086784343,2.849188995361328
fits,row,kan_signed,64,2000,test_block,top1_agreement,14,6,3,20,0.9487630208333334,0.0013258731676052391,73888,22.90462086784343,2.849188995361328
fits,row,kan_signed,64,2000,test_block,top1_agreement,27,0,3,20,0.30511067708333334,0.0036648210446607104,73888,22.90462086784343,2.849188995361328
fits,row,kan_signed,64,2000,test_block,top1_agreement,27,6,3,20,0.2289713541666667,0.003698495452431106,73888,22.90462086784343,2.849188995361328
fits,row,mlp_positive,64,2000,validation,kernel_nmse,0,0,3,12,0.3794715454181035,0.005553504834810672,73854,10.053457506621877,0.43782756593492295
fits,row,mlp_positive,64,2000,validation,kernel_nmse,0,6,3,12,0.8428370041979684,0.001646252369383495,73854,10.053457506621877,0.43782756593492295
fits,row,mlp_positive,64,2000,validation,kernel_nmse,14,0,3,12,0.16304129672547182,0.0019261420104639882,73854,10.053457506621877,0.43782756593492295
fits,row,mlp_positive,64,2000,validation,kernel_nmse,14,6,3,12,0.1614510735703839,0.002057194754497787,73854,10.053457506621877,0.43782756593492295
fits,row,mlp_positive,64,2000,validation,kernel_nmse,27,0,3,12,0.5668191487590472,0.004782718249688632,73854,10.053457506621877,0.43782756593492295
fits,row,mlp_positive,64,2000,validation,kernel_nmse,27,6,3,12,0.5640307896667057,0.0028039446044011863,73854,10.053457506621877,0.43782756593492295
fits,row,mlp_positive,64,2000,validation,attention_nmse,0,0,3,12,0.3814505669805739,0.010647426269091497,73854,10.053457506621877,0.43782756593492295
fits,row,mlp_positive,64,2000,validation,attention_nmse,0,6,3,12,0.8820923152897092,0.0010790765059609869,73854,10.053457506621877,0.43782756593492295
fits,row,mlp_positive,64,2000,validation,attention_nmse,14,0,3,12,0.2218514099303219,0.0642090390435634,73854,10.053457506621877,0.43782756593492295
fits,row,mlp_positive,64,2000,validation,attention_nmse,14,6,3,12,0.2978424609949191,0.01915548082666405,73854,10.053457506621877,0.43782756593492295
fits,row,mlp_positive,64,2000,validation,attention_nmse,27,0,3,12,0.5473843324515554,0.0036407784858636166,73854,10.053457506621877,0.43782756593492295
fits,row,mlp_positive,64,2000,validation,attention_nmse,27,6,3,12,0.5395293889774216,0.0011245408923224898,73854,10.053457506621877,0.43782756593492295
fits,row,mlp_positive,64,2000,validation,output_nmse,0,0,3,12,0.011222488764259549,0.00074719126256787,73854,10.053457506621877,0.43782756593492295
fits,row,mlp_positive,64,2000,validation,output_nmse,0,6,3,12,0.7218692037794326,0.002200515649143778,73854,10.053457506621877,0.43782756593492295
fits,row,mlp_positive,64,2000,validation,output_nmse,14,0,3,12,0.8376223097244898,0.13579886513875908,73854,10.053457506621877,0.43782756593492295
fits,row,mlp_positive,64,2000,validation,output_nmse,14,6,3,12,0.7706845684183968,0.014122110646781554,73854,10.053457506621877,0.43782756593492295
fits,row,mlp_positive,64,2000,validation,output_nmse,27,0,3,12,0.1315308397428857,0.0025245029266518443,73854,10.053457506621877,0.43782756593492295
fits,row,mlp_positive,64,2000,validation,output_nmse,27,6,3,12,0.22723498940467834,0.0007691105514846056,73854,10.053457506621877,0.43782756593492295
fits,row,mlp_positive,64,2000,validation,row_l1,0,0,3,12,0.49389970550934476,0.0050118716939938045,73854,10.053457506621877,0.43782756593492295
fits,row,mlp_positive,64,2000,validation,row_l1,0,6,3,12,1.836796114842097,0.0017521980454438988,73854,10.053457506621877,0.43782756593492295
fits,row,mlp_positive,64,2000,validation,row_l1,14,0,3,12,0.6139416462845272,0.01789846845574131,73854,10.053457506621877,0.43782756593492295
fits,row,mlp_positive,64,2000,validation,row_l1,14,6,3,12,0.8891959372493955,0.0072703921547821754,73854,10.053457506621877,0.43782756593492295
fits,row,mlp_positive,64,2000,validation,row_l1,27,0,3,12,0.7444613758060666,0.0034940346594953806,73854,10.053457506621877,0.43782756593492295
fits,row,mlp_positive,64,2000,validation,row_l1,27,6,3,12,0.723780944943428,0.002551436450291036,73854,10.053457506621877,0.43782756593492295
fits,row,mlp_positive,64,2000,validation,negative_fraction,0,0,3,12,0.0,0.0,73854,10.053457506621877,0.43782756593492295
fits,row,mlp_positive,64,2000,validation,negative_fraction,0,6,3,12,0.0,0.0,73854,10.053457506621877,0.43782756593492295
fits,row,mlp_positive,64,2000,validation,negative_fraction,14,0,3,12,0.0,0.0,73854,10.053457506621877,0.43782756593492295
fits,row,mlp_positive,64,2000,validation,negative_fraction,14,6,3,12,0.0,0.0,73854,10.053457506621877,0.43782756593492295
fits,row,mlp_positive,64,2000,validation,negative_fraction,27,0,3,12,0.0,0.0,73854,10.053457506621877,0.43782756593492295
fits,row,mlp_positive,64,2000,validation,negative_fraction,27,6,3,12,0.0,0.0,73854,10.053457506621877,0.43782756593492295
fits,row,mlp_positive,64,2000,validation,nonpositive_denominator_fraction,0,0,3,12,0.0,0.0,73854,10.053457506621877,0.43782756593492295
fits,row,mlp_positive,64,2000,validation,nonpositive_denominator_fraction,0,6,3,12,0.0,0.0,73854,10.053457506621877,0.43782756593492295
fits,row,mlp_positive,64,2000,validation,nonpositive_denominator_fraction,14,0,3,12,0.0,0.0,73854,10.053457506621877,0.43782756593492295
fits,row,mlp_positive,64,2000,validation,nonpositive_denominator_fraction,14,6,3,12,0.0,0.0,73854,10.053457506621877,0.43782756593492295
fits,row,mlp_positive,64,2000,validation,nonpositive_denominator_fraction,27,0,3,12,0.0,0.0,73854,10.053457506621877,0.43782756593492295
fits,row,mlp_positive,64,2000,validation,nonpositive_denominator_fraction,27,6,3,12,0.0,0.0,73854,10.053457506621877,0.43782756593492295
fits,row,mlp_positive,64,2000,validation,top1_agreement,0,0,3,12,0.5303819444444444,0.005826125763306792,73854,10.053457506621877,0.43782756593492295
fits,row,mlp_positive,64,2000,validation,top1_agreement,0,6,3,12,0.4280056423611111,0.014123003123019501,73854,10.053457506621877,0.43782756593492295
fits,row,mlp_positive,64,2000,validation,top1_agreement,14,0,3,12,0.8299153645833334,0.0,73854,10.053457506621877,0.43782756593492295
fits,row,mlp_positive,64,2000,validation,top1_agreement,14,6,3,12,0.8766276041666666,0.0,73854,10.053457506621877,0.43782756593492295
fits,row,mlp_positive,64,2000,validation,top1_agreement,27,0,3,12,0.2984483506944444,0.004298025677156772,73854,10.053457506621877,0.43782756593492295
fits,row,mlp_positive,64,2000,validation,top1_agreement,27,6,3,12,0.2624782986111111,0.0013552513017357486,73854,10.053457506621877,0.43782756593492295
fits,row,mlp_positive,64,2000,test,kernel_nmse,0,0,3,20,0.3849083667000135,0.006417595649991454,73854,10.053457506621877,0.43782756593492295
fits,row,mlp_positive,64,2000,test,kernel_nmse,0,6,3,20,0.8467734674612681,0.0012321796788910874,73854,10.053457506621877,0.43782756593492295
fits,row,mlp_positive,64,2000,test,kernel_nmse,14,0,3,20,0.1581064117451509,0.0014480869854403377,73854,10.053457506621877,0.43782756593492295
fits,row,mlp_positive,64,2000,test,kernel_nmse,14,6,3,20,0.1464550618082285,0.002203485041646998,73854,10.053457506621877,0.43782756593492295
fits,row,mlp_positive,64,2000,test,kernel_nmse,27,0,3,20,0.5248318538069724,0.002665147367070139,73854,10.053457506621877,0.43782756593492295
fits,row,mlp_positive,64,2000,test,kernel_nmse,27,6,3,20,0.5354122772812844,0.002393409299741887,73854,10.053457506621877,0.43782756593492295
fits,row,mlp_positive,64,2000,test,attention_nmse,0,0,3,20,0.3851166099309921,0.010006030934203823,73854,10.053457506621877,0.43782756593492295
fits,row,mlp_positive,64,2000,test,attention_nmse,0,6,3,20,0.8833493053913116,0.0009430892241467848,73854,10.053457506621877,0.43782756593492295
fits,row,mlp_positive,64,2000,test,attention_nmse,14,0,3,20,0.2185655529300372,0.06663635737899647,73854,10.053457506621877,0.43782756593492295
fits,row,mlp_positive,64,2000,test,attention_nmse,14,6,3,20,0.24146272701521712,0.002882122623266775,73854,10.053457506621877,0.43782756593492295
fits,row,mlp_positive,64,2000,test,attention_nmse,27,0,3,20,0.508340352276961,0.0023219400840416293,73854,10.053457506621877,0.43782756593492295
fits,row,mlp_positive,64,2000,test,attention_nmse,27,6,3,20,0.5104785218834876,0.0016220006556841074,73854,10.053457506621877,0.43782756593492295
fits,row,mlp_positive,64,2000,test,output_nmse,0,0,3,20,0.009475668737043938,0.0005915085628905906,73854,10.053457506621877,0.43782756593492295
fits,row,mlp_positive,64,2000,test,output_nmse,0,6,3,20,0.7264905780553818,0.0021460061058845925,73854,10.053457506621877,0.43782756593492295
fits,row,mlp_positive,64,2000,test,output_nmse,14,0,3,20,0.8278480847676596,0.1443335777413003,73854,10.053457506621877,0.43782756593492295
fits,row,mlp_positive,64,2000,test,output_nmse,14,6,3,20,0.7263733421762785,0.0016903515108012035,73854,10.053457506621877,0.43782756593492295
fits,row,mlp_positive,64,2000,test,output_nmse,27,0,3,20,0.11192664944877227,0.0010308217765482867,73854,10.053457506621877,0.43782756593492295
fits,row,mlp_positive,64,2000,test,output_nmse,27,6,3,20,0.22116049180428185,0.0022225051668545103,73854,10.053457506621877,0.43782756593492295
fits,row,mlp_positive,64,2000,test,row_l1,0,0,3,20,0.4952441220482191,0.005834452133846655,73854,10.053457506621877,0.43782756593492295
fits,row,mlp_positive,64,2000,test,row_l1,0,6,3,20,1.838291174173355,0.0015675970964363413,73854,10.053457506621877,0.43782756593492295
fits,row,mlp_positive,64,2000,test,row_l1,14,0,3,20,0.6187427292267481,0.020343290831946383,73854,10.053457506621877,0.43782756593492295
fits,row,mlp_positive,64,2000,test,row_l1,14,6,3,20,0.858146866162618,0.0066824604470022714,73854,10.053457506621877,0.43782756593492295
fits,row,mlp_positive,64,2000,test,row_l1,27,0,3,20,0.7135517120361329,0.001541809436403873,73854,10.053457506621877,0.43782756593492295
fits,row,mlp_positive,64,2000,test,row_l1,27,6,3,20,0.7041661570469538,0.0055167919871156115,73854,10.053457506621877,0.43782756593492295
fits,row,mlp_positive,64,2000,test,negative_fraction,0,0,3,20,0.0,0.0,73854,10.053457506621877,0.43782756593492295
fits,row,mlp_positive,64,2000,test,negative_fraction,0,6,3,20,0.0,0.0,73854,10.053457506621877,0.43782756593492295
fits,row,mlp_positive,64,2000,test,negative_fraction,14,0,3,20,0.0,0.0,73854,10.053457506621877,0.43782756593492295
fits,row,mlp_positive,64,2000,test,negative_fraction,14,6,3,20,0.0,0.0,73854,10.053457506621877,0.43782756593492295
fits,row,mlp_positive,64,2000,test,negative_fraction,27,0,3,20,0.0,0.0,73854,10.053457506621877,0.43782756593492295
fits,row,mlp_positive,64,2000,test,negative_fraction,27,6,3,20,0.0,0.0,73854,10.053457506621877,0.43782756593492295
fits,row,mlp_positive,64,2000,test,nonpositive_denominator_fraction,0,0,3,20,0.0,0.0,73854,10.053457506621877,0.43782756593492295
fits,row,mlp_positive,64,2000,test,nonpositive_denominator_fraction,0,6,3,20,0.0,0.0,73854,10.053457506621877,0.43782756593492295
fits,row,mlp_positive,64,2000,test,nonpositive_denominator_fraction,14,0,3,20,0.0,0.0,73854,10.053457506621877,0.43782756593492295
fits,row,mlp_positive,64,2000,test,nonpositive_denominator_fraction,14,6,3,20,0.0,0.0,73854,10.053457506621877,0.43782756593492295
fits,row,mlp_positive,64,2000,test,nonpositive_denominator_fraction,27,0,3,20,0.0,0.0,73854,10.053457506621877,0.43782756593492295
fits,row,mlp_positive,64,2000,test,nonpositive_denominator_fraction,27,6,3,20,0.0,0.0,73854,10.053457506621877,0.43782756593492295
fits,row,mlp_positive,64,2000,test,top1_agreement,0,0,3,20,0.5124023437499999,0.00735799503549594,73854,10.053457506621877,0.43782756593492295
fits,row,mlp_positive,64,2000,test,top1_agreement,0,6,3,20,0.4257486979166667,0.007982365563759248,73854,10.053457506621877,0.43782756593492295
fits,row,mlp_positive,64,2000,test,top1_agreement,14,0,3,20,0.82802734375,0.0,73854,10.053457506621877,0.43782756593492295
fits,row,mlp_positive,64,2000,test,top1_agreement,14,6,3,20,0.89365234375,0.0,73854,10.053457506621877,0.43782756593492295
fits,row,mlp_positive,64,2000,test,top1_agreement,27,0,3,20,0.2883138020833333,0.0014396708585609171,73854,10.053457506621877,0.43782756593492295
fits,row,mlp_positive,64,2000,test,top1_agreement,27,6,3,20,0.2722981770833333,0.0062089205811903135,73854,10.053457506621877,0.43782756593492295
fits,row,mlp_positive,64,2000,test_long,kernel_nmse,0,0,3,8,5.733095705509186,0.7697448039468968,73854,10.053457506621877,0.43782756593492295
fits,row,mlp_positive,64,2000,test_long,kernel_nmse,0,6,3,8,10.706711451212565,1.1869707169248191,73854,10.053457506621877,0.43782756593492295
fits,row,mlp_positive,64,2000,test_long,kernel_nmse,14,0,3,8,3.103678271174431,0.6995197675584142,73854,10.053457506621877,0.43782756593492295
fits,row,mlp_positive,64,2000,test_long,kernel_nmse,14,6,3,8,0.5824558734893799,0.02588964669941936,73854,10.053457506621877,0.43782756593492295
fits,row,mlp_positive,64,2000,test_long,kernel_nmse,27,0,3,8,1.058236154417197,0.04025919309816805,73854,10.053457506621877,0.43782756593492295
fits,row,mlp_positive,64,2000,test_long,kernel_nmse,27,6,3,8,1.1764212101697922,0.00723075038396897,73854,10.053457506621877,0.43782756593492295
fits,row,mlp_positive,64,2000,test_long,attention_nmse,0,0,3,8,0.9578829581538836,0.007973651998401454,73854,10.053457506621877,0.43782756593492295
fits,row,mlp_positive,64,2000,test_long,attention_nmse,0,6,3,8,1.0010246982177098,0.00031438046267083796,73854,10.053457506621877,0.43782756593492295
fits,row,mlp_positive,64,2000,test_long,attention_nmse,14,0,3,8,0.9668067172169685,0.004749561625873247,73854,10.053457506621877,0.43782756593492295
fits,row,mlp_positive,64,2000,test_long,attention_nmse,14,6,3,8,0.8474364280700684,0.01245606554800937,73854,10.053457506621877,0.43782756593492295
fits,row,mlp_positive,64,2000,test_long,attention_nmse,27,0,3,8,0.8803120528658231,0.01725439453724827,73854,10.053457506621877,0.43782756593492295
fits,row,mlp_positive,64,2000,test_long,attention_nmse,27,6,3,8,0.8964878842234612,0.017798312602041618,73854,10.053457506621877,0.43782756593492295
fits,row,mlp_positive,64,2000,test_long,output_nmse,0,0,3,8,0.04154875447663168,0.00417539754096435,73854,10.053457506621877,0.43782756593492295
fits,row,mlp_positive,64,2000,test_long,output_nmse,0,6,3,8,0.8992563510934511,0.004537892350341713,73854,10.053457506621877,0.43782756593492295
fits,row,mlp_positive,64,2000,test_long,output_nmse,14,0,3,8,2.4078615556160607,0.011067433147048373,73854,10.053457506621877,0.43782756593492295
fits,row,mlp_positive,64,2000,test_long,output_nmse,14,6,3,8,1.8373712847630184,0.023591236661033695,73854,10.053457506621877,0.43782756593492295
fits,row,mlp_positive,64,2000,test_long,output_nmse,27,0,3,8,0.1897619633624951,0.0057069395745502636,73854,10.053457506621877,0.43782756593492295
fits,row,mlp_positive,64,2000,test_long,output_nmse,27,6,3,8,0.2841948152830203,0.006612726796881739,73854,10.053457506621877,0.43782756593492295
fits,row,mlp_positive,64,2000,test_long,row_l1,0,0,3,8,1.1491233607133229,0.016554399231574854,73854,10.053457506621877,0.43782756593492295
fits,row,mlp_positive,64,2000,test_long,row_l1,0,6,3,8,1.9972183207670848,0.00035670091791416156,73854,10.053457506621877,0.43782756593492295
fits,row,mlp_positive,64,2000,test_long,row_l1,14,0,3,8,1.869817132751147,0.0041888580352800395,73854,10.053457506621877,0.43782756593492295
fits,row,mlp_positive,64,2000,test_long,row_l1,14,6,3,8,1.6416729738314946,0.008177335915484139,73854,10.053457506621877,0.43782756593492295
fits,row,mlp_positive,64,2000,test_long,row_l1,27,0,3,8,1.2116694450378418,0.019608203175121915,73854,10.053457506621877,0.43782756593492295
fits,row,mlp_positive,64,2000,test_long,row_l1,27,6,3,8,1.1254586751262348,0.02141529675796514,73854,10.053457506621877,0.43782756593492295
fits,row,mlp_positive,64,2000,test_long,negative_fraction,0,0,3,8,0.0,0.0,73854,10.053457506621877,0.43782756593492295
fits,row,mlp_positive,64,2000,test_long,negative_fraction,0,6,3,8,0.0,0.0,73854,10.053457506621877,0.43782756593492295
fits,row,mlp_positive,64,2000,test_long,negative_fraction,14,0,3,8,0.0,0.0,73854,10.053457506621877,0.43782756593492295
fits,row,mlp_positive,64,2000,test_long,negative_fraction,14,6,3,8,0.0,0.0,73854,10.053457506621877,0.43782756593492295
fits,row,mlp_positive,64,2000,test_long,negative_fraction,27,0,3,8,0.0,0.0,73854,10.053457506621877,0.43782756593492295
fits,row,mlp_positive,64,2000,test_long,negative_fraction,27,6,3,8,0.0,0.0,73854,10.053457506621877,0.43782756593492295
fits,row,mlp_positive,64,2000,test_long,nonpositive_denominator_fraction,0,0,3,8,0.0,0.0,73854,10.053457506621877,0.43782756593492295
fits,row,mlp_positive,64,2000,test_long,nonpositive_denominator_fraction,0,6,3,8,0.0,0.0,73854,10.053457506621877,0.43782756593492295
fits,row,mlp_positive,64,2000,test_long,nonpositive_denominator_fraction,14,0,3,8,0.0,0.0,73854,10.053457506621877,0.43782756593492295
fits,row,mlp_positive,64,2000,test_long,nonpositive_denominator_fraction,14,6,3,8,0.0,0.0,73854,10.053457506621877,0.43782756593492295
fits,row,mlp_positive,64,2000,test_long,nonpositive_denominator_fraction,27,0,3,8,0.0,0.0,73854,10.053457506621877,0.43782756593492295
fits,row,mlp_positive,64,2000,test_long,nonpositive_denominator_fraction,27,6,3,8,0.0,0.0,73854,10.053457506621877,0.43782756593492295
fits,row,mlp_positive,64,2000,test_long,top1_agreement,0,0,3,8,0.0,0.0,73854,10.053457506621877,0.43782756593492295
fits,row,mlp_positive,64,2000,test_long,top1_agreement,0,6,3,8,0.0,0.0,73854,10.053457506621877,0.43782756593492295
fits,row,mlp_positive,64,2000,test_long,top1_agreement,14,0,3,8,0.833984375,0.0,73854,10.053457506621877,0.43782756593492295
fits,row,mlp_positive,64,2000,test_long,top1_agreement,14,6,3,8,0.88232421875,0.0,73854,10.053457506621877,0.43782756593492295
fits,row,mlp_positive,64,2000,test_long,top1_agreement,27,0,3,8,0.10563151041666667,0.012411215505120136,73854,10.053457506621877,0.43782756593492295
fits,row,mlp_positive,64,2000,test_long,top1_agreement,27,6,3,8,0.035237630208333336,0.0027222865696090058,73854,10.053457506621877,0.43782756593492295
fits,row,mlp_positive,64,2000,ood,kernel_nmse,0,0,3,8,0.5231353069345156,0.013537426763778084,73854,10.053457506621877,0.43782756593492295
fits,row,mlp_positive,64,2000,ood,kernel_nmse,0,6,3,8,0.871423122783502,0.0018227256566491117,73854,10.053457506621877,0.43782756593492295
fits,row,mlp_positive,64,2000,ood,kernel_nmse,14,0,3,8,0.14687407047798237,0.0030092272839298017,73854,10.053457506621877,0.43782756593492295
fits,row,mlp_positive,64,2000,ood,kernel_nmse,14,6,3,8,0.15555987848589817,0.0023104420609259694,73854,10.053457506621877,0.43782756593492295
fits,row,mlp_positive,64,2000,ood,kernel_nmse,27,0,3,8,0.5924940357605616,0.008002331287496407,73854,10.053457506621877,0.43782756593492295
fits,row,mlp_positive,64,2000,ood,kernel_nmse,27,6,3,8,0.6549791892369589,0.0067560750590710044,73854,10.053457506621877,0.43782756593492295
fits,row,mlp_positive,64,2000,ood,attention_nmse,0,0,3,8,0.537483774125576,0.00588186720473339,73854,10.053457506621877,0.43782756593492295
fits,row,mlp_positive,64,2000,ood,attention_nmse,0,6,3,8,0.8967023268342018,0.0009681135826295033,73854,10.053457506621877,0.43782756593492295
fits,row,mlp_positive,64,2000,ood,attention_nmse,14,0,3,8,0.204880948488911,0.05783626188185161,73854,10.053457506621877,0.43782756593492295
fits,row,mlp_positive,64,2000,ood,attention_nmse,14,6,3,8,0.26550757822891075,0.014531704265280786,73854,10.053457506621877,0.43782756593492295
fits,row,mlp_positive,64,2000,ood,attention_nmse,27,0,3,8,0.5349485290547212,0.003661369538514295,73854,10.053457506621877,0.43782756593492295
fits,row,mlp_positive,64,2000,ood,attention_nmse,27,6,3,8,0.5293843373656273,0.004823362328354574,73854,10.053457506621877,0.43782756593492295
fits,row,mlp_positive,64,2000,ood,output_nmse,0,0,3,8,0.032546699551555015,0.0010680336660444506,73854,10.053457506621877,0.43782756593492295
fits,row,mlp_positive,64,2000,ood,output_nmse,0,6,3,8,0.7747788925965627,0.0007588504605558451,73854,10.053457506621877,0.43782756593492295
fits,row,mlp_positive,64,2000,ood,output_nmse,14,0,3,8,0.8619172126054764,0.11931965939453178,73854,10.053457506621877,0.43782756593492295
fits,row,mlp_positive,64,2000,ood,output_nmse,14,6,3,8,0.7643487627307574,0.01508177372427249,73854,10.053457506621877,0.43782756593492295
fits,row,mlp_positive,64,2000,ood,output_nmse,27,0,3,8,0.12191405271490414,0.0015046561656415773,73854,10.053457506621877,0.43782756593492295
fits,row,mlp_positive,64,2000,ood,output_nmse,27,6,3,8,0.19770110677927732,0.00048581428267891467,73854,10.053457506621877,0.43782756593492295
fits,row,mlp_positive,64,2000,ood,row_l1,0,0,3,8,0.6130151723821958,0.007739179815874705,73854,10.053457506621877,0.43782756593492295
fits,row,mlp_positive,64,2000,ood,row_l1,0,6,3,8,1.8504077792167664,0.00110815108654996,73854,10.053457506621877,0.43782756593492295
fits,row,mlp_positive,64,2000,ood,row_l1,14,0,3,8,0.5875897432367007,0.020991348458644712,73854,10.053457506621877,0.43782756593492295
fits,row,mlp_positive,64,2000,ood,row_l1,14,6,3,8,0.855555514494578,0.009939254704202243,73854,10.053457506621877,0.43782756593492295
fits,row,mlp_positive,64,2000,ood,row_l1,27,0,3,8,0.7448105464378992,0.0048901549813961396,73854,10.053457506621877,0.43782756593492295
fits,row,mlp_positive,64,2000,ood,row_l1,27,6,3,8,0.7365594580769539,0.005304336454998726,73854,10.053457506621877,0.43782756593492295
fits,row,mlp_positive,64,2000,ood,negative_fraction,0,0,3,8,0.0,0.0,73854,10.053457506621877,0.43782756593492295
fits,row,mlp_positive,64,2000,ood,negative_fraction,0,6,3,8,0.0,0.0,73854,10.053457506621877,0.43782756593492295
fits,row,mlp_positive,64,2000,ood,negative_fraction,14,0,3,8,0.0,0.0,73854,10.053457506621877,0.43782756593492295
fits,row,mlp_positive,64,2000,ood,negative_fraction,14,6,3,8,0.0,0.0,73854,10.053457506621877,0.43782756593492295
fits,row,mlp_positive,64,2000,ood,negative_fraction,27,0,3,8,0.0,0.0,73854,10.053457506621877,0.43782756593492295
fits,row,mlp_positive,64,2000,ood,negative_fraction,27,6,3,8,0.0,0.0,73854,10.053457506621877,0.43782756593492295
fits,row,mlp_positive,64,2000,ood,nonpositive_denominator_fraction,0,0,3,8,0.0,0.0,73854,10.053457506621877,0.43782756593492295
fits,row,mlp_positive,64,2000,ood,nonpositive_denominator_fraction,0,6,3,8,0.0,0.0,73854,10.053457506621877,0.43782756593492295
fits,row,mlp_positive,64,2000,ood,nonpositive_denominator_fraction,14,0,3,8,0.0,0.0,73854,10.053457506621877,0.43782756593492295
fits,row,mlp_positive,64,2000,ood,nonpositive_denominator_fraction,14,6,3,8,0.0,0.0,73854,10.053457506621877,0.43782756593492295
fits,row,mlp_positive,64,2000,ood,nonpositive_denominator_fraction,27,0,3,8,0.0,0.0,73854,10.053457506621877,0.43782756593492295
fits,row,mlp_positive,64,2000,ood,nonpositive_denominator_fraction,27,6,3,8,0.0,0.0,73854,10.053457506621877,0.43782756593492295
fits,row,mlp_positive,64,2000,ood,top1_agreement,0,0,3,8,0.3497721354166667,0.0034295747893400845,73854,10.053457506621877,0.43782756593492295
fits,row,mlp_positive,64,2000,ood,top1_agreement,0,6,3,8,0.3507486979166667,0.006828667544205136,73854,10.053457506621877,0.43782756593492295
fits,row,mlp_positive,64,2000,ood,top1_agreement,14,0,3,8,0.855712890625,0.0,73854,10.053457506621877,0.43782756593492295
fits,row,mlp_positive,64,2000,ood,top1_agreement,14,6,3,8,0.8994140625,0.0,73854,10.053457506621877,0.43782756593492295
fits,row,mlp_positive,64,2000,ood,top1_agreement,27,0,3,8,0.2900390625,0.0023544069240705456,73854,10.053457506621877,0.43782756593492295
fits,row,mlp_positive,64,2000,ood,top1_agreement,27,6,3,8,0.24869791666666666,0.0018646548237938804,73854,10.053457506621877,0.43782756593492295
fits,row,mlp_positive,64,2000,test_block,kernel_nmse,0,0,3,20,0.545739491780599,0.0070848924456511815,73854,10.053457506621877,0.43782756593492295
fits,row,mlp_positive,64,2000,test_block,kernel_nmse,0,6,3,20,1.006331491470337,0.0016745465683990282,73854,10.053457506621877,0.43782756593492295
fits,row,mlp_positive,64,2000,test_block,kernel_nmse,14,0,3,20,0.20274889568487806,0.014816114188544791,73854,10.053457506621877,0.43782756593492295
fits,row,mlp_positive,64,2000,test_block,kernel_nmse,14,6,3,20,0.13054470866918563,0.005308019951303181,73854,10.053457506621877,0.43782756593492295
fits,row,mlp_positive,64,2000,test_block,kernel_nmse,27,0,3,20,0.4910346989830335,0.0021936444737896783,73854,10.053457506621877,0.43782756593492295
fits,row,mlp_positive,64,2000,test_block,kernel_nmse,27,6,3,20,0.5076458071668942,0.008749956508138342,73854,10.053457506621877,0.43782756593492295
fits,row,mlp_positive,64,2000,test_block,attention_nmse,0,0,3,20,0.5357281426588694,0.055988099079240856,73854,10.053457506621877,0.43782756593492295
fits,row,mlp_positive,64,2000,test_block,attention_nmse,0,6,3,20,1.353609490394592,0.06480475549323438,73854,10.053457506621877,0.43782756593492295
fits,row,mlp_positive,64,2000,test_block,attention_nmse,14,0,3,20,0.0692784473920862,0.0028041485498944726,73854,10.053457506621877,0.43782756593492295
fits,row,mlp_positive,64,2000,test_block,attention_nmse,14,6,3,20,0.12216816501071055,0.006740051365641985,73854,10.053457506621877,0.43782756593492295
fits,row,mlp_positive,64,2000,test_block,attention_nmse,27,0,3,20,0.4505265951156616,0.003766984281226255,73854,10.053457506621877,0.43782756593492295
fits,row,mlp_positive,64,2000,test_block,attention_nmse,27,6,3,20,0.46376058409611387,0.004314375124524802,73854,10.053457506621877,0.43782756593492295
fits,row,mlp_positive,64,2000,test_block,output_nmse,0,0,3,20,0.024507105552280944,0.001553677621425628,73854,10.053457506621877,0.43782756593492295
fits,row,mlp_positive,64,2000,test_block,output_nmse,0,6,3,20,1.5339215715726215,0.10604997065523114,73854,10.053457506621877,0.43782756593492295
fits,row,mlp_positive,64,2000,test_block,output_nmse,14,0,3,20,0.9343959381182989,0.0054939101556330215,73854,10.053457506621877,0.43782756593492295
fits,row,mlp_positive,64,2000,test_block,output_nmse,14,6,3,20,0.4256800880034765,0.013206484195183782,73854,10.053457506621877,0.43782756593492295
fits,row,mlp_positive,64,2000,test_block,output_nmse,27,0,3,20,0.12648273122807344,0.0019041356463129402,73854,10.053457506621877,0.43782756593492295
fits,row,mlp_positive,64,2000,test_block,output_nmse,27,6,3,20,0.23300380408763885,0.0038156648923201547,73854,10.053457506621877,0.43782756593492295
fits,row,mlp_positive,64,2000,test_block,row_l1,0,0,3,20,0.5655637900034586,0.011267691686176962,73854,10.053457506621877,0.43782756593492295
fits,row,mlp_positive,64,2000,test_block,row_l1,0,6,3,20,1.9546501894791921,0.003909606341040055,73854,10.053457506621877,0.43782756593492295
fits,row,mlp_positive,64,2000,test_block,row_l1,14,0,3,20,0.2789579931646586,0.06231941908427381,73854,10.053457506621877,0.43782756593492295
fits,row,mlp_positive,64,2000,test_block,row_l1,14,6,3,20,0.5720948060353597,0.014151373398163131,73854,10.053457506621877,0.43782756593492295
fits,row,mlp_positive,64,2000,test_block,row_l1,27,0,3,20,0.6924508303403855,0.002529755504841986,73854,10.053457506621877,0.43782756593492295
fits,row,mlp_positive,64,2000,test_block,row_l1,27,6,3,20,0.6892369518677394,0.006278193650205062,73854,10.053457506621877,0.43782756593492295
fits,row,mlp_positive,64,2000,test_block,negative_fraction,0,0,3,20,0.0,0.0,73854,10.053457506621877,0.43782756593492295
fits,row,mlp_positive,64,2000,test_block,negative_fraction,0,6,3,20,0.0,0.0,73854,10.053457506621877,0.43782756593492295
fits,row,mlp_positive,64,2000,test_block,negative_fraction,14,0,3,20,0.0,0.0,73854,10.053457506621877,0.43782756593492295
fits,row,mlp_positive,64,2000,test_block,negative_fraction,14,6,3,20,0.0,0.0,73854,10.053457506621877,0.43782756593492295
fits,row,mlp_positive,64,2000,test_block,negative_fraction,27,0,3,20,0.0,0.0,73854,10.053457506621877,0.43782756593492295
fits,row,mlp_positive,64,2000,test_block,negative_fraction,27,6,3,20,0.0,0.0,73854,10.053457506621877,0.43782756593492295
fits,row,mlp_positive,64,2000,test_block,nonpositive_denominator_fraction,0,0,3,20,0.0,0.0,73854,10.053457506621877,0.43782756593492295
fits,row,mlp_positive,64,2000,test_block,nonpositive_denominator_fraction,0,6,3,20,0.0,0.0,73854,10.053457506621877,0.43782756593492295
fits,row,mlp_positive,64,2000,test_block,nonpositive_denominator_fraction,14,0,3,20,0.0,0.0,73854,10.053457506621877,0.43782756593492295
fits,row,mlp_positive,64,2000,test_block,nonpositive_denominator_fraction,14,6,3,20,0.0,0.0,73854,10.053457506621877,0.43782756593492295
fits,row,mlp_positive,64,2000,test_block,nonpositive_denominator_fraction,27,0,3,20,0.0,0.0,73854,10.053457506621877,0.43782756593492295
fits,row,mlp_positive,64,2000,test_block,nonpositive_denominator_fraction,27,6,3,20,0.0,0.0,73854,10.053457506621877,0.43782756593492295
fits,row,mlp_positive,64,2000,test_block,top1_agreement,0,0,3,20,0.2648763020833333,0.0018640154039349323,73854,10.053457506621877,0.43782756593492295
fits,row,mlp_positive,64,2000,test_block,top1_agreement,0,6,3,20,0.004036458333333333,0.00039467303557884565,73854,10.053457506621877,0.43782756593492295
fits,row,mlp_positive,64,2000,test_block,top1_agreement,14,0,3,20,0.95947265625,0.0,73854,10.053457506621877,0.43782756593492295
fits,row,mlp_positive,64,2000,test_block,top1_agreement,14,6,3,20,0.9504882812499998,1.3597399555105182e-16,73854,10.053457506621877,0.43782756593492295
fits,row,mlp_positive,64,2000,test_block,top1_agreement,27,0,3,20,0.3773111979166666,0.0025732622622359025,73854,10.053457506621877,0.43782756593492295
fits,row,mlp_positive,64,2000,test_block,top1_agreement,27,6,3,20,0.2998372395833333,0.005664343114456821,73854,10.053457506621877,0.43782756593492295
fits,row,mlp_signed,64,2000,validation,kernel_nmse,0,0,3,12,0.532727407084571,0.003303706766079878,73854,9.989948071539402,0.4136288007100424
fits,row,mlp_signed,64,2000,validation,kernel_nmse,0,6,3,12,0.873538033829795,0.00436124783866593,73854,9.989948071539402,0.4136288007100424
fits,row,mlp_signed,64,2000,validation,kernel_nmse,14,0,3,12,0.1788094863295555,0.0009185645773286383,73854,9.989948071539402,0.4136288007100424
fits,row,mlp_signed,64,2000,validation,kernel_nmse,14,6,3,12,0.17721511175235113,0.0019295549734441339,73854,9.989948071539402,0.4136288007100424
fits,row,mlp_signed,64,2000,validation,kernel_nmse,27,0,3,12,0.5981828934616512,6.797121051031758e-05,73854,9.989948071539402,0.4136288007100424
fits,row,mlp_signed,64,2000,validation,kernel_nmse,27,6,3,12,0.5696781509452397,0.0017958840525589574,73854,9.989948071539402,0.4136288007100424
fits,row,mlp_signed,64,2000,validation,attention_nmse,0,0,3,12,31.712984405457973,31.449302287189134,73854,9.989948071539402,0.4136288007100424
fits,row,mlp_signed,64,2000,validation,attention_nmse,0,6,3,12,928.4894115063879,1315.0705599774212,73854,9.989948071539402,0.4136288007100424
fits,row,mlp_signed,64,2000,validation,attention_nmse,14,0,3,12,184.3706670113736,318.8309056185346,73854,9.989948071539402,0.4136288007100424
fits,row,mlp_signed,64,2000,validation,attention_nmse,14,6,3,12,0.25796971780558425,0.05561222650444093,73854,9.989948071539402,0.4136288007100424
fits,row,mlp_signed,64,2000,validation,attention_nmse,27,0,3,12,14.132626758681402,17.378584812496214,73854,9.989948071539402,0.4136288007100424
fits,row,mlp_signed,64,2000,validation,attention_nmse,27,6,3,12,3.4180706764260926,1.4921061974100047,73854,9.989948071539402,0.4136288007100424
fits,row,mlp_signed,64,2000,validation,output_nmse,0,0,3,12,4.108112104133599,3.9245919461276717,73854,9.989948071539402,0.4136288007100424
fits,row,mlp_signed,64,2000,validation,output_nmse,0,6,3,12,3095.1963275273642,4541.353588397717,73854,9.989948071539402,0.4136288007100424
fits,row,mlp_signed,64,2000,validation,output_nmse,14,0,3,12,595.7022961974144,1029.8284050985171,73854,9.989948071539402,0.4136288007100424
fits,row,mlp_signed,64,2000,validation,output_nmse,14,6,3,12,0.8379804326428307,0.1729530846314669,73854,9.989948071539402,0.4136288007100424
fits,row,mlp_signed,64,2000,validation,output_nmse,27,0,3,12,5.88587715352575,7.984127066238764,73854,9.989948071539402,0.4136288007100424
fits,row,mlp_signed,64,2000,validation,output_nmse,27,6,3,12,2.649029092656242,1.525410828957075,73854,9.989948071539402,0.4136288007100424
fits,row,mlp_signed,64,2000,validation,row_l1,0,0,3,12,1.1754275543822184,0.2888307455787547,73854,9.989948071539402,0.4136288007100424
fits,row,mlp_signed,64,2000,validation,row_l1,0,6,3,12,20.15580693880717,7.052719982420953,73854,9.989948071539402,0.4136288007100424
fits,row,mlp_signed,64,2000,validation,row_l1,14,0,3,12,4.432048165135913,3.919250141344657,73854,9.989948071539402,0.4136288007100424
fits,row,mlp_signed,64,2000,validation,row_l1,14,6,3,12,1.8498954806062908,0.05850697096307923,73854,9.989948071539402,0.4136288007100424
fits,row,mlp_signed,64,2000,validation,row_l1,27,0,3,12,1.311093577080303,0.07935449122408171,73854,9.989948071539402,0.4136288007100424
fits,row,mlp_signed,64,2000,validation,row_l1,27,6,3,12,1.166263836953375,0.03253623913375798,73854,9.989948071539402,0.4136288007100424
fits,row,mlp_signed,64,2000,validation,negative_fraction,0,0,3,12,0.30646970868110657,0.0026346980059548768,73854,9.989948071539402,0.4136288007100424
fits,row,mlp_signed,64,2000,validation,negative_fraction,0,6,3,12,0.4860924018753899,0.0031127130355041058,73854,9.989948071539402,0.4136288007100424
fits,row,mlp_signed,64,2000,validation,negative_fraction,14,0,3,12,0.46745427201191586,0.0130952569180432,73854,9.989948071539402,0.4136288007100424
fits,row,mlp_signed,64,2000,validation,negative_fraction,14,6,3,12,0.41494361476765734,0.0067237584659176775,73854,9.989948071539402,0.4136288007100424
fits,row,mlp_signed,64,2000,validation,negative_fraction,27,0,3,12,0.31716191603077787,0.0020770708778622103,73854,9.989948071539402,0.4136288007100424
fits,row,mlp_signed,64,2000,validation,negative_fraction,27,6,3,12,0.27441879279083675,0.001606436284186439,73854,9.989948071539402,0.4136288007100424
fits,row,mlp_signed,64,2000,validation,nonpositive_denominator_fraction,0,0,3,12,0.0010850694444444445,0.0008192094656326769,73854,9.989948071539402,0.4136288007100424
fits,row,mlp_signed,64,2000,validation,nonpositive_denominator_fraction,0,6,3,12,0.04833984375,0.008991684451128345,73854,9.989948071539402,0.4136288007100424
fits,row,mlp_signed,64,2000,validation,nonpositive_denominator_fraction,14,0,3,12,0.00954861111111111,0.016538679586161155,73854,9.989948071539402,0.4136288007100424
fits,row,mlp_signed,64,2000,validation,nonpositive_denominator_fraction,14,6,3,12,0.0003255208333333333,0.000563818622255494,73854,9.989948071539402,0.4136288007100424
fits,row,mlp_signed,64,2000,validation,nonpositive_denominator_fraction,27,0,3,12,0.001953125,0.0008457279333832408,73854,9.989948071539402,0.4136288007100424
fits,row,mlp_signed,64,2000,validation,nonpositive_denominator_fraction,27,6,3,12,0.00341796875,0.0007094562082585733,73854,9.989948071539402,0.4136288007100424
fits,row,mlp_signed,64,2000,validation,top1_agreement,0,0,3,12,0.5214301215277778,0.004650316995247344,73854,9.989948071539402,0.4136288007100424
fits,row,mlp_signed,64,2000,validation,top1_agreement,0,6,3,12,0.7239583333333334,0.025841003427827813,73854,9.989948071539402,0.4136288007100424
fits,row,mlp_signed,64,2000,validation,top1_agreement,14,0,3,12,0.8206922743055557,0.01597486096390568,73854,9.989948071539402,0.4136288007100424
fits,row,mlp_signed,64,2000,validation,top1_agreement,14,6,3,12,0.8759765625,0.0005868410279075247,73854,9.989948071539402,0.4136288007100424
fits,row,mlp_signed,64,2000,validation,top1_agreement,27,0,3,12,0.3440755208333333,0.004152783470759464,73854,9.989948071539402,0.4136288007100424
fits,row,mlp_signed,64,2000,validation,top1_agreement,27,6,3,12,0.3473849826388889,0.004964415053649904,73854,9.989948071539402,0.4136288007100424
fits,row,mlp_signed,64,2000,test,kernel_nmse,0,0,3,20,0.5320141692956288,0.003224049400967131,73854,9.989948071539402,0.4136288007100424
fits,row,mlp_signed,64,2000,test,kernel_nmse,0,6,3,20,0.8750413020451863,0.004380237049432803,73854,9.989948071539402,0.4136288007100424
fits,row,mlp_signed,64,2000,test,kernel_nmse,14,0,3,20,0.1741029432664315,0.0007955772973410293,73854,9.989948071539402,0.4136288007100424
fits,row,mlp_signed,64,2000,test,kernel_nmse,14,6,3,20,0.16446697935461999,0.0013563521895295166,73854,9.989948071539402,0.4136288007100424
fits,row,mlp_signed,64,2000,test,kernel_nmse,27,0,3,20,0.5592496459682783,0.0013062105782452973,73854,9.989948071539402,0.4136288007100424
fits,row,mlp_signed,64,2000,test,kernel_nmse,27,6,3,20,0.5441874340176583,0.0003699667793403626,73854,9.989948071539402,0.4136288007100424
fits,row,mlp_signed,64,2000,test,attention_nmse,0,0,3,20,32.666905865073204,36.91489456462377,73854,9.989948071539402,0.4136288007100424
fits,row,mlp_signed,64,2000,test,attention_nmse,0,6,3,20,576.9817373096943,469.09999519361577,73854,9.989948071539402,0.4136288007100424
fits,row,mlp_signed,64,2000,test,attention_nmse,14,0,3,20,109874.26603684078,190307.38382415075,73854,9.989948071539402,0.4136288007100424
fits,row,mlp_signed,64,2000,test,attention_nmse,14,6,3,20,0.2546193101753791,0.02324555572097011,73854,9.989948071539402,0.4136288007100424
fits,row,mlp_signed,64,2000,test,attention_nmse,27,0,3,20,0.6770905276139577,0.1294740639411256,73854,9.989948071539402,0.4136288007100424
fits,row,mlp_signed,64,2000,test,attention_nmse,27,6,3,20,15.463993072013059,25.584552551145897,73854,9.989948071539402,0.4136288007100424
fits,row,mlp_signed,64,2000,test,output_nmse,0,0,3,20,5.759532265240947,7.859271008894186,73854,9.989948071539402,0.4136288007100424
fits,row,mlp_signed,64,2000,test,output_nmse,0,6,3,20,1270.3685260415077,751.4609065730187,73854,9.989948071539402,0.4136288007100424
fits,row,mlp_signed,64,2000,test,output_nmse,14,0,3,20,137714.23168388108,238526.28699470265,73854,9.989948071539402,0.4136288007100424
fits,row,mlp_signed,64,2000,test,output_nmse,14,6,3,20,0.8199570347865421,0.027144918314559854,73854,9.989948071539402,0.4136288007100424
fits,row,mlp_signed,64,2000,test,output_nmse,27,0,3,20,0.16198060226937136,0.0368137119598044,73854,9.989948071539402,0.4136288007100424
fits,row,mlp_signed,64,2000,test,output_nmse,27,6,3,20,19.396215845644473,32.9532596926432,73854,9.989948071539402,0.4136288007100424
fits,row,mlp_signed,64,2000,test,row_l1,0,0,3,20,1.2238726258277894,0.3002346337283443,73854,9.989948071539402,0.4136288007100424
fits,row,mlp_signed,64,2000,test,row_l1,0,6,3,20,17.156067983309427,1.5357815224152065,73854,9.989948071539402,0.4136288007100424
fits,row,mlp_signed,64,2000,test,row_l1,14,0,3,20,9.768552780151367,13.330988683305922,73854,9.989948071539402,0.4136288007100424
fits,row,mlp_signed,64,2000,test,row_l1,14,6,3,20,1.8652109384536744,0.058724916430628604,73854,9.989948071539402,0.4136288007100424
fits,row,mlp_signed,64,2000,test,row_l1,27,0,3,20,1.0410734683275222,0.02161469833987269,73854,9.989948071539402,0.4136288007100424
fits,row,mlp_signed,64,2000,test,row_l1,27,6,3,20,1.0515459895133972,0.1206812646551613,73854,9.989948071539402,0.4136288007100424
fits,row,mlp_signed,64,2000,test,negative_fraction,0,0,3,20,0.3117993141214053,0.002352298354964752,73854,9.989948071539402,0.4136288007100424
fits,row,mlp_signed,64,2000,test,negative_fraction,0,6,3,20,0.48613043924172716,0.0030164177807600672,73854,9.989948071539402,0.4136288007100424
fits,row,mlp_signed,64,2000,test,negative_fraction,14,0,3,20,0.4671785200635592,0.008177450993723663,73854,9.989948071539402,0.4136288007100424
fits,row,mlp_signed,64,2000,test,negative_fraction,14,6,3,20,0.4174711287021637,0.0013159184173444605,73854,9.989948071539402,0.4136288007100424
fits,row,mlp_signed,64,2000,test,negative_fraction,27,0,3,20,0.31854930917421975,0.007337776213599496,73854,9.989948071539402,0.4136288007100424
fits,row,mlp_signed,64,2000,test,negative_fraction,27,6,3,20,0.28587362493077917,0.002425661098604659,73854,9.989948071539402,0.4136288007100424
fits,row,mlp_signed,64,2000,test,nonpositive_denominator_fraction,0,0,3,20,0.00166015625,0.0015347884419435263,73854,9.989948071539402,0.4136288007100424
fits,row,mlp_signed,64,2000,test,nonpositive_denominator_fraction,0,6,3,20,0.047265625,0.006004866851423129,73854,9.989948071539402,0.4136288007100424
fits,row,mlp_signed,64,2000,test,nonpositive_denominator_fraction,14,0,3,20,0.00042317708333333335,0.0007329642089321421,73854,9.989948071539402,0.4136288007100424
fits,row,mlp_signed,64,2000,test,nonpositive_denominator_fraction,14,6,3,20,0.00013020833333333333,0.00014917238590351041,73854,9.989948071539402,0.4136288007100424
fits,row,mlp_signed,64,2000,test,nonpositive_denominator_fraction,27,0,3,20,0.00016276041666666666,0.00014917238590351041,73854,9.989948071539402,0.4136288007100424
fits,row,mlp_signed,64,2000,test,nonpositive_denominator_fraction,27,6,3,20,0.00016276041666666666,0.00014917238590351041,73854,9.989948071539402,0.4136288007100424
fits,row,mlp_signed,64,2000,test,top1_agreement,0,0,3,20,0.5051106770833332,0.005701262984419594,73854,9.989948071539402,0.4136288007100424
fits,row,mlp_signed,64,2000,test,top1_agreement,0,6,3,20,0.7252929687499999,0.02287179426232934,73854,9.989948071539402,0.4136288007100424
fits,row,mlp_signed,64,2000,test,top1_agreement,14,0,3,20,0.8276041666666667,0.0007329642089321164,73854,9.989948071539402,0.4136288007100424
fits,row,mlp_signed,64,2000,test,top1_agreement,14,6,3,20,0.8929036458333334,0.0009781887500857154,73854,9.989948071539402,0.4136288007100424
fits,row,mlp_signed,64,2000,test,top1_agreement,27,0,3,20,0.3519205729166666,0.0017092168740657648,73854,9.989948071539402,0.4136288007100424
fits,row,mlp_signed,64,2000,test,top1_agreement,27,6,3,20,0.37262369791666666,0.007560847666748676,73854,9.989948071539402,0.4136288007100424
fits,row,mlp_signed,64,2000,test_long,kernel_nmse,0,0,3,8,2.7307372788588204,0.3186226536858076,73854,9.989948071539402,0.4136288007100424
fits,row,mlp_signed,64,2000,test_long,kernel_nmse,0,6,3,8,2.0027243942022324,0.007344430031405179,73854,9.989948071539402,0.4136288007100424
fits,row,mlp_signed,64,2000,test_long,kernel_nmse,14,0,3,8,1.308687483270963,0.2526566571508054,73854,9.989948071539402,0.4136288007100424
fits,row,mlp_signed,64,2000,test_long,kernel_nmse,14,6,3,8,0.47539836789170903,0.009144913246068254,73854,9.989948071539402,0.4136288007100424
fits,row,mlp_signed,64,2000,test_long,kernel_nmse,27,0,3,8,1.0696306054790814,0.01714354439108442,73854,9.989948071539402,0.4136288007100424
fits,row,mlp_signed,64,2000,test_long,kernel_nmse,27,6,3,8,1.023244005938371,0.025078231681170376,73854,9.989948071539402,0.4136288007100424
fits,row,mlp_signed,64,2000,test_long,attention_nmse,0,0,3,8,3321.131717443466,4862.041124070462,73854,9.989948071539402,0.4136288007100424
fits,row,mlp_signed,64,2000,test_long,attention_nmse,0,6,3,8,1.0198343421022098,0.03733123942006852,73854,9.989948071539402,0.4136288007100424
fits,row,mlp_signed,64,2000,test_long,attention_nmse,14,0,3,8,0.9516709223389626,0.007531307957503297,73854,9.989948071539402,0.4136288007100424
fits,row,mlp_signed,64,2000,test_long,attention_nmse,14,6,3,8,1283.5979282868404,2222.0838980775634,73854,9.989948071539402,0.4136288007100424
fits,row,mlp_signed,64,2000,test_long,attention_nmse,27,0,3,8,62.455037941535316,65.80232261749345,73854,9.989948071539402,0.4136288007100424
fits,row,mlp_signed,64,2000,test_long,attention_nmse,27,6,3,8,1608.728245836993,2169.5049297601595,73854,9.989948071539402,0.4136288007100424
fits,row,mlp_signed,64,2000,test_long,output_nmse,0,0,3,8,2725.888240555922,3939.4997700383265,73854,9.989948071539402,0.4136288007100424
fits,row,mlp_signed,64,2000,test_long,output_nmse,0,6,3,8,1.6859191631277402,1.3047873274512878,73854,9.989948071539402,0.4136288007100424
fits,row,mlp_signed,64,2000,test_long,output_nmse,14,0,3,8,2.3615538527568183,0.013428092460748447,73854,9.989948071539402,0.4136288007100424
fits,row,mlp_signed,64,2000,test_long,output_nmse,14,6,3,8,7233.706068699558,12526.270457520848,73854,9.989948071539402,0.4136288007100424
fits,row,mlp_signed,64,2000,test_long,output_nmse,27,0,3,8,58.835830672333636,57.83668492597032,73854,9.989948071539402,0.4136288007100424
fits,row,mlp_signed,64,2000,test_long,output_nmse,27,6,3,8,1234.634017617752,1662.7200093536355,73854,9.989948071539402,0.4136288007100424
fits,row,mlp_signed,64,2000,test_long,row_l1,0,0,3,8,11.047324617703756,3.4226603033015572,73854,9.989948071539402,0.4136288007100424
fits,row,mlp_signed,64,2000,test_long,row_l1,0,6,3,8,2.2971523801485696,0.19553463760325532,73854,9.989948071539402,0.4136288007100424
fits,row,mlp_signed,64,2000,test_long,row_l1,14,0,3,8,1.9306460519631703,0.0022553805235038544,73854,9.989948071539402,0.4136288007100424
fits,row,mlp_signed,64,2000,test_long,row_l1,14,6,3,8,5.89363248149554,6.166673718827617,73854,9.989948071539402,0.4136288007100424
fits,row,mlp_signed,64,2000,test_long,row_l1,27,0,3,8,3.725208659966787,0.6639801576419269,73854,9.989948071539402,0.4136288007100424
fits,row,mlp_signed,64,2000,test_long,row_l1,27,6,3,8,4.921239207188289,2.4357902402076568,73854,9.989948071539402,0.4136288007100424
fits,row,mlp_signed,64,2000,test_long,negative_fraction,0,0,3,8,0.36519428715109825,0.021904617999360016,73854,9.989948071539402,0.4136288007100424
fits,row,mlp_signed,64,2000,test_long,negative_fraction,0,6,3,8,0.22937401135762533,0.004486836232686059,73854,9.989948071539402,0.4136288007100424
fits,row,mlp_signed,64,2000,test_long,negative_fraction,14,0,3,8,0.2830701023340225,0.006568907449183199,73854,9.989948071539402,0.4136288007100424
fits,row,mlp_signed,64,2000,test_long,negative_fraction,14,6,3,8,0.38123905782898265,0.03419152816919645,73854,9.989948071539402,0.4136288007100424
fits,row,mlp_signed,64,2000,test_long,negative_fraction,27,0,3,8,0.34481436635057133,0.011043956802160923,73854,9.989948071539402,0.4136288007100424
fits,row,mlp_signed,64,2000,test_long,negative_fraction,27,6,3,8,0.3247048979004224,0.010909067597849846,73854,9.989948071539402,0.4136288007100424
fits,row,mlp_signed,64,2000,test_long,nonpositive_denominator_fraction,0,0,3,8,0.3448079427083333,0.07272167473258202,73854,9.989948071539402,0.4136288007100424
fits,row,mlp_signed,64,2000,test_long,nonpositive_denominator_fraction,0,6,3,8,0.0020345052083333335,0.0022152763002630535,73854,9.989948071539402,0.4136288007100424
fits,row,mlp_signed,64,2000,test_long,nonpositive_denominator_fraction,14,0,3,8,0.0,0.0,73854,9.989948071539402,0.4136288007100424
fits,row,mlp_signed,64,2000,test_long,nonpositive_denominator_fraction,14,6,3,8,0.004801432291666667,0.008316324678268533,73854,9.989948071539402,0.4136288007100424
fits,row,mlp_signed,64,2000,test_long,nonpositive_denominator_fraction,27,0,3,8,0.026611328125,0.011206559978055176,73854,9.989948071539402,0.4136288007100424
fits,row,mlp_signed,64,2000,test_long,nonpositive_denominator_fraction,27,6,3,8,0.040771484375,0.01988060360013285,73854,9.989948071539402,0.4136288007100424
fits,row,mlp_signed,64,2000,test_long,top1_agreement,0,0,3,8,8.138020833333333e-05,0.0001409546555638735,73854,9.989948071539402,0.4136288007100424
fits,row,mlp_signed,64,2000,test_long,top1_agreement,0,6,3,8,0.023763020833333332,0.009857760354097266,73854,9.989948071539402,0.4136288007100424
fits,row,mlp_signed,64,2000,test_long,top1_agreement,14,0,3,8,0.8339029947916666,0.0001409546555638735,73854,9.989948071539402,0.4136288007100424
fits,row,mlp_signed,64,2000,test_long,top1_agreement,14,6,3,8,0.8770345052083334,0.007284778793142781,73854,9.989948071539402,0.4136288007100424
fits,row,mlp_signed,64,2000,test_long,top1_agreement,27,0,3,8,0.122802734375,0.00232895312845934,73854,9.989948071539402,0.4136288007100424
fits,row,mlp_signed,64,2000,test_long,top1_agreement,27,6,3,8,0.076904296875,0.001843221297673523,73854,9.989948071539402,0.4136288007100424
fits,row,mlp_signed,64,2000,ood,kernel_nmse,0,0,3,8,0.6883924628297488,0.0027915778340078714,73854,9.989948071539402,0.4136288007100424
fits,row,mlp_signed,64,2000,ood,kernel_nmse,0,6,3,8,0.8869668667515119,0.003939666823273657,73854,9.989948071539402,0.4136288007100424
fits,row,mlp_signed,64,2000,ood,kernel_nmse,14,0,3,8,0.16936740605160594,0.0028792538791506837,73854,9.989948071539402,0.4136288007100424
fits,row,mlp_signed,64,2000,ood,kernel_nmse,14,6,3,8,0.17543651877592006,0.002550026267894585,73854,9.989948071539402,0.4136288007100424
fits,row,mlp_signed,64,2000,ood,kernel_nmse,27,0,3,8,0.6152279178301493,0.006708853949403627,73854,9.989948071539402,0.4136288007100424
fits,row,mlp_signed,64,2000,ood,kernel_nmse,27,6,3,8,0.5983785192171732,0.0035183905017363627,73854,9.989948071539402,0.4136288007100424
fits,row,mlp_signed,64,2000,ood,attention_nmse,0,0,3,8,4.358959729472796,3.779318182341399,73854,9.989948071539402,0.4136288007100424
fits,row,mlp_signed,64,2000,ood,attention_nmse,0,6,3,8,139.75744822621346,187.05848383267121,73854,9.989948071539402,0.4136288007100424
fits,row,mlp_signed,64,2000,ood,attention_nmse,14,0,3,8,2350.4706521298117,4070.614475053781,73854,9.989948071539402,0.4136288007100424
fits,row,mlp_signed,64,2000,ood,attention_nmse,14,6,3,8,0.33764676842838526,0.06369063462389385,73854,9.989948071539402,0.4136288007100424
fits,row,mlp_signed,64,2000,ood,attention_nmse,27,0,3,8,0.6057404143114885,0.036072543540701704,73854,9.989948071539402,0.4136288007100424
fits,row,mlp_signed,64,2000,ood,attention_nmse,27,6,3,8,0.7450593610604604,0.32633059066627473,73854,9.989948071539402,0.4136288007100424
fits,row,mlp_signed,64,2000,ood,output_nmse,0,0,3,8,1.5409263939751934,1.8545581298653924,73854,9.989948071539402,0.4136288007100424
fits,row,mlp_signed,64,2000,ood,output_nmse,0,6,3,8,230.72038598855337,233.84149097735224,73854,9.989948071539402,0.4136288007100424
fits,row,mlp_signed,64,2000,ood,output_nmse,14,0,3,8,18827.519618064165,32607.622315800316,73854,9.989948071539402,0.4136288007100424
fits,row,mlp_signed,64,2000,ood,output_nmse,14,6,3,8,1.159287338455518,0.0957781356628941,73854,9.989948071539402,0.4136288007100424
fits,row,mlp_signed,64,2000,ood,output_nmse,27,0,3,8,0.14324557657043138,0.01218465225126468,73854,9.989948071539402,0.4136288007100424
fits,row,mlp_signed,64,2000,ood,output_nmse,27,6,3,8,0.3533235065018137,0.22441338870197905,73854,9.989948071539402,0.4136288007100424
fits,row,mlp_signed,64,2000,ood,row_l1,0,0,3,8,1.1998981560269992,0.12266340570372034,73854,9.989948071539402,0.4136288007100424
fits,row,mlp_signed,64,2000,ood,row_l1,0,6,3,8,14.31314730644226,2.227426023268189,73854,9.989948071539402,0.4136288007100424
fits,row,mlp_signed,64,2000,ood,row_l1,14,0,3,8,4.137210567792256,3.849460293479969,73854,9.989948071539402,0.4136288007100424
fits,row,mlp_signed,64,2000,ood,row_l1,14,6,3,8,2.0584945678710938,0.23524663438464985,73854,9.989948071539402,0.4136288007100424
fits,row,mlp_signed,64,2000,ood,row_l1,27,0,3,8,0.9806702062487602,0.029008360496546006,73854,9.989948071539402,0.4136288007100424
fits,row,mlp_signed,64,2000,ood,row_l1,27,6,3,8,0.8762663155794144,0.01966048984529688,73854,9.989948071539402,0.4136288007100424
fits,row,mlp_signed,64,2000,ood,negative_fraction,0,0,3,8,0.30025886930525303,0.00536250544134911,73854,9.989948071539402,0.4136288007100424
fits,row,mlp_signed,64,2000,ood,negative_fraction,0,6,3,8,0.48169246688485146,0.0023084154293049643,73854,9.989948071539402,0.4136288007100424
fits,row,mlp_signed,64,2000,ood,negative_fraction,14,0,3,8,0.4240102668603261,0.021194466404421217,73854,9.989948071539402,0.4136288007100424
fits,row,mlp_signed,64,2000,ood,negative_fraction,14,6,3,8,0.43257980793714523,0.032189114184458724,73854,9.989948071539402,0.4136288007100424
fits,row,mlp_signed,64,2000,ood,negative_fraction,27,0,3,8,0.285641564677159,0.008845590807335248,73854,9.989948071539402,0.4136288007100424
fits,row,mlp_signed,64,2000,ood,negative_fraction,27,6,3,8,0.2405031348268191,0.002177343540164284,73854,9.989948071539402,0.4136288007100424
fits,row,mlp_signed,64,2000,ood,nonpositive_denominator_fraction,0,0,3,8,0.0008138020833333334,0.000372930964758776,73854,9.989948071539402,0.4136288007100424
fits,row,mlp_signed,64,2000,ood,nonpositive_denominator_fraction,0,6,3,8,0.06437174479166667,0.010875453252591366,73854,9.989948071539402,0.4136288007100424
fits,row,mlp_signed,64,2000,ood,nonpositive_denominator_fraction,14,0,3,8,0.00016276041666666666,0.000281909311127747,73854,9.989948071539402,0.4136288007100424
fits,row,mlp_signed,64,2000,ood,nonpositive_denominator_fraction,14,6,3,8,0.000244140625,0.000244140625,73854,9.989948071539402,0.4136288007100424
fits,row,mlp_signed,64,2000,ood,nonpositive_denominator_fraction,27,0,3,8,0.0003255208333333333,0.00037293096475877606,73854,9.989948071539402,0.4136288007100424
fits,row,mlp_signed,64,2000,ood,nonpositive_denominator_fraction,27,6,3,8,0.0,0.0,73854,9.989948071539402,0.4136288007100424
fits,row,mlp_signed,64,2000,ood,top1_agreement,0,0,3,8,0.342529296875,0.011840191067365372,73854,9.989948071539402,0.4136288007100424
fits,row,mlp_signed,64,2000,ood,top1_agreement,0,6,3,8,0.6354166666666666,0.03137024949624444,73854,9.989948071539402,0.4136288007100424
fits,row,mlp_signed,64,2000,ood,top1_agreement,14,0,3,8,0.855712890625,0.000244140625,73854,9.989948071539402,0.4136288007100424
fits,row,mlp_signed,64,2000,ood,top1_agreement,14,6,3,8,0.8984375,0.0008802615418613255,73854,9.989948071539402,0.4136288007100424
fits,row,mlp_signed,64,2000,ood,top1_agreement,27,0,3,8,0.337890625,0.004809012598533254,73854,9.989948071539402,0.4136288007100424
fits,row,mlp_signed,64,2000,ood,top1_agreement,27,6,3,8,0.3536783854166667,0.005180922539842776,73854,9.989948071539402,0.4136288007100424
fits,row,mlp_signed,64,2000,test_block,kernel_nmse,0,0,3,20,0.5897747387488684,0.006365724391700688,73854,9.989948071539402,0.4136288007100424
fits,row,mlp_signed,64,2000,test_block,kernel_nmse,0,6,3,20,1.0249908288319907,0.001082199994221782,73854,9.989948071539402,0.4136288007100424
fits,row,mlp_signed,64,2000,test_block,kernel_nmse,14,0,3,20,0.19532338430484134,0.01545585407735591,73854,9.989948071539402,0.4136288007100424
fits,row,mlp_signed,64,2000,test_block,kernel_nmse,14,6,3,20,0.12927666070560614,0.003671249757182505,73854,9.989948071539402,0.4136288007100424
fits,row,mlp_signed,64,2000,test_block,kernel_nmse,27,0,3,20,0.5032080506285032,0.003997051892395727,73854,9.989948071539402,0.4136288007100424
fits,row,mlp_signed,64,2000,test_block,kernel_nmse,27,6,3,20,0.4948330109318097,0.0030687753863841882,73854,9.989948071539402,0.4136288007100424
fits,row,mlp_signed,64,2000,test_block,attention_nmse,0,0,3,20,14461.858399729927,24981.547824009907,73854,9.989948071539402,0.4136288007100424
fits,row,mlp_signed,64,2000,test_block,attention_nmse,0,6,3,20,1588.7024563312527,827.4986580628384,73854,9.989948071539402,0.4136288007100424
fits,row,mlp_signed,64,2000,test_block,attention_nmse,14,0,3,20,0.142546906384329,0.057853669384398725,73854,9.989948071539402,0.4136288007100424
fits,row,mlp_signed,64,2000,test_block,attention_nmse,14,6,3,20,0.4504508378915489,0.49549540039801915,73854,9.989948071539402,0.4136288007100424
fits,row,mlp_signed,64,2000,test_block,attention_nmse,27,0,3,20,75.59634518722693,63.00839163242925,73854,9.989948071539402,0.4136288007100424
fits,row,mlp_signed,64,2000,test_block,attention_nmse,27,6,3,20,155.25032696276904,233.7491925327909,73854,9.989948071539402,0.4136288007100424
fits,row,mlp_signed,64,2000,test_block,output_nmse,0,0,3,20,1890.3405464360178,3268.105737852231,73854,9.989948071539402,0.4136288007100424
fits,row,mlp_signed,64,2000,test_block,output_nmse,0,6,3,20,3423.784864966075,1040.7875651845598,73854,9.989948071539402,0.4136288007100424
fits,row,mlp_signed,64,2000,test_block,output_nmse,14,0,3,20,1.845969942212105,0.5846497794132784,73854,9.989948071539402,0.4136288007100424
fits,row,mlp_signed,64,2000,test_block,output_nmse,14,6,3,20,1.5872201586763064,1.7395695839136602,73854,9.989948071539402,0.4136288007100424
fits,row,mlp_signed,64,2000,test_block,output_nmse,27,0,3,20,30.79539147950709,26.15875946300223,73854,9.989948071539402,0.4136288007100424
fits,row,mlp_signed,64,2000,test_block,output_nmse,27,6,3,20,65.25934705461064,97.1598722311384,73854,9.989948071539402,0.4136288007100424
fits,row,mlp_signed,64,2000,test_block,row_l1,0,0,3,20,3.0244164645671847,1.8695005269249552,73854,9.989948071539402,0.4136288007100424
fits,row,mlp_signed,64,2000,test_block,row_l1,0,6,3,20,32.18500593503316,3.4011333202996687,73854,9.989948071539402,0.4136288007100424
fits,row,mlp_signed,64,2000,test_block,row_l1,14,0,3,20,1.7260438879330955,0.23355063444724947,73854,9.989948071539402,0.4136288007100424
fits,row,mlp_signed,64,2000,test_block,row_l1,14,6,3,20,1.5381760915120442,0.03409667890810638,73854,9.989948071539402,0.4136288007100424
fits,row,mlp_signed,64,2000,test_block,row_l1,27,0,3,20,1.6068122376998266,0.1749292757465176,73854,9.989948071539402,0.4136288007100424
fits,row,mlp_signed,64,2000,test_block,row_l1,27,6,3,20,1.5125794271628061,0.23417164424892112,73854,9.989948071539402,0.4136288007100424
fits,row,mlp_signed,64,2000,test_block,negative_fraction,0,0,3,20,0.3264493942260742,0.004106043682822557,73854,9.989948071539402,0.4136288007100424
fits,row,mlp_signed,64,2000,test_block,negative_fraction,0,6,3,20,0.49847672780354824,0.004413588887062308,73854,9.989948071539402,0.4136288007100424
fits,row,mlp_signed,64,2000,test_block,negative_fraction,14,0,3,20,0.5108441670735676,0.019497048760935783,73854,9.989948071539402,0.4136288007100424
fits,row,mlp_signed,64,2000,test_block,negative_fraction,14,6,3,20,0.45349095662434896,0.003761574622970618,73854,9.989948071539402,0.4136288007100424
fits,row,mlp_signed,64,2000,test_block,negative_fraction,27,0,3,20,0.3257649739583333,0.011109721114092119,73854,9.989948071539402,0.4136288007100424
fits,row,mlp_signed,64,2000,test_block,negative_fraction,27,6,3,20,0.2915164311726888,0.005212524923843811,73854,9.989948071539402,0.4136288007100424
fits,row,mlp_signed,64,2000,test_block,nonpositive_denominator_fraction,0,0,3,20,0.009537760416666667,0.0021974464624658426,73854,9.989948071539402,0.4136288007100424
fits,row,mlp_signed,64,2000,test_block,nonpositive_denominator_fraction,0,6,3,20,0.384765625,0.025967566287608983,73854,9.989948071539402,0.4136288007100424
fits,row,mlp_signed,64,2000,test_block,nonpositive_denominator_fraction,14,0,3,20,0.0,0.0,73854,9.989948071539402,0.4136288007100424
fits,row,mlp_signed,64,2000,test_block,nonpositive_denominator_fraction,14,6,3,20,0.00029296875,0.0,73854,9.989948071539402,0.4136288007100424
fits,row,mlp_signed,64,2000,test_block,nonpositive_denominator_fraction,27,0,3,20,0.0027343749999999994,0.0007627196949127594,73854,9.989948071539402,0.4136288007100424
fits,row,mlp_signed,64,2000,test_block,nonpositive_denominator_fraction,27,6,3,20,0.00302734375,0.0013531646934131856,73854,9.989948071539402,0.4136288007100424
fits,row,mlp_signed,64,2000,test_block,top1_agreement,0,0,3,20,0.2653971354166667,0.008492351306971985,73854,9.989948071539402,0.4136288007100424
fits,row,mlp_signed,64,2000,test_block,top1_agreement,0,6,3,20,0.007063802083333333,0.0016611133883037857,73854,9.989948071539402,0.4136288007100424
fits,row,mlp_signed,64,2000,test_block,top1_agreement,14,0,3,20,0.9583984375,0.0015347884419435187,73854,9.989948071539402,0.4136288007100424
fits,row,mlp_signed,64,2000,test_block,top1_agreement,14,6,3,20,0.9481119791666667,0.0024980410212173615,73854,9.989948071539402,0.4136288007100424
fits,row,mlp_signed,64,2000,test_block,top1_agreement,27,0,3,20,0.4125651041666667,0.0028975011473273155,73854,9.989948071539402,0.4136288007100424
fits,row,mlp_signed,64,2000,test_block,top1_agreement,27,6,3,20,0.3639322916666667,0.0041527834707594646,73854,9.989948071539402,0.4136288007100424
fits_dimensions,row,kan_positive,128,2000,validation,kernel_nmse,0,0,3,12,0.5166510682966975,0.011207201880896111,98592,24.040028233701985,2.8681315951877173
fits_dimensions,row,kan_positive,128,2000,validation,kernel_nmse,0,6,3,12,0.9314563953214221,0.004639901317987871,98592,24.040028233701985,2.8681315951877173
fits_dimensions,row,kan_positive,128,2000,validation,kernel_nmse,14,0,3,12,0.15269803214404318,0.0005421919073031478,98592,24.040028233701985,2.8681315951877173
fits_dimensions,row,kan_positive,128,2000,validation,kernel_nmse,14,6,3,12,0.13961973889834353,0.002033907857970089,98592,24.040028233701985,2.8681315951877173
fits_dimensions,row,kan_positive,128,2000,validation,kernel_nmse,27,0,3,12,0.6750619113445282,0.004113594406796197,98592,24.040028233701985,2.8681315951877173
fits_dimensions,row,kan_positive,128,2000,validation,kernel_nmse,27,6,3,12,0.6606842941708035,0.0034089900033673973,98592,24.040028233701985,2.8681315951877173
fits_dimensions,row,kan_positive,128,2000,validation,attention_nmse,0,0,3,12,0.5289624374773768,0.00793308675370669,98592,24.040028233701985,2.8681315951877173
fits_dimensions,row,kan_positive,128,2000,validation,attention_nmse,0,6,3,12,0.9553314331505033,0.0017705775264481346,98592,24.040028233701985,2.8681315951877173
fits_dimensions,row,kan_positive,128,2000,validation,attention_nmse,14,0,3,12,0.15534879039559102,0.0018854506337603449,98592,24.040028233701985,2.8681315951877173
fits_dimensions,row,kan_positive,128,2000,validation,attention_nmse,14,6,3,12,0.13561251521524456,0.002496652353070783,98592,24.040028233701985,2.8681315951877173
fits_dimensions,row,kan_positive,128,2000,validation,attention_nmse,27,0,3,12,0.6593463387754229,0.0023160506702104883,98592,24.040028233701985,2.8681315951877173
fits_dimensions,row,kan_positive,128,2000,validation,attention_nmse,27,6,3,12,0.642747143904368,0.0034644555667852663,98592,24.040028233701985,2.8681315951877173
fits_dimensions,row,kan_positive,128,2000,validation,output_nmse,0,0,3,12,0.017106740347420175,0.0008387023589706454,98592,24.040028233701985,2.8681315951877173
fits_dimensions,row,kan_positive,128,2000,validation,output_nmse,0,6,3,12,0.855933161245452,0.032846721653938975,98592,24.040028233701985,2.8681315951877173
fits_dimensions,row,kan_positive,128,2000,validation,output_nmse,14,0,3,12,0.7116943680577807,0.005676353819064546,98592,24.040028233701985,2.8681315951877173
fits_dimensions,row,kan_positive,128,2000,validation,output_nmse,14,6,3,12,0.5468265016873678,0.004471112849146634,98592,24.040028233701985,2.8681315951877173
fits_dimensions,row,kan_positive,128,2000,validation,output_nmse,27,0,3,12,0.17136246938672328,0.001616756217243076,98592,24.040028233701985,2.8681315951877173
fits_dimensions,row,kan_positive,128,2000,validation,output_nmse,27,6,3,12,0.29915242476595766,0.0028410238497805764,98592,24.040028233701985,2.8681315951877173
fits_dimensions,row,kan_positive,128,2000,validation,row_l1,0,0,3,12,0.5858360081911087,0.009503642099629762,98592,24.040028233701985,2.8681315951877173
fits_dimensions,row,kan_positive,128,2000,validation,row_l1,0,6,3,12,1.9395573569668665,0.001300648400348368,98592,24.040028233701985,2.8681315951877173
fits_dimensions,row,kan_positive,128,2000,validation,row_l1,14,0,3,12,0.6324707882271873,0.02149309001812906,98592,24.040028233701985,2.8681315951877173
fits_dimensions,row,kan_positive,128,2000,validation,row_l1,14,6,3,12,0.8249207437038422,0.0044493955001225,98592,24.040028233701985,2.8681315951877173
fits_dimensions,row,kan_positive,128,2000,validation,row_l1,27,0,3,12,0.8361889868974686,0.0016212037342764186,98592,24.040028233701985,2.8681315951877173
fits_dimensions,row,kan_positive,128,2000,validation,row_l1,27,6,3,12,0.8173470480574503,0.003466855571948891,98592,24.040028233701985,2.8681315951877173
fits_dimensions,row,kan_positive,128,2000,validation,negative_fraction,0,0,3,12,0.0,0.0,98592,24.040028233701985,2.8681315951877173
fits_dimensions,row,kan_positive,128,2000,validation,negative_fraction,0,6,3,12,0.0,0.0,98592,24.040028233701985,2.8681315951877173
fits_dimensions,row,kan_positive,128,2000,validation,negative_fraction,14,0,3,12,0.0,0.0,98592,24.040028233701985,2.8681315951877173
fits_dimensions,row,kan_positive,128,2000,validation,negative_fraction,14,6,3,12,0.0,0.0,98592,24.040028233701985,2.8681315951877173
fits_dimensions,row,kan_positive,128,2000,validation,negative_fraction,27,0,3,12,0.0,0.0,98592,24.040028233701985,2.8681315951877173
fits_dimensions,row,kan_positive,128,2000,validation,negative_fraction,27,6,3,12,0.0,0.0,98592,24.040028233701985,2.8681315951877173
fits_dimensions,row,kan_positive,128,2000,validation,nonpositive_denominator_fraction,0,0,3,12,0.0,0.0,98592,24.040028233701985,2.8681315951877173
fits_dimensions,row,kan_positive,128,2000,validation,nonpositive_denominator_fraction,0,6,3,12,0.0,0.0,98592,24.040028233701985,2.8681315951877173
fits_dimensions,row,kan_positive,128,2000,validation,nonpositive_denominator_fraction,14,0,3,12,0.0,0.0,98592,24.040028233701985,2.8681315951877173
fits_dimensions,row,kan_positive,128,2000,validation,nonpositive_denominator_fraction,14,6,3,12,0.0,0.0,98592,24.040028233701985,2.8681315951877173
fits_dimensions,row,kan_positive,128,2000,validation,nonpositive_denominator_fraction,27,0,3,12,0.0,0.0,98592,24.040028233701985,2.8681315951877173
fits_dimensions,row,kan_positive,128,2000,validation,nonpositive_denominator_fraction,27,6,3,12,0.0,0.0,98592,24.040028233701985,2.8681315951877173
fits_dimensions,row,kan_positive,128,2000,validation,top1_agreement,0,0,3,12,0.4216037326388889,0.002876457496052878,98592,24.040028233701985,2.8681315951877173
fits_dimensions,row,kan_positive,128,2000,validation,top1_agreement,0,6,3,12,0.22629123263888887,0.02577188409465303,98592,24.040028233701985,2.8681315951877173
fits_dimensions,row,kan_positive,128,2000,validation,top1_agreement,14,0,3,12,0.8300238715277778,9.396977037589428e-05,98592,24.040028233701985,2.8681315951877173
fits_dimensions,row,kan_positive,128,2000,validation,top1_agreement,14,6,3,12,0.8766276041666666,0.0,98592,24.040028233701985,2.8681315951877173
fits_dimensions,row,kan_positive,128,2000,validation,top1_agreement,27,0,3,12,0.19259982638888887,0.0013842611569198123,98592,24.040028233701985,2.8681315951877173
fits_dimensions,row,kan_positive,128,2000,validation,top1_agreement,27,6,3,12,0.1464301215277778,0.0032320683612427235,98592,24.040028233701985,2.8681315951877173
fits_dimensions,row,kan_positive,128,2000,test,kernel_nmse,0,0,3,20,0.527128991484642,0.011968271915956962,98592,24.040028233701985,2.8681315951877173
fits_dimensions,row,kan_positive,128,2000,test,kernel_nmse,0,6,3,20,0.9320180773735046,0.0038315334579211717,98592,24.040028233701985,2.8681315951877173
fits_dimensions,row,kan_positive,128,2000,test,kernel_nmse,14,0,3,20,0.1456524449090163,0.00020670674083812945,98592,24.040028233701985,2.8681315951877173
fits_dimensions,row,kan_positive,128,2000,test,kernel_nmse,14,6,3,20,0.12381444393346708,0.002006188558676545,98592,24.040028233701985,2.8681315951877173
fits_dimensions,row,kan_positive,128,2000,test,kernel_nmse,27,0,3,20,0.6306426654259364,0.003479868060475141,98592,24.040028233701985,2.8681315951877173
fits_dimensions,row,kan_positive,128,2000,test,kernel_nmse,27,6,3,20,0.6325770874818166,0.004163095096784574,98592,24.040028233701985,2.8681315951877173
fits_dimensions,row,kan_positive,128,2000,test,attention_nmse,0,0,3,20,0.5415392617384592,0.007222318166247315,98592,24.040028233701985,2.8681315951877173
fits_dimensions,row,kan_positive,128,2000,test,attention_nmse,0,6,3,20,0.9553461939096451,0.001642419878073053,98592,24.040028233701985,2.8681315951877173
fits_dimensions,row,kan_positive,128,2000,test,attention_nmse,14,0,3,20,0.15472907250126203,0.0015734032019546216,98592,24.040028233701985,2.8681315951877173
fits_dimensions,row,kan_positive,128,2000,test,attention_nmse,14,6,3,20,0.12104183565825223,0.002867913827813053,98592,24.040028233701985,2.8681315951877173
fits_dimensions,row,kan_positive,128,2000,test,attention_nmse,27,0,3,20,0.6231206109126408,0.0027984187096835238,98592,24.040028233701985,2.8681315951877173
fits_dimensions,row,kan_positive,128,2000,test,attention_nmse,27,6,3,20,0.62008069952329,0.0032104060025593666,98592,24.040028233701985,2.8681315951877173
fits_dimensions,row,kan_positive,128,2000,test,output_nmse,0,0,3,20,0.017091690112526217,0.00079420200272662,98592,24.040028233701985,2.8681315951877173
fits_dimensions,row,kan_positive,128,2000,test,output_nmse,0,6,3,20,0.8547590444485347,0.03114074126024078,98592,24.040028233701985,2.8681315951877173
fits_dimensions,row,kan_positive,128,2000,test,output_nmse,14,0,3,20,0.7009391864140828,0.004344153800741457,98592,24.040028233701985,2.8681315951877173
fits_dimensions,row,kan_positive,128,2000,test,output_nmse,14,6,3,20,0.5299738923708598,0.005420298336584907,98592,24.040028233701985,2.8681315951877173
fits_dimensions,row,kan_positive,128,2000,test,output_nmse,27,0,3,20,0.14596224365135035,0.000835897319843059,98592,24.040028233701985,2.8681315951877173
fits_dimensions,row,kan_positive,128,2000,test,output_nmse,27,6,3,20,0.2988704646627109,0.00504471111377601,98592,24.040028233701985,2.8681315951877173
fits_dimensions,row,kan_positive,128,2000,test,row_l1,0,0,3,20,0.5913897772630056,0.009000801505499026,98592,24.040028233701985,2.8681315951877173
fits_dimensions,row,kan_positive,128,2000,test,row_l1,0,6,3,20,1.9394436677296956,0.0012565092362915925,98592,24.040028233701985,2.8681315951877173
fits_dimensions,row,kan_positive,128,2000,test,row_l1,14,0,3,20,0.6325770676136017,0.020377498148023976,98592,24.040028233701985,2.8681315951877173
fits_dimensions,row,kan_positive,128,2000,test,row_l1,14,6,3,20,0.7963692436615627,0.002231338218073083,98592,24.040028233701985,2.8681315951877173
fits_dimensions,row,kan_positive,128,2000,test,row_l1,27,0,3,20,0.8039463629325231,0.0009584319080325678,98592,24.040028233701985,2.8681315951877173
fits_dimensions,row,kan_positive,128,2000,test,row_l1,27,6,3,20,0.800439327955246,0.0036788020969877005,98592,24.040028233701985,2.8681315951877173
fits_dimensions,row,kan_positive,128,2000,test,negative_fraction,0,0,3,20,0.0,0.0,98592,24.040028233701985,2.8681315951877173
fits_dimensions,row,kan_positive,128,2000,test,negative_fraction,0,6,3,20,0.0,0.0,98592,24.040028233701985,2.8681315951877173
fits_dimensions,row,kan_positive,128,2000,test,negative_fraction,14,0,3,20,0.0,0.0,98592,24.040028233701985,2.8681315951877173
fits_dimensions,row,kan_positive,128,2000,test,negative_fraction,14,6,3,20,0.0,0.0,98592,24.040028233701985,2.8681315951877173
fits_dimensions,row,kan_positive,128,2000,test,negative_fraction,27,0,3,20,0.0,0.0,98592,24.040028233701985,2.8681315951877173
fits_dimensions,row,kan_positive,128,2000,test,negative_fraction,27,6,3,20,0.0,0.0,98592,24.040028233701985,2.8681315951877173
fits_dimensions,row,kan_positive,128,2000,test,nonpositive_denominator_fraction,0,0,3,20,0.0,0.0,98592,24.040028233701985,2.8681315951877173
fits_dimensions,row,kan_positive,128,2000,test,nonpositive_denominator_fraction,0,6,3,20,0.0,0.0,98592,24.040028233701985,2.8681315951877173
fits_dimensions,row,kan_positive,128,2000,test,nonpositive_denominator_fraction,14,0,3,20,0.0,0.0,98592,24.040028233701985,2.8681315951877173
fits_dimensions,row,kan_positive,128,2000,test,nonpositive_denominator_fraction,14,6,3,20,0.0,0.0,98592,24.040028233701985,2.8681315951877173
fits_dimensions,row,kan_positive,128,2000,test,nonpositive_denominator_fraction,27,0,3,20,0.0,0.0,98592,24.040028233701985,2.8681315951877173
fits_dimensions,row,kan_positive,128,2000,test,nonpositive_denominator_fraction,27,6,3,20,0.0,0.0,98592,24.040028233701985,2.8681315951877173
fits_dimensions,row,kan_positive,128,2000,test,top1_agreement,0,0,3,20,0.4034830729166667,0.007112388112060211,98592,24.040028233701985,2.8681315951877173
fits_dimensions,row,kan_positive,128,2000,test,top1_agreement,0,6,3,20,0.23157552083333333,0.016299039741423806,98592,24.040028233701985,2.8681315951877173
fits_dimensions,row,kan_positive,128,2000,test,top1_agreement,14,0,3,20,0.82802734375,0.0,98592,24.040028233701985,2.8681315951877173
fits_dimensions,row,kan_positive,128,2000,test,top1_agreement,14,6,3,20,0.89365234375,0.0,98592,24.040028233701985,2.8681315951877173
fits_dimensions,row,kan_positive,128,2000,test,top1_agreement,27,0,3,20,0.18834635416666667,0.0033049583714836054,98592,24.040028233701985,2.8681315951877173
fits_dimensions,row,kan_positive,128,2000,test,top1_agreement,27,6,3,20,0.16715494791666666,0.004173400523789456,98592,24.040028233701985,2.8681315951877173
fits_dimensions,row,kan_positive,128,2000,test_long,kernel_nmse,0,0,3,8,12.686351617177328,1.0806313334963582,98592,24.040028233701985,2.8681315951877173
fits_dimensions,row,kan_positive,128,2000,test_long,kernel_nmse,0,6,3,8,13.17397971947988,5.484204327349217,98592,24.040028233701985,2.8681315951877173
fits_dimensions,row,kan_positive,128,2000,test_long,kernel_nmse,14,0,3,8,0.5326077863574028,0.00650140071663353,98592,24.040028233701985,2.8681315951877173
fits_dimensions,row,kan_positive,128,2000,test_long,kernel_nmse,14,6,3,8,0.43635232994953793,0.009849477750029798,98592,24.040028233701985,2.8681315951877173
fits_dimensions,row,kan_positive,128,2000,test_long,kernel_nmse,27,0,3,8,1.0082860787709553,0.042349660802898065,98592,24.040028233701985,2.8681315951877173
fits_dimensions,row,kan_positive,128,2000,test_long,kernel_nmse,27,6,3,8,1.5174453804890315,0.09835000454581187,98592,24.040028233701985,2.8681315951877173
fits_dimensions,row,kan_positive,128,2000,test_long,attention_nmse,0,0,3,8,0.9620286474625269,0.0042193635878545,98592,24.040028233701985,2.8681315951877173
fits_dimensions,row,kan_positive,128,2000,test_long,attention_nmse,0,6,3,8,1.0031745433807373,0.0001976998009349079,98592,24.040028233701985,2.8681315951877173
fits_dimensions,row,kan_positive,128,2000,test_long,attention_nmse,14,0,3,8,0.5329103767871857,0.043933244073890584,98592,24.040028233701985,2.8681315951877173
fits_dimensions,row,kan_positive,128,2000,test_long,attention_nmse,14,6,3,8,0.41507499540845555,0.010477846959320927,98592,24.040028233701985,2.8681315951877173
fits_dimensions,row,kan_positive,128,2000,test_long,attention_nmse,27,0,3,8,0.9009787489970525,0.007607946492630666,98592,24.040028233701985,2.8681315951877173
fits_dimensions,row,kan_positive,128,2000,test_long,attention_nmse,27,6,3,8,0.9951503028472265,0.02271327237040938,98592,24.040028233701985,2.8681315951877173
fits_dimensions,row,kan_positive,128,2000,test_long,output_nmse,0,0,3,8,0.058952614975472294,0.0008830882629865936,98592,24.040028233701985,2.8681315951877173
fits_dimensions,row,kan_positive,128,2000,test_long,output_nmse,0,6,3,8,0.9343914513786634,0.017966356839771474,98592,24.040028233701985,2.8681315951877173
fits_dimensions,row,kan_positive,128,2000,test_long,output_nmse,14,0,3,8,1.5649057527383168,0.07842824371808459,98592,24.040028233701985,2.8681315951877173
fits_dimensions,row,kan_positive,128,2000,test_long,output_nmse,14,6,3,8,1.1034370337923367,0.024495280910774783,98592,24.040028233701985,2.8681315951877173
fits_dimensions,row,kan_positive,128,2000,test_long,output_nmse,27,0,3,8,0.21320851085086664,0.0021382649188357895,98592,24.040028233701985,2.8681315951877173
fits_dimensions,row,kan_positive,128,2000,test_long,output_nmse,27,6,3,8,0.3573029600083828,0.007968256376558574,98592,24.040028233701985,2.8681315951877173
fits_dimensions,row,kan_positive,128,2000,test_long,row_l1,0,0,3,8,1.2636756151914597,0.02098670591384623,98592,24.040028233701985,2.8681315951877173
fits_dimensions,row,kan_positive,128,2000,test_long,row_l1,0,6,3,8,1.9985421200593312,0.00019036949386713227,98592,24.040028233701985,2.8681315951877173
fits_dimensions,row,kan_positive,128,2000,test_long,row_l1,14,0,3,8,1.4591747274001439,0.06146767385745497,98592,24.040028233701985,2.8681315951877173
fits_dimensions,row,kan_positive,128,2000,test_long,row_l1,14,6,3,8,1.3363249053557713,0.012883688450351847,98592,24.040028233701985,2.8681315951877173
fits_dimensions,row,kan_positive,128,2000,test_long,row_l1,27,0,3,8,1.206456904609998,0.00797877524945768,98592,24.040028233701985,2.8681315951877173
fits_dimensions,row,kan_positive,128,2000,test_long,row_l1,27,6,3,8,1.2318718880414963,0.023172841881515326,98592,24.040028233701985,2.8681315951877173
fits_dimensions,row,kan_positive,128,2000,test_long,negative_fraction,0,0,3,8,0.0,0.0,98592,24.040028233701985,2.8681315951877173
fits_dimensions,row,kan_positive,128,2000,test_long,negative_fraction,0,6,3,8,0.0,0.0,98592,24.040028233701985,2.8681315951877173
fits_dimensions,row,kan_positive,128,2000,test_long,negative_fraction,14,0,3,8,0.0,0.0,98592,24.040028233701985,2.8681315951877173
fits_dimensions,row,kan_positive,128,2000,test_long,negative_fraction,14,6,3,8,0.0,0.0,98592,24.040028233701985,2.8681315951877173
fits_dimensions,row,kan_positive,128,2000,test_long,negative_fraction,27,0,3,8,0.0,0.0,98592,24.040028233701985,2.8681315951877173
fits_dimensions,row,kan_positive,128,2000,test_long,negative_fraction,27,6,3,8,0.0,0.0,98592,24.040028233701985,2.8681315951877173
fits_dimensions,row,kan_positive,128,2000,test_long,nonpositive_denominator_fraction,0,0,3,8,0.0,0.0,98592,24.040028233701985,2.8681315951877173
fits_dimensions,row,kan_positive,128,2000,test_long,nonpositive_denominator_fraction,0,6,3,8,0.0,0.0,98592,24.040028233701985,2.8681315951877173
fits_dimensions,row,kan_positive,128,2000,test_long,nonpositive_denominator_fraction,14,0,3,8,0.0,0.0,98592,24.040028233701985,2.8681315951877173
fits_dimensions,row,kan_positive,128,2000,test_long,nonpositive_denominator_fraction,14,6,3,8,0.0,0.0,98592,24.040028233701985,2.8681315951877173
fits_dimensions,row,kan_positive,128,2000,test_long,nonpositive_denominator_fraction,27,0,3,8,0.0,0.0,98592,24.040028233701985,2.8681315951877173
fits_dimensions,row,kan_positive,128,2000,test_long,nonpositive_denominator_fraction,27,6,3,8,0.0,0.0,98592,24.040028233701985,2.8681315951877173
fits_dimensions,row,kan_positive,128,2000,test_long,top1_agreement,0,0,3,8,0.0,0.0,98592,24.040028233701985,2.8681315951877173
fits_dimensions,row,kan_positive,128,2000,test_long,top1_agreement,0,6,3,8,0.0,0.0,98592,24.040028233701985,2.8681315951877173
fits_dimensions,row,kan_positive,128,2000,test_long,top1_agreement,14,0,3,8,0.833740234375,0.000244140625,98592,24.040028233701985,2.8681315951877173
fits_dimensions,row,kan_positive,128,2000,test_long,top1_agreement,14,6,3,8,0.88232421875,0.0,98592,24.040028233701985,2.8681315951877173
fits_dimensions,row,kan_positive,128,2000,test_long,top1_agreement,27,0,3,8,0.08479817708333333,0.001588478295568289,98592,24.040028233701985,2.8681315951877173
fits_dimensions,row,kan_positive,128,2000,test_long,top1_agreement,27,6,3,8,0.007405598958333333,0.0007458619295175521,98592,24.040028233701985,2.8681315951877173
fits_dimensions,row,kan_positive,128,2000,ood,kernel_nmse,0,0,3,8,0.6610948766271273,0.011685702665589619,98592,24.040028233701985,2.8681315951877173
fits_dimensions,row,kan_positive,128,2000,ood,kernel_nmse,0,6,3,8,0.9346649448076884,0.003524825719030395,98592,24.040028233701985,2.8681315951877173
fits_dimensions,row,kan_positive,128,2000,ood,kernel_nmse,14,0,3,8,0.13186242959151664,0.0003186934850008533,98592,24.040028233701985,2.8681315951877173
fits_dimensions,row,kan_positive,128,2000,ood,kernel_nmse,14,6,3,8,0.13524452301984033,0.0020712039372859955,98592,24.040028233701985,2.8681315951877173
fits_dimensions,row,kan_positive,128,2000,ood,kernel_nmse,27,0,3,8,0.6606454427043597,0.009212770866429357,98592,24.040028233701985,2.8681315951877173
fits_dimensions,row,kan_positive,128,2000,ood,kernel_nmse,27,6,3,8,0.6798516139388084,0.008894088765624591,98592,24.040028233701985,2.8681315951877173
fits_dimensions,row,kan_positive,128,2000,ood,attention_nmse,0,0,3,8,0.6676441902915636,0.007052550833459326,98592,24.040028233701985,2.8681315951877173
fits_dimensions,row,kan_positive,128,2000,ood,attention_nmse,0,6,3,8,0.9556255241235098,0.001468615123691435,98592,24.040028233701985,2.8681315951877173
fits_dimensions,row,kan_positive,128,2000,ood,attention_nmse,14,0,3,8,0.1459490570705384,0.002760842657055185,98592,24.040028233701985,2.8681315951877173
fits_dimensions,row,kan_positive,128,2000,ood,attention_nmse,14,6,3,8,0.14218528444568315,0.005996701235853472,98592,24.040028233701985,2.8681315951877173
fits_dimensions,row,kan_positive,128,2000,ood,attention_nmse,27,0,3,8,0.6288866524895033,0.0036359072045378535,98592,24.040028233701985,2.8681315951877173
fits_dimensions,row,kan_positive,128,2000,ood,attention_nmse,27,6,3,8,0.6142325587570667,0.007490217262056623,98592,24.040028233701985,2.8681315951877173
fits_dimensions,row,kan_positive,128,2000,ood,output_nmse,0,0,3,8,0.04031618890197327,0.0009277293827098776,98592,24.040028233701985,2.8681315951877173
fits_dimensions,row,kan_positive,128,2000,ood,output_nmse,0,6,3,8,0.8537173594037691,0.03221858045076276,98592,24.040028233701985,2.8681315951877173
fits_dimensions,row,kan_positive,128,2000,ood,output_nmse,14,0,3,8,0.7185103346904119,0.008745851602608417,98592,24.040028233701985,2.8681315951877173
fits_dimensions,row,kan_positive,128,2000,ood,output_nmse,14,6,3,8,0.5558197448650996,0.00990849428249422,98592,24.040028233701985,2.8681315951877173
fits_dimensions,row,kan_positive,128,2000,ood,output_nmse,27,0,3,8,0.15595483065893254,0.000818115193560651,98592,24.040028233701985,2.8681315951877173
fits_dimensions,row,kan_positive,128,2000,ood,output_nmse,27,6,3,8,0.2642475363487999,0.00661014239425163,98592,24.040028233701985,2.8681315951877173
fits_dimensions,row,kan_positive,128,2000,ood,row_l1,0,0,3,8,0.7147859235604604,0.00941672195469711,98592,24.040028233701985,2.8681315951877173
fits_dimensions,row,kan_positive,128,2000,ood,row_l1,0,6,3,8,1.938739612698555,0.0010253768015791376,98592,24.040028233701985,2.8681315951877173
fits_dimensions,row,kan_positive,128,2000,ood,row_l1,14,0,3,8,0.5980160099764665,0.019644013122687105,98592,24.040028233701985,2.8681315951877173
fits_dimensions,row,kan_positive,128,2000,ood,row_l1,14,6,3,8,0.7880824829141299,0.0038577889185971532,98592,24.040028233701985,2.8681315951877173
fits_dimensions,row,kan_positive,128,2000,ood,row_l1,27,0,3,8,0.8001408825318018,0.003720377973825364,98592,24.040028233701985,2.8681315951877173
fits_dimensions,row,kan_positive,128,2000,ood,row_l1,27,6,3,8,0.8032031233112017,0.009418308717663785,98592,24.040028233701985,2.8681315951877173
fits_dimensions,row,kan_positive,128,2000,ood,negative_fraction,0,0,3,8,0.0,0.0,98592,24.040028233701985,2.8681315951877173
fits_dimensions,row,kan_positive,128,2000,ood,negative_fraction,0,6,3,8,0.0,0.0,98592,24.040028233701985,2.8681315951877173
fits_dimensions,row,kan_positive,128,2000,ood,negative_fraction,14,0,3,8,0.0,0.0,98592,24.040028233701985,2.8681315951877173
fits_dimensions,row,kan_positive,128,2000,ood,negative_fraction,14,6,3,8,0.0,0.0,98592,24.040028233701985,2.8681315951877173
fits_dimensions,row,kan_positive,128,2000,ood,negative_fraction,27,0,3,8,0.0,0.0,98592,24.040028233701985,2.8681315951877173
fits_dimensions,row,kan_positive,128,2000,ood,negative_fraction,27,6,3,8,0.0,0.0,98592,24.040028233701985,2.8681315951877173
fits_dimensions,row,kan_positive,128,2000,ood,nonpositive_denominator_fraction,0,0,3,8,0.0,0.0,98592,24.040028233701985,2.8681315951877173
fits_dimensions,row,kan_positive,128,2000,ood,nonpositive_denominator_fraction,0,6,3,8,0.0,0.0,98592,24.040028233701985,2.8681315951877173
fits_dimensions,row,kan_positive,128,2000,ood,nonpositive_denominator_fraction,14,0,3,8,0.0,0.0,98592,24.040028233701985,2.8681315951877173
fits_dimensions,row,kan_positive,128,2000,ood,nonpositive_denominator_fraction,14,6,3,8,0.0,0.0,98592,24.040028233701985,2.8681315951877173
fits_dimensions,row,kan_positive,128,2000,ood,nonpositive_denominator_fraction,27,0,3,8,0.0,0.0,98592,24.040028233701985,2.8681315951877173
fits_dimensions,row,kan_positive,128,2000,ood,nonpositive_denominator_fraction,27,6,3,8,0.0,0.0,98592,24.040028233701985,2.8681315951877173
fits_dimensions,row,kan_positive,128,2000,ood,top1_agreement,0,0,3,8,0.26904296875,0.007205251251647318,98592,24.040028233701985,2.8681315951877173
fits_dimensions,row,kan_positive,128,2000,ood,top1_agreement,0,6,3,8,0.22005208333333334,0.026261104475368027,98592,24.040028233701985,2.8681315951877173
fits_dimensions,row,kan_positive,128,2000,ood,top1_agreement,14,0,3,8,0.855712890625,0.0,98592,24.040028233701985,2.8681315951877173
fits_dimensions,row,kan_positive,128,2000,ood,top1_agreement,14,6,3,8,0.8994140625,0.0,98592,24.040028233701985,2.8681315951877173
fits_dimensions,row,kan_positive,128,2000,ood,top1_agreement,27,0,3,8,0.202880859375,0.003758497148032386,98592,24.040028233701985,2.8681315951877173
fits_dimensions,row,kan_positive,128,2000,ood,top1_agreement,27,6,3,8,0.14900716145833334,0.008179014589356924,98592,24.040028233701985,2.8681315951877173
fits_dimensions,row,kan_positive,128,2000,test_block,kernel_nmse,0,0,3,20,0.5867228532830874,0.002035789600185043,98592,24.040028233701985,2.8681315951877173
fits_dimensions,row,kan_positive,128,2000,test_block,kernel_nmse,0,6,3,20,0.9987374524275462,0.0002111741031387025,98592,24.040028233701985,2.8681315951877173
fits_dimensions,row,kan_positive,128,2000,test_block,kernel_nmse,14,0,3,20,0.19994309345881145,0.005498890503275782,98592,24.040028233701985,2.8681315951877173
fits_dimensions,row,kan_positive,128,2000,test_block,kernel_nmse,14,6,3,20,0.13285689999659858,0.001799266715943045,98592,24.040028233701985,2.8681315951877173
fits_dimensions,row,kan_positive,128,2000,test_block,kernel_nmse,27,0,3,20,0.5738792429367702,0.00036576422263999924,98592,24.040028233701985,2.8681315951877173
fits_dimensions,row,kan_positive,128,2000,test_block,kernel_nmse,27,6,3,20,0.6096562415361404,0.006390505291451698,98592,24.040028233701985,2.8681315951877173
fits_dimensions,row,kan_positive,128,2000,test_block,attention_nmse,0,0,3,20,0.5188800061742465,0.006824328556421547,98592,24.040028233701985,2.8681315951877173
fits_dimensions,row,kan_positive,128,2000,test_block,attention_nmse,0,6,3,20,1.0543753683567048,0.022552659746510172,98592,24.040028233701985,2.8681315951877173
fits_dimensions,row,kan_positive,128,2000,test_block,attention_nmse,14,0,3,20,0.06870380205412706,0.0015990172057014777,98592,24.040028233701985,2.8681315951877173
fits_dimensions,row,kan_positive,128,2000,test_block,attention_nmse,14,6,3,20,0.07759382091462612,0.0005326764551366299,98592,24.040028233701985,2.8681315951877173
fits_dimensions,row,kan_positive,128,2000,test_block,attention_nmse,27,0,3,20,0.5397682840625445,0.006073918771367236,98592,24.040028233701985,2.8681315951877173
fits_dimensions,row,kan_positive,128,2000,test_block,attention_nmse,27,6,3,20,0.5651777034004529,0.006154971112719106,98592,24.040028233701985,2.8681315951877173
fits_dimensions,row,kan_positive,128,2000,test_block,output_nmse,0,0,3,20,0.02949525509029627,0.0015847392105184006,98592,24.040028233701985,2.8681315951877173
fits_dimensions,row,kan_positive,128,2000,test_block,output_nmse,0,6,3,20,1.0064160019159318,0.0394838577864194,98592,24.040028233701985,2.8681315951877173
fits_dimensions,row,kan_positive,128,2000,test_block,output_nmse,14,0,3,20,0.9303374628225963,0.015812094979846897,98592,24.040028233701985,2.8681315951877173
fits_dimensions,row,kan_positive,128,2000,test_block,output_nmse,14,6,3,20,0.3318624111513297,0.0014378653583575938,98592,24.040028233701985,2.8681315951877173
fits_dimensions,row,kan_positive,128,2000,test_block,output_nmse,27,0,3,20,0.16040941141545773,0.0033510118094603166,98592,24.040028233701985,2.8681315951877173
fits_dimensions,row,kan_positive,128,2000,test_block,output_nmse,27,6,3,20,0.30734103148182235,0.006194527831391217,98592,24.040028233701985,2.8681315951877173
fits_dimensions,row,kan_positive,128,2000,test_block,row_l1,0,0,3,20,0.6101705481608709,0.015319705349135043,98592,24.040028233701985,2.8681315951877173
fits_dimensions,row,kan_positive,128,2000,test_block,row_l1,0,6,3,20,1.9071982224782307,0.0036750280443068974,98592,24.040028233701985,2.8681315951877173
fits_dimensions,row,kan_positive,128,2000,test_block,row_l1,14,0,3,20,0.3544038544098536,0.031073722537898765,98592,24.040028233701985,2.8681315951877173
fits_dimensions,row,kan_positive,128,2000,test_block,row_l1,14,6,3,20,0.5617115517457326,0.008557793605193573,98592,24.040028233701985,2.8681315951877173
fits_dimensions,row,kan_positive,128,2000,test_block,row_l1,27,0,3,20,0.7604872624079387,0.000920283430865615,98592,24.040028233701985,2.8681315951877173
fits_dimensions,row,kan_positive,128,2000,test_block,row_l1,27,6,3,20,0.7640126893917719,0.0061080794967752795,98592,24.040028233701985,2.8681315951877173
fits_dimensions,row,kan_positive,128,2000,test_block,negative_fraction,0,0,3,20,0.0,0.0,98592,24.040028233701985,2.8681315951877173
fits_dimensions,row,kan_positive,128,2000,test_block,negative_fraction,0,6,3,20,0.0,0.0,98592,24.040028233701985,2.8681315951877173
fits_dimensions,row,kan_positive,128,2000,test_block,negative_fraction,14,0,3,20,0.0,0.0,98592,24.040028233701985,2.8681315951877173
fits_dimensions,row,kan_positive,128,2000,test_block,negative_fraction,14,6,3,20,0.0,0.0,98592,24.040028233701985,2.8681315951877173
fits_dimensions,row,kan_positive,128,2000,test_block,negative_fraction,27,0,3,20,0.0,0.0,98592,24.040028233701985,2.8681315951877173
fits_dimensions,row,kan_positive,128,2000,test_block,negative_fraction,27,6,3,20,0.0,0.0,98592,24.040028233701985,2.8681315951877173
fits_dimensions,row,kan_positive,128,2000,test_block,nonpositive_denominator_fraction,0,0,3,20,0.0,0.0,98592,24.040028233701985,2.8681315951877173
fits_dimensions,row,kan_positive,128,2000,test_block,nonpositive_denominator_fraction,0,6,3,20,0.0,0.0,98592,24.040028233701985,2.8681315951877173
fits_dimensions,row,kan_positive,128,2000,test_block,nonpositive_denominator_fraction,14,0,3,20,0.0,0.0,98592,24.040028233701985,2.8681315951877173
fits_dimensions,row,kan_positive,128,2000,test_block,nonpositive_denominator_fraction,14,6,3,20,0.0,0.0,98592,24.040028233701985,2.8681315951877173
fits_dimensions,row,kan_positive,128,2000,test_block,nonpositive_denominator_fraction,27,0,3,20,0.0,0.0,98592,24.040028233701985,2.8681315951877173
fits_dimensions,row,kan_positive,128,2000,test_block,nonpositive_denominator_fraction,27,6,3,20,0.0,0.0,98592,24.040028233701985,2.8681315951877173
fits_dimensions,row,kan_positive,128,2000,test_block,top1_agreement,0,0,3,20,0.2349609375,0.00042567372495513564,98592,24.040028233701985,2.8681315951877173
fits_dimensions,row,kan_positive,128,2000,test_block,top1_agreement,0,6,3,20,0.002799479166666667,0.000563818622255494,98592,24.040028233701985,2.8681315951877173
fits_dimensions,row,kan_positive,128,2000,test_block,top1_agreement,14,0,3,20,0.95947265625,0.0,98592,24.040028233701985,2.8681315951877173
fits_dimensions,row,kan_positive,128,2000,test_block,top1_agreement,14,6,3,20,0.9504882812499998,1.3597399555105182e-16,98592,24.040028233701985,2.8681315951877173
fits_dimensions,row,kan_positive,128,2000,test_block,top1_agreement,27,0,3,20,0.30185546874999997,0.00412359225209325,98592,24.040028233701985,2.8681315951877173
fits_dimensions,row,kan_positive,128,2000,test_block,top1_agreement,27,6,3,20,0.21884765625,0.007297477223542728,98592,24.040028233701985,2.8681315951877173
fits_dimensions,row,kan_positive,32,2000,validation,kernel_nmse,0,0,3,12,0.5287355176276631,0.02674590052403351,61536,23.307827509318788,2.8462876213921438
fits_dimensions,row,kan_positive,32,2000,validation,kernel_nmse,0,6,3,12,0.925371226337221,0.0032569681081717574,61536,23.307827509318788,2.8462876213921438
fits_dimensions,row,kan_positive,32,2000,validation,kernel_nmse,14,0,3,12,0.15229516269432172,0.0005895558614626485,61536,23.307827509318788,2.8462876213921438
fits_dimensions,row,kan_positive,32,2000,validation,kernel_nmse,14,6,3,12,0.14261052571237087,0.001973275408463814,61536,23.307827509318788,2.8462876213921438
fits_dimensions,row,kan_positive,32,2000,validation,kernel_nmse,27,0,3,12,0.671722776359982,0.012070996690998993,61536,23.307827509318788,2.8462876213921438
fits_dimensions,row,kan_positive,32,2000,validation,kernel_nmse,27,6,3,12,0.6560906685060925,0.006788824610975105,61536,23.307827509318788,2.8462876213921438
fits_dimensions,row,kan_positive,32,2000,validation,attention_nmse,0,0,3,12,0.5465285927057266,0.03997225791674548,61536,23.307827509318788,2.8462876213921438
fits_dimensions,row,kan_positive,32,2000,validation,attention_nmse,0,6,3,12,0.9507684293720459,0.002630245661188425,61536,23.307827509318788,2.8462876213921438
fits_dimensions,row,kan_positive,32,2000,validation,attention_nmse,14,0,3,12,0.15614556355608833,0.004685528418893014,61536,23.307827509318788,2.8462876213921438
fits_dimensions,row,kan_positive,32,2000,validation,attention_nmse,14,6,3,12,0.13702506954885188,0.0012451511146601584,61536,23.307827509318788,2.8462876213921438
fits_dimensions,row,kan_positive,32,2000,validation,attention_nmse,27,0,3,12,0.6560918175511891,0.011718663188798993,61536,23.307827509318788,2.8462876213921438
fits_dimensions,row,kan_positive,32,2000,validation,attention_nmse,27,6,3,12,0.6373218629095291,0.006581084817481589,61536,23.307827509318788,2.8462876213921438
fits_dimensions,row,kan_positive,32,2000,validation,output_nmse,0,0,3,12,0.01937283140917619,0.004503522539787006,61536,23.307827509318788,2.8462876213921438
fits_dimensions,row,kan_positive,32,2000,validation,output_nmse,0,6,3,12,0.8333470722039541,0.00454343435157695,61536,23.307827509318788,2.8462876213921438
fits_dimensions,row,kan_positive,32,2000,validation,output_nmse,14,0,3,12,0.7107099476787778,0.007732617968532311,61536,23.307827509318788,2.8462876213921438
fits_dimensions,row,kan_positive,32,2000,validation,output_nmse,14,6,3,12,0.5467861253354284,0.00279165729405336,61536,23.307827509318788,2.8462876213921438
fits_dimensions,row,kan_positive,32,2000,validation,output_nmse,27,0,3,12,0.1715811865611209,0.005237327564473551,61536,23.307827509318788,2.8462876213921438
fits_dimensions,row,kan_positive,32,2000,validation,output_nmse,27,6,3,12,0.2938564945426252,0.00415074377222956,61536,23.307827509318788,2.8462876213921438
fits_dimensions,row,kan_positive,32,2000,validation,row_l1,0,0,3,12,0.5934952845176061,0.003944436151108734,61536,23.307827509318788,2.8462876213921438
fits_dimensions,row,kan_positive,32,2000,validation,row_l1,0,6,3,12,1.933323472738266,0.003834006643697435,61536,23.307827509318788,2.8462876213921438
fits_dimensions,row,kan_positive,32,2000,validation,row_l1,14,0,3,12,0.6391133930948046,0.0033964399439415935,61536,23.307827509318788,2.8462876213921438
fits_dimensions,row,kan_positive,32,2000,validation,row_l1,14,6,3,12,0.8255360258950128,0.008789702329365646,61536,23.307827509318788,2.8462876213921438
fits_dimensions,row,kan_positive,32,2000,validation,row_l1,27,0,3,12,0.8333702716562482,0.012666786305235905,61536,23.307827509318788,2.8462876213921438
fits_dimensions,row,kan_positive,32,2000,validation,row_l1,27,6,3,12,0.8122546474138895,0.0070034767159259,61536,23.307827509318788,2.8462876213921438
fits_dimensions,row,kan_positive,32,2000,validation,negative_fraction,0,0,3,12,0.0,0.0,61536,23.307827509318788,2.8462876213921438
fits_dimensions,row,kan_positive,32,2000,validation,negative_fraction,0,6,3,12,0.0,0.0,61536,23.307827509318788,2.8462876213921438
fits_dimensions,row,kan_positive,32,2000,validation,negative_fraction,14,0,3,12,0.0,0.0,61536,23.307827509318788,2.8462876213921438
fits_dimensions,row,kan_positive,32,2000,validation,negative_fraction,14,6,3,12,0.0,0.0,61536,23.307827509318788,2.8462876213921438
fits_dimensions,row,kan_positive,32,2000,validation,negative_fraction,27,0,3,12,0.0,0.0,61536,23.307827509318788,2.8462876213921438
fits_dimensions,row,kan_positive,32,2000,validation,negative_fraction,27,6,3,12,0.0,0.0,61536,23.307827509318788,2.8462876213921438
fits_dimensions,row,kan_positive,32,2000,validation,nonpositive_denominator_fraction,0,0,3,12,0.0,0.0,61536,23.307827509318788,2.8462876213921438
fits_dimensions,row,kan_positive,32,2000,validation,nonpositive_denominator_fraction,0,6,3,12,0.0,0.0,61536,23.307827509318788,2.8462876213921438
fits_dimensions,row,kan_positive,32,2000,validation,nonpositive_denominator_fraction,14,0,3,12,0.0,0.0,61536,23.307827509318788,2.8462876213921438
fits_dimensions,row,kan_positive,32,2000,validation,nonpositive_denominator_fraction,14,6,3,12,0.0,0.0,61536,23.307827509318788,2.8462876213921438
fits_dimensions,row,kan_positive,32,2000,validation,nonpositive_denominator_fraction,27,0,3,12,0.0,0.0,61536,23.307827509318788,2.8462876213921438
fits_dimensions,row,kan_positive,32,2000,validation,nonpositive_denominator_fraction,27,6,3,12,0.0,0.0,61536,23.307827509318788,2.8462876213921438
fits_dimensions,row,kan_positive,32,2000,validation,top1_agreement,0,0,3,12,0.4217664930555555,0.014805234796239505,61536,23.307827509318788,2.8462876213921438
fits_dimensions,row,kan_positive,32,2000,validation,top1_agreement,0,6,3,12,0.24717881944444445,0.012188933343457553,61536,23.307827509318788,2.8462876213921438
fits_dimensions,row,kan_positive,32,2000,validation,top1_agreement,14,0,3,12,0.8300238715277778,9.396977037589428e-05,61536,23.307827509318788,2.8462876213921438
fits_dimensions,row,kan_positive,32,2000,validation,top1_agreement,14,6,3,12,0.8766276041666666,0.0,61536,23.307827509318788,2.8462876213921438
fits_dimensions,row,kan_positive,32,2000,validation,top1_agreement,27,0,3,12,0.19466145833333334,0.009660622559734182,61536,23.307827509318788,2.8462876213921438
fits_dimensions,row,kan_positive,32,2000,validation,top1_agreement,27,6,3,12,0.14892578125,0.01278990368286272,61536,23.307827509318788,2.8462876213921438
fits_dimensions,row,kan_positive,32,2000,test,kernel_nmse,0,0,3,20,0.5374025026957194,0.021421745226602482,61536,23.307827509318788,2.8462876213921438
fits_dimensions,row,kan_positive,32,2000,test,kernel_nmse,0,6,3,20,0.9261651694774627,0.0029583827005358384,61536,23.307827509318788,2.8462876213921438
fits_dimensions,row,kan_positive,32,2000,test,kernel_nmse,14,0,3,20,0.1450782533735037,0.00028237777359527144,61536,23.307827509318788,2.8462876213921438
fits_dimensions,row,kan_positive,32,2000,test,kernel_nmse,14,6,3,20,0.1267100457722942,0.0016873937398795274,61536,23.307827509318788,2.8462876213921438
fits_dimensions,row,kan_positive,32,2000,test,kernel_nmse,27,0,3,20,0.6267293026049933,0.011126705786396176,61536,23.307827509318788,2.8462876213921438
fits_dimensions,row,kan_positive,32,2000,test,kernel_nmse,27,6,3,20,0.6276497572660447,0.007469797356085641,61536,23.307827509318788,2.8462876213921438
fits_dimensions,row,kan_positive,32,2000,test,attention_nmse,0,0,3,20,0.5590190852681797,0.03524952834070809,61536,23.307827509318788,2.8462876213921438
fits_dimensions,row,kan_positive,32,2000,test,attention_nmse,0,6,3,20,0.9508791397015254,0.0026724769868644266,61536,23.307827509318788,2.8462876213921438
fits_dimensions,row,kan_positive,32,2000,test,attention_nmse,14,0,3,20,0.15509152809778848,0.003508418840520136,61536,23.307827509318788,2.8462876213921438
fits_dimensions,row,kan_positive,32,2000,test,attention_nmse,14,6,3,20,0.12173971241960924,0.0010470367220708039,61536,23.307827509318788,2.8462876213921438
fits_dimensions,row,kan_positive,32,2000,test,attention_nmse,27,0,3,20,0.6180456270774206,0.0116583565693341,61536,23.307827509318788,2.8462876213921438
fits_dimensions,row,kan_positive,32,2000,test,attention_nmse,27,6,3,20,0.6149777342875798,0.007422302994972386,61536,23.307827509318788,2.8462876213921438
fits_dimensions,row,kan_positive,32,2000,test,output_nmse,0,0,3,20,0.019473292507852118,0.004692670906119616,61536,23.307827509318788,2.8462876213921438
fits_dimensions,row,kan_positive,32,2000,test,output_nmse,0,6,3,20,0.8328584035237631,0.004920326501278908,61536,23.307827509318788,2.8462876213921438
fits_dimensions,row,kan_positive,32,2000,test,output_nmse,14,0,3,20,0.6997367650270462,0.004570598350190644,61536,23.307827509318788,2.8462876213921438
fits_dimensions,row,kan_positive,32,2000,test,output_nmse,14,6,3,20,0.5305199975768725,0.0024636347621560866,61536,23.307827509318788,2.8462876213921438
fits_dimensions,row,kan_positive,32,2000,test,output_nmse,27,0,3,20,0.14530209464331467,0.0034316425822095106,61536,23.307827509318788,2.8462876213921438
fits_dimensions,row,kan_positive,32,2000,test,output_nmse,27,6,3,20,0.2934409538904826,0.003652701271002578,61536,23.307827509318788,2.8462876213921438
fits_dimensions,row,kan_positive,32,2000,test,row_l1,0,0,3,20,0.5968042145172755,0.0037756514398688285,61536,23.307827509318788,2.8462876213921438
fits_dimensions,row,kan_positive,32,2000,test,row_l1,0,6,3,20,1.9333636621634165,0.003875211371935157,61536,23.307827509318788,2.8462876213921438
fits_dimensions,row,kan_positive,32,2000,test,row_l1,14,0,3,20,0.6384991973638535,0.0034151968773674162,61536,23.307827509318788,2.8462876213921438
fits_dimensions,row,kan_positive,32,2000,test,row_l1,14,6,3,20,0.8000850806633631,0.009123872502457473,61536,23.307827509318788,2.8462876213921438
fits_dimensions,row,kan_positive,32,2000,test,row_l1,27,0,3,20,0.8013727217912674,0.011969491329451848,61536,23.307827509318788,2.8462876213921438
fits_dimensions,row,kan_positive,32,2000,test,row_l1,27,6,3,20,0.7953775753577551,0.007564726809328996,61536,23.307827509318788,2.8462876213921438
fits_dimensions,row,kan_positive,32,2000,test,negative_fraction,0,0,3,20,0.0,0.0,61536,23.307827509318788,2.8462876213921438
fits_dimensions,row,kan_positive,32,2000,test,negative_fraction,0,6,3,20,0.0,0.0,61536,23.307827509318788,2.8462876213921438
fits_dimensions,row,kan_positive,32,2000,test,negative_fraction,14,0,3,20,0.0,0.0,61536,23.307827509318788,2.8462876213921438
fits_dimensions,row,kan_positive,32,2000,test,negative_fraction,14,6,3,20,0.0,0.0,61536,23.307827509318788,2.8462876213921438
fits_dimensions,row,kan_positive,32,2000,test,negative_fraction,27,0,3,20,0.0,0.0,61536,23.307827509318788,2.8462876213921438
fits_dimensions,row,kan_positive,32,2000,test,negative_fraction,27,6,3,20,0.0,0.0,61536,23.307827509318788,2.8462876213921438
fits_dimensions,row,kan_positive,32,2000,test,nonpositive_denominator_fraction,0,0,3,20,0.0,0.0,61536,23.307827509318788,2.8462876213921438
fits_dimensions,row,kan_positive,32,2000,test,nonpositive_denominator_fraction,0,6,3,20,0.0,0.0,61536,23.307827509318788,2.8462876213921438
fits_dimensions,row,kan_positive,32,2000,test,nonpositive_denominator_fraction,14,0,3,20,0.0,0.0,61536,23.307827509318788,2.8462876213921438
fits_dimensions,row,kan_positive,32,2000,test,nonpositive_denominator_fraction,14,6,3,20,0.0,0.0,61536,23.307827509318788,2.8462876213921438
fits_dimensions,row,kan_positive,32,2000,test,nonpositive_denominator_fraction,27,0,3,20,0.0,0.0,61536,23.307827509318788,2.8462876213921438
fits_dimensions,row,kan_positive,32,2000,test,nonpositive_denominator_fraction,27,6,3,20,0.0,0.0,61536,23.307827509318788,2.8462876213921438
fits_dimensions,row,kan_positive,32,2000,test,top1_agreement,0,0,3,20,0.40257161458333335,0.012269890240025727,61536,23.307827509318788,2.8462876213921438
fits_dimensions,row,kan_positive,32,2000,test,top1_agreement,0,6,3,20,0.24954427083333333,0.014395714913454843,61536,23.307827509318788,2.8462876213921438
fits_dimensions,row,kan_positive,32,2000,test,top1_agreement,14,0,3,20,0.8280598958333334,5.638186222556221e-05,61536,23.307827509318788,2.8462876213921438
fits_dimensions,row,kan_positive,32,2000,test,top1_agreement,14,6,3,20,0.89365234375,0.0,61536,23.307827509318788,2.8462876213921438
fits_dimensions,row,kan_positive,32,2000,test,top1_agreement,27,0,3,20,0.19270833333333334,0.0061526020944436205,61536,23.307827509318788,2.8462876213921438
fits_dimensions,row,kan_positive,32,2000,test,top1_agreement,27,6,3,20,0.17135416666666667,0.009347153740062515,61536,23.307827509318788,2.8462876213921438
fits_dimensions,row,kan_positive,32,2000,test_long,kernel_nmse,0,0,3,8,17.72998030980428,6.113100304171731,61536,23.307827509318788,2.8462876213921438
fits_dimensions,row,kan_positive,32,2000,test_long,kernel_nmse,0,6,3,8,8.979002793629965,1.4376367694596615,61536,23.307827509318788,2.8462876213921438
fits_dimensions,row,kan_positive,32,2000,test_long,kernel_nmse,14,0,3,8,0.5318579226732254,0.0060381041607243885,61536,23.307827509318788,2.8462876213921438
fits_dimensions,row,kan_positive,32,2000,test_long,kernel_nmse,14,6,3,8,0.44366313020388287,0.01360890517639911,61536,23.307827509318788,2.8462876213921438
fits_dimensions,row,kan_positive,32,2000,test_long,kernel_nmse,27,0,3,8,1.0234289641181629,0.03160193208404196,61536,23.307827509318788,2.8462876213921438
fits_dimensions,row,kan_positive,32,2000,test_long,kernel_nmse,27,6,3,8,1.4805565824111302,0.15013630595770686,61536,23.307827509318788,2.8462876213921438
fits_dimensions,row,kan_positive,32,2000,test_long,attention_nmse,0,0,3,8,0.960117277999719,0.004386488404978657,61536,23.307827509318788,2.8462876213921438
fits_dimensions,row,kan_positive,32,2000,test_long,attention_nmse,0,6,3,8,1.0034686475992203,0.000634449396504274,61536,23.307827509318788,2.8462876213921438
fits_dimensions,row,kan_positive,32,2000,test_long,attention_nmse,14,0,3,8,0.4929301937421163,0.044288329341362946,61536,23.307827509318788,2.8462876213921438
fits_dimensions,row,kan_positive,32,2000,test_long,attention_nmse,14,6,3,8,0.4154655920962493,0.030387737077821504,61536,23.307827509318788,2.8462876213921438
fits_dimensions,row,kan_positive,32,2000,test_long,attention_nmse,27,0,3,8,0.9074095959464709,0.005924252207625173,61536,23.307827509318788,2.8462876213921438
fits_dimensions,row,kan_positive,32,2000,test_long,attention_nmse,27,6,3,8,0.9858986859520277,0.013492934120453113,61536,23.307827509318788,2.8462876213921438
fits_dimensions,row,kan_positive,32,2000,test_long,output_nmse,0,0,3,8,0.05872321377197901,0.0006840764345438609,61536,23.307827509318788,2.8462876213921438
fits_dimensions,row,kan_positive,32,2000,test_long,output_nmse,0,6,3,8,0.9197533006469408,0.005282524866661869,61536,23.307827509318788,2.8462876213921438
fits_dimensions,row,kan_positive,32,2000,test_long,output_nmse,14,0,3,8,1.5003048330545425,0.0770543564774157,61536,23.307827509318788,2.8462876213921438
fits_dimensions,row,kan_positive,32,2000,test_long,output_nmse,14,6,3,8,1.1057349468270938,0.05108359977467464,61536,23.307827509318788,2.8462876213921438
fits_dimensions,row,kan_positive,32,2000,test_long,output_nmse,27,0,3,8,0.21444910671561956,0.003101644678428565,61536,23.307827509318788,2.8462876213921438
fits_dimensions,row,kan_positive,32,2000,test_long,output_nmse,27,6,3,8,0.3505914993584156,0.005481950240068204,61536,23.307827509318788,2.8462876213921438
fits_dimensions,row,kan_positive,32,2000,test_long,row_l1,0,0,3,8,1.2523740033308666,0.016406037584765578,61536,23.307827509318788,2.8462876213921438
fits_dimensions,row,kan_positive,32,2000,test_long,row_l1,0,6,3,8,1.998333752155304,0.00020447177649987776,61536,23.307827509318788,2.8462876213921438
fits_dimensions,row,kan_positive,32,2000,test_long,row_l1,14,0,3,8,1.4076546480258305,0.06645002385882735,61536,23.307827509318788,2.8462876213921438
fits_dimensions,row,kan_positive,32,2000,test_long,row_l1,14,6,3,8,1.3354836354653041,0.028545617342765613,61536,23.307827509318788,2.8462876213921438
fits_dimensions,row,kan_positive,32,2000,test_long,row_l1,27,0,3,8,1.2131485442320507,0.006955999871433118,61536,23.307827509318788,2.8462876213921438
fits_dimensions,row,kan_positive,32,2000,test_long,row_l1,27,6,3,8,1.2239564557870228,0.01671355944657614,61536,23.307827509318788,2.8462876213921438
fits_dimensions,row,kan_positive,32,2000,test_long,negative_fraction,0,0,3,8,0.0,0.0,61536,23.307827509318788,2.8462876213921438
fits_dimensions,row,kan_positive,32,2000,test_long,negative_fraction,0,6,3,8,0.0,0.0,61536,23.307827509318788,2.8462876213921438
fits_dimensions,row,kan_positive,32,2000,test_long,negative_fraction,14,0,3,8,0.0,0.0,61536,23.307827509318788,2.8462876213921438
fits_dimensions,row,kan_positive,32,2000,test_long,negative_fraction,14,6,3,8,0.0,0.0,61536,23.307827509318788,2.8462876213921438
fits_dimensions,row,kan_positive,32,2000,test_long,negative_fraction,27,0,3,8,0.0,0.0,61536,23.307827509318788,2.8462876213921438
fits_dimensions,row,kan_positive,32,2000,test_long,negative_fraction,27,6,3,8,0.0,0.0,61536,23.307827509318788,2.8462876213921438
fits_dimensions,row,kan_positive,32,2000,test_long,nonpositive_denominator_fraction,0,0,3,8,0.0,0.0,61536,23.307827509318788,2.8462876213921438
fits_dimensions,row,kan_positive,32,2000,test_long,nonpositive_denominator_fraction,0,6,3,8,0.0,0.0,61536,23.307827509318788,2.8462876213921438
fits_dimensions,row,kan_positive,32,2000,test_long,nonpositive_denominator_fraction,14,0,3,8,0.0,0.0,61536,23.307827509318788,2.8462876213921438
fits_dimensions,row,kan_positive,32,2000,test_long,nonpositive_denominator_fraction,14,6,3,8,0.0,0.0,61536,23.307827509318788,2.8462876213921438
fits_dimensions,row,kan_positive,32,2000,test_long,nonpositive_denominator_fraction,27,0,3,8,0.0,0.0,61536,23.307827509318788,2.8462876213921438
fits_dimensions,row,kan_positive,32,2000,test_long,nonpositive_denominator_fraction,27,6,3,8,0.0,0.0,61536,23.307827509318788,2.8462876213921438
fits_dimensions,row,kan_positive,32,2000,test_long,top1_agreement,0,0,3,8,0.0,0.0,61536,23.307827509318788,2.8462876213921438
fits_dimensions,row,kan_positive,32,2000,test_long,top1_agreement,0,6,3,8,0.0,0.0,61536,23.307827509318788,2.8462876213921438
fits_dimensions,row,kan_positive,32,2000,test_long,top1_agreement,14,0,3,8,0.8338216145833334,0.0001409546555638735,61536,23.307827509318788,2.8462876213921438
fits_dimensions,row,kan_positive,32,2000,test_long,top1_agreement,14,6,3,8,0.88232421875,0.0,61536,23.307827509318788,2.8462876213921438
fits_dimensions,row,kan_positive,32,2000,test_long,top1_agreement,27,0,3,8,0.08463541666666667,0.004798672847592958,61536,23.307827509318788,2.8462876213921438
fits_dimensions,row,kan_positive,32,2000,test_long,top1_agreement,27,6,3,8,0.009114583333333334,0.003072035496122538,61536,23.307827509318788,2.8462876213921438
fits_dimensions,row,kan_positive,32,2000,ood,kernel_nmse,0,0,3,8,0.6724618226289749,0.016124006665341577,61536,23.307827509318788,2.8462876213921438
fits_dimensions,row,kan_positive,32,2000,ood,kernel_nmse,0,6,3,8,0.9302677909533182,0.0034924160921982715,61536,23.307827509318788,2.8462876213921438
fits_dimensions,row,kan_positive,32,2000,ood,kernel_nmse,14,0,3,8,0.13175785820931196,0.0003083010514428997,61536,23.307827509318788,2.8462876213921438
fits_dimensions,row,kan_positive,32,2000,ood,kernel_nmse,14,6,3,8,0.13643300238375863,0.0010755546913055406,61536,23.307827509318788,2.8462876213921438
fits_dimensions,row,kan_positive,32,2000,ood,kernel_nmse,27,0,3,8,0.6598750427365303,0.014189156202279675,61536,23.307827509318788,2.8462876213921438
fits_dimensions,row,kan_positive,32,2000,ood,kernel_nmse,27,6,3,8,0.672566145658493,0.013844488393297367,61536,23.307827509318788,2.8462876213921438
fits_dimensions,row,kan_positive,32,2000,ood,attention_nmse,0,0,3,8,0.6881272594134012,0.03162721485115812,61536,23.307827509318788,2.8462876213921438
fits_dimensions,row,kan_positive,32,2000,ood,attention_nmse,0,6,3,8,0.952057734131813,0.002332145670221986,61536,23.307827509318788,2.8462876213921438
fits_dimensions,row,kan_positive,32,2000,ood,attention_nmse,14,0,3,8,0.14558692198867598,0.004905798705964505,61536,23.307827509318788,2.8462876213921438
fits_dimensions,row,kan_positive,32,2000,ood,attention_nmse,14,6,3,8,0.1413409529874722,0.006919888336653936,61536,23.307827509318788,2.8462876213921438
fits_dimensions,row,kan_positive,32,2000,ood,attention_nmse,27,0,3,8,0.6212547483543555,0.007609734459991379,61536,23.307827509318788,2.8462876213921438
fits_dimensions,row,kan_positive,32,2000,ood,attention_nmse,27,6,3,8,0.6083637823661169,0.007234969232133172,61536,23.307827509318788,2.8462876213921438
fits_dimensions,row,kan_positive,32,2000,ood,output_nmse,0,0,3,8,0.04340365746368965,0.004182995265871511,61536,23.307827509318788,2.8462876213921438
fits_dimensions,row,kan_positive,32,2000,ood,output_nmse,0,6,3,8,0.8338943893710772,0.0057314245324034075,61536,23.307827509318788,2.8462876213921438
fits_dimensions,row,kan_positive,32,2000,ood,output_nmse,14,0,3,8,0.7252974187334379,0.007618416840547785,61536,23.307827509318788,2.8462876213921438
fits_dimensions,row,kan_positive,32,2000,ood,output_nmse,14,6,3,8,0.5519912404318651,0.01160107589340258,61536,23.307827509318788,2.8462876213921438
fits_dimensions,row,kan_positive,32,2000,ood,output_nmse,27,0,3,8,0.15248334873467684,0.00219770774211132,61536,23.307827509318788,2.8462876213921438
fits_dimensions,row,kan_positive,32,2000,ood,output_nmse,27,6,3,8,0.25619686612238485,0.007368229153022272,61536,23.307827509318788,2.8462876213921438
fits_dimensions,row,kan_positive,32,2000,ood,row_l1,0,0,3,8,0.7147954106330872,0.005732025267098915,61536,23.307827509318788,2.8462876213921438
fits_dimensions,row,kan_positive,32,2000,ood,row_l1,0,6,3,8,1.933633988102277,0.0034260886587314954,61536,23.307827509318788,2.8462876213921438
fits_dimensions,row,kan_positive,32,2000,ood,row_l1,14,0,3,8,0.606845535337925,0.002382490814178568,61536,23.307827509318788,2.8462876213921438
fits_dimensions,row,kan_positive,32,2000,ood,row_l1,14,6,3,8,0.7867152566711108,0.009927213146866651,61536,23.307827509318788,2.8462876213921438
fits_dimensions,row,kan_positive,32,2000,ood,row_l1,27,0,3,8,0.7987318982680639,0.006239900268169072,61536,23.307827509318788,2.8462876213921438
fits_dimensions,row,kan_positive,32,2000,ood,row_l1,27,6,3,8,0.7981854155659676,0.007719049361431094,61536,23.307827509318788,2.8462876213921438
fits_dimensions,row,kan_positive,32,2000,ood,negative_fraction,0,0,3,8,0.0,0.0,61536,23.307827509318788,2.8462876213921438
fits_dimensions,row,kan_positive,32,2000,ood,negative_fraction,0,6,3,8,0.0,0.0,61536,23.307827509318788,2.8462876213921438
fits_dimensions,row,kan_positive,32,2000,ood,negative_fraction,14,0,3,8,0.0,0.0,61536,23.307827509318788,2.8462876213921438
fits_dimensions,row,kan_positive,32,2000,ood,negative_fraction,14,6,3,8,0.0,0.0,61536,23.307827509318788,2.8462876213921438
fits_dimensions,row,kan_positive,32,2000,ood,negative_fraction,27,0,3,8,0.0,0.0,61536,23.307827509318788,2.8462876213921438
fits_dimensions,row,kan_positive,32,2000,ood,negative_fraction,27,6,3,8,0.0,0.0,61536,23.307827509318788,2.8462876213921438
fits_dimensions,row,kan_positive,32,2000,ood,nonpositive_denominator_fraction,0,0,3,8,0.0,0.0,61536,23.307827509318788,2.8462876213921438
fits_dimensions,row,kan_positive,32,2000,ood,nonpositive_denominator_fraction,0,6,3,8,0.0,0.0,61536,23.307827509318788,2.8462876213921438
fits_dimensions,row,kan_positive,32,2000,ood,nonpositive_denominator_fraction,14,0,3,8,0.0,0.0,61536,23.307827509318788,2.8462876213921438
fits_dimensions,row,kan_positive,32,2000,ood,nonpositive_denominator_fraction,14,6,3,8,0.0,0.0,61536,23.307827509318788,2.8462876213921438
fits_dimensions,row,kan_positive,32,2000,ood,nonpositive_denominator_fraction,27,0,3,8,0.0,0.0,61536,23.307827509318788,2.8462876213921438
fits_dimensions,row,kan_positive,32,2000,ood,nonpositive_denominator_fraction,27,6,3,8,0.0,0.0,61536,23.307827509318788,2.8462876213921438
fits_dimensions,row,kan_positive,32,2000,ood,top1_agreement,0,0,3,8,0.2660319010416667,0.010765282051961504,61536,23.307827509318788,2.8462876213921438
fits_dimensions,row,kan_positive,32,2000,ood,top1_agreement,0,6,3,8,0.24373372395833334,0.014373919681368372,61536,23.307827509318788,2.8462876213921438
fits_dimensions,row,kan_positive,32,2000,ood,top1_agreement,14,0,3,8,0.855712890625,0.0,61536,23.307827509318788,2.8462876213921438
fits_dimensions,row,kan_positive,32,2000,ood,top1_agreement,14,6,3,8,0.8994140625,0.0,61536,23.307827509318788,2.8462876213921438
fits_dimensions,row,kan_positive,32,2000,ood,top1_agreement,27,0,3,8,0.21028645833333334,0.005444573139218011,61536,23.307827509318788,2.8462876213921438
fits_dimensions,row,kan_positive,32,2000,ood,top1_agreement,27,6,3,8,0.16162109375,0.008973621069086477,61536,23.307827509318788,2.8462876213921438
fits_dimensions,row,kan_positive,32,2000,test_block,kernel_nmse,0,0,3,20,0.5913396721084913,0.027506702142783168,61536,23.307827509318788,2.8462876213921438
fits_dimensions,row,kan_positive,32,2000,test_block,kernel_nmse,0,6,3,20,0.9989947835604349,0.00043729841603860024,61536,23.307827509318788,2.8462876213921438
fits_dimensions,row,kan_positive,32,2000,test_block,kernel_nmse,14,0,3,20,0.20024367993076644,0.005562265002364264,61536,23.307827509318788,2.8462876213921438
fits_dimensions,row,kan_positive,32,2000,test_block,kernel_nmse,14,6,3,20,0.13360005381206672,0.001835141259211875,61536,23.307827509318788,2.8462876213921438
fits_dimensions,row,kan_positive,32,2000,test_block,kernel_nmse,27,0,3,20,0.5733184710144996,0.010749325974458978,61536,23.307827509318788,2.8462876213921438
fits_dimensions,row,kan_positive,32,2000,test_block,kernel_nmse,27,6,3,20,0.6007614225149155,0.01179344893422281,61536,23.307827509318788,2.8462876213921438
fits_dimensions,row,kan_positive,32,2000,test_block,attention_nmse,0,0,3,20,0.5339686309297879,0.04308375126689232,61536,23.307827509318788,2.8462876213921438
fits_dimensions,row,kan_positive,32,2000,test_block,attention_nmse,0,6,3,20,1.0558176199595133,0.031840736197885904,61536,23.307827509318788,2.8462876213921438
fits_dimensions,row,kan_positive,32,2000,test_block,attention_nmse,14,0,3,20,0.06907272133976221,0.0017601548679630997,61536,23.307827509318788,2.8462876213921438
fits_dimensions,row,kan_positive,32,2000,test_block,attention_nmse,14,6,3,20,0.08204041725645463,0.0026880394672166882,61536,23.307827509318788,2.8462876213921438
fits_dimensions,row,kan_positive,32,2000,test_block,attention_nmse,27,0,3,20,0.5403081948558489,0.015547498366472125,61536,23.307827509318788,2.8462876213921438
fits_dimensions,row,kan_positive,32,2000,test_block,attention_nmse,27,6,3,20,0.5574804817636808,0.009565583107066825,61536,23.307827509318788,2.8462876213921438
fits_dimensions,row,kan_positive,32,2000,test_block,output_nmse,0,0,3,20,0.032393645402044056,0.0008211680761949688,61536,23.307827509318788,2.8462876213921438
fits_dimensions,row,kan_positive,32,2000,test_block,output_nmse,0,6,3,20,1.0288926313320794,0.03398933585259816,61536,23.307827509318788,2.8462876213921438
fits_dimensions,row,kan_positive,32,2000,test_block,output_nmse,14,0,3,20,0.9343156099319457,0.01919442403005599,61536,23.307827509318788,2.8462876213921438
fits_dimensions,row,kan_positive,32,2000,test_block,output_nmse,14,6,3,20,0.34226956963539124,0.006369362206083553,61536,23.307827509318788,2.8462876213921438
fits_dimensions,row,kan_positive,32,2000,test_block,output_nmse,27,0,3,20,0.16130421720445157,0.005760378467396133,61536,23.307827509318788,2.8462876213921438
fits_dimensions,row,kan_positive,32,2000,test_block,output_nmse,27,6,3,20,0.3016196807225546,0.0032022712168228457,61536,23.307827509318788,2.8462876213921438
fits_dimensions,row,kan_positive,32,2000,test_block,row_l1,0,0,3,20,0.6252288550138474,0.0047539590728942855,61536,23.307827509318788,2.8462876213921438
fits_dimensions,row,kan_positive,32,2000,test_block,row_l1,0,6,3,20,1.9102417151133217,0.0034360018441120777,61536,23.307827509318788,2.8462876213921438
fits_dimensions,row,kan_positive,32,2000,test_block,row_l1,14,0,3,20,0.3670138493180275,0.016325567098234565,61536,23.307827509318788,2.8462876213921438
fits_dimensions,row,kan_positive,32,2000,test_block,row_l1,14,6,3,20,0.5701503147681554,0.01679400947724166,61536,23.307827509318788,2.8462876213921438
fits_dimensions,row,kan_positive,32,2000,test_block,row_l1,27,0,3,20,0.7610613584518432,0.0127994055089672,61536,23.307827509318788,2.8462876213921438
fits_dimensions,row,kan_positive,32,2000,test_block,row_l1,27,6,3,20,0.7599465787410736,0.007685793862080718,61536,23.307827509318788,2.8462876213921438
fits_dimensions,row,kan_positive,32,2000,test_block,negative_fraction,0,0,3,20,0.0,0.0,61536,23.307827509318788,2.8462876213921438
fits_dimensions,row,kan_positive,32,2000,test_block,negative_fraction,0,6,3,20,0.0,0.0,61536,23.307827509318788,2.8462876213921438
fits_dimensions,row,kan_positive,32,2000,test_block,negative_fraction,14,0,3,20,0.0,0.0,61536,23.307827509318788,2.8462876213921438
fits_dimensions,row,kan_positive,32,2000,test_block,negative_fraction,14,6,3,20,0.0,0.0,61536,23.307827509318788,2.8462876213921438
fits_dimensions,row,kan_positive,32,2000,test_block,negative_fraction,27,0,3,20,0.0,0.0,61536,23.307827509318788,2.8462876213921438
fits_dimensions,row,kan_positive,32,2000,test_block,negative_fraction,27,6,3,20,0.0,0.0,61536,23.307827509318788,2.8462876213921438
fits_dimensions,row,kan_positive,32,2000,test_block,nonpositive_denominator_fraction,0,0,3,20,0.0,0.0,61536,23.307827509318788,2.8462876213921438
fits_dimensions,row,kan_positive,32,2000,test_block,nonpositive_denominator_fraction,0,6,3,20,0.0,0.0,61536,23.307827509318788,2.8462876213921438
fits_dimensions,row,kan_positive,32,2000,test_block,nonpositive_denominator_fraction,14,0,3,20,0.0,0.0,61536,23.307827509318788,2.8462876213921438
fits_dimensions,row,kan_positive,32,2000,test_block,nonpositive_denominator_fraction,14,6,3,20,0.0,0.0,61536,23.307827509318788,2.8462876213921438
fits_dimensions,row,kan_positive,32,2000,test_block,nonpositive_denominator_fraction,27,0,3,20,0.0,0.0,61536,23.307827509318788,2.8462876213921438
fits_dimensions,row,kan_positive,32,2000,test_block,nonpositive_denominator_fraction,27,6,3,20,0.0,0.0,61536,23.307827509318788,2.8462876213921438
fits_dimensions,row,kan_positive,32,2000,test_block,top1_agreement,0,0,3,20,0.230859375,0.0019061739546819493,61536,23.307827509318788,2.8462876213921438
fits_dimensions,row,kan_positive,32,2000,test_block,top1_agreement,0,6,3,20,0.003157552083333333,0.0009974969691435266,61536,23.307827509318788,2.8462876213921438
fits_dimensions,row,kan_positive,32,2000,test_block,top1_agreement,14,0,3,20,0.95947265625,0.0,61536,23.307827509318788,2.8462876213921438
fits_dimensions,row,kan_positive,32,2000,test_block,top1_agreement,14,6,3,20,0.9504882812499998,1.3597399555105182e-16,61536,23.307827509318788,2.8462876213921438
fits_dimensions,row,kan_positive,32,2000,test_block,top1_agreement,27,0,3,20,0.3069661458333333,0.006997486571525867,61536,23.307827509318788,2.8462876213921438
fits_dimensions,row,kan_positive,32,2000,test_block,top1_agreement,27,6,3,20,0.22220052083333333,0.008277387377972184,61536,23.307827509318788,2.8462876213921438
fits_dimensions,row,mlp_positive,128,2000,validation,kernel_nmse,0,0,3,12,0.3660238401757347,0.008002572840313773,98430,10.074961686506867,0.4399104012383355
fits_dimensions,row,mlp_positive,128,2000,validation,kernel_nmse,0,6,3,12,0.8437567138009601,0.0019141897789169654,98430,10.074961686506867,0.4399104012383355
fits_dimensions,row,mlp_positive,128,2000,validation,kernel_nmse,14,0,3,12,0.16352571236590543,0.0009077848505874765,98430,10.074961686506867,0.4399104012383355
fits_dimensions,row,mlp_positive,128,2000,validation,kernel_nmse,14,6,3,12,0.1615324972404374,0.003518832275364749,98430,10.074961686506867,0.4399104012383355
fits_dimensions,row,mlp_positive,128,2000,validation,kernel_nmse,27,0,3,12,0.5588176440861491,0.007534759184382127,98430,10.074961686506867,0.4399104012383355
fits_dimensions,row,mlp_positive,128,2000,validation,kernel_nmse,27,6,3,12,0.5550879885752996,0.0025903095716141053,98430,10.074961686506867,0.4399104012383355
fits_dimensions,row,mlp_positive,128,2000,validation,attention_nmse,0,0,3,12,0.3568996998171012,0.016602009759741524,98430,10.074961686506867,0.4399104012383355
fits_dimensions,row,mlp_positive,128,2000,validation,attention_nmse,0,6,3,12,0.886697338687049,0.0011718503083290148,98430,10.074961686506867,0.4399104012383355
fits_dimensions,row,mlp_positive,128,2000,validation,attention_nmse,14,0,3,12,0.2066334697107474,0.058360144430186986,98430,10.074961686506867,0.4399104012383355
fits_dimensions,row,mlp_positive,128,2000,validation,attention_nmse,14,6,3,12,0.20743318109048736,0.029928011926323207,98430,10.074961686506867,0.4399104012383355
fits_dimensions,row,mlp_positive,128,2000,validation,attention_nmse,27,0,3,12,0.5385686904191971,0.006323307043500908,98430,10.074961686506867,0.4399104012383355
fits_dimensions,row,mlp_positive,128,2000,validation,attention_nmse,27,6,3,12,0.5301508895224996,0.0026356206836263513,98430,10.074961686506867,0.4399104012383355
fits_dimensions,row,mlp_positive,128,2000,validation,output_nmse,0,0,3,12,0.009986846604281003,0.00044331651204175223,98430,10.074961686506867,0.4399104012383355
fits_dimensions,row,mlp_positive,128,2000,validation,output_nmse,0,6,3,12,0.7266479200787015,0.008767246066295286,98430,10.074961686506867,0.4399104012383355
fits_dimensions,row,mlp_positive,128,2000,validation,output_nmse,14,0,3,12,0.8272221320205265,0.11675307490162315,98430,10.074961686506867,0.4399104012383355
fits_dimensions,row,mlp_positive,128,2000,validation,output_nmse,14,6,3,12,0.6688697992099657,0.0445365799925413,98430,10.074961686506867,0.4399104012383355
fits_dimensions,row,mlp_positive,128,2000,validation,output_nmse,27,0,3,12,0.12908059927738377,0.002684052235901256,98430,10.074961686506867,0.4399104012383355
fits_dimensions,row,mlp_positive,128,2000,validation,output_nmse,27,6,3,12,0.22205275504125488,0.0006736345507127474,98430,10.074961686506867,0.4399104012383355
fits_dimensions,row,mlp_positive,128,2000,validation,row_l1,0,0,3,12,0.4777903349863158,0.0029868873741848243,98430,10.074961686506867,0.4399104012383355
fits_dimensions,row,mlp_positive,128,2000,validation,row_l1,0,6,3,12,1.8456094331211512,0.0012959419263800268,98430,10.074961686506867,0.4399104012383355
fits_dimensions,row,mlp_positive,128,2000,validation,row_l1,14,0,3,12,0.6400482571787305,0.022389278462573527,98430,10.074961686506867,0.4399104012383355
fits_dimensions,row,mlp_positive,128,2000,validation,row_l1,14,6,3,12,0.8853257215685314,0.01660599997749319,98430,10.074961686506867,0.4399104012383355
fits_dimensions,row,mlp_positive,128,2000,validation,row_l1,27,0,3,12,0.7277113248904546,0.003854809552383305,98430,10.074961686506867,0.4399104012383355
fits_dimensions,row,mlp_positive,128,2000,validation,row_l1,27,6,3,12,0.7089737620618607,0.0019894621592017603,98430,10.074961686506867,0.4399104012383355
fits_dimensions,row,mlp_positive,128,2000,validation,negative_fraction,0,0,3,12,0.0,0.0,98430,10.074961686506867,0.4399104012383355
fits_dimensions,row,mlp_positive,128,2000,validation,negative_fraction,0,6,3,12,0.0,0.0,98430,10.074961686506867,0.4399104012383355
fits_dimensions,row,mlp_positive,128,2000,validation,negative_fraction,14,0,3,12,0.0,0.0,98430,10.074961686506867,0.4399104012383355
fits_dimensions,row,mlp_positive,128,2000,validation,negative_fraction,14,6,3,12,0.0,0.0,98430,10.074961686506867,0.4399104012383355
fits_dimensions,row,mlp_positive,128,2000,validation,negative_fraction,27,0,3,12,0.0,0.0,98430,10.074961686506867,0.4399104012383355
fits_dimensions,row,mlp_positive,128,2000,validation,negative_fraction,27,6,3,12,0.0,0.0,98430,10.074961686506867,0.4399104012383355
fits_dimensions,row,mlp_positive,128,2000,validation,nonpositive_denominator_fraction,0,0,3,12,0.0,0.0,98430,10.074961686506867,0.4399104012383355
fits_dimensions,row,mlp_positive,128,2000,validation,nonpositive_denominator_fraction,0,6,3,12,0.0,0.0,98430,10.074961686506867,0.4399104012383355
fits_dimensions,row,mlp_positive,128,2000,validation,nonpositive_denominator_fraction,14,0,3,12,0.0,0.0,98430,10.074961686506867,0.4399104012383355
fits_dimensions,row,mlp_positive,128,2000,validation,nonpositive_denominator_fraction,14,6,3,12,0.0,0.0,98430,10.074961686506867,0.4399104012383355
fits_dimensions,row,mlp_positive,128,2000,validation,nonpositive_denominator_fraction,27,0,3,12,0.0,0.0,98430,10.074961686506867,0.4399104012383355
fits_dimensions,row,mlp_positive,128,2000,validation,nonpositive_denominator_fraction,27,6,3,12,0.0,0.0,98430,10.074961686506867,0.4399104012383355
fits_dimensions,row,mlp_positive,128,2000,validation,top1_agreement,0,0,3,12,0.5349934895833334,0.0008612471715705398,98430,10.074961686506867,0.4399104012383355
fits_dimensions,row,mlp_positive,128,2000,validation,top1_agreement,0,6,3,12,0.43527560763888884,0.0011774378479932083,98430,10.074961686506867,0.4399104012383355
fits_dimensions,row,mlp_positive,128,2000,validation,top1_agreement,14,0,3,12,0.8299153645833334,0.0,98430,10.074961686506867,0.4399104012383355
fits_dimensions,row,mlp_positive,128,2000,validation,top1_agreement,14,6,3,12,0.8766276041666666,0.0,98430,10.074961686506867,0.4399104012383355
fits_dimensions,row,mlp_positive,128,2000,validation,top1_agreement,27,0,3,12,0.3007269965277778,0.009906125433016402,98430,10.074961686506867,0.4399104012383355
fits_dimensions,row,mlp_positive,128,2000,validation,top1_agreement,27,6,3,12,0.2581922743055555,0.00209280615472937,98430,10.074961686506867,0.4399104012383355
fits_dimensions,row,mlp_positive,128,2000,test,kernel_nmse,0,0,3,20,0.3691203678647677,0.006918709383360937,98430,10.074961686506867,0.4399104012383355
fits_dimensions,row,mlp_positive,128,2000,test,kernel_nmse,0,6,3,20,0.8471301356951395,0.002331867896452492,98430,10.074961686506867,0.4399104012383355
fits_dimensions,row,mlp_positive,128,2000,test,kernel_nmse,14,0,3,20,0.15881715789437295,0.0011898259233630428,98430,10.074961686506867,0.4399104012383355
fits_dimensions,row,mlp_positive,128,2000,test,kernel_nmse,14,6,3,20,0.14662089372674625,0.004412733423820514,98430,10.074961686506867,0.4399104012383355
fits_dimensions,row,mlp_positive,128,2000,test,kernel_nmse,27,0,3,20,0.5189793467521667,0.002726076688152927,98430,10.074961686506867,0.4399104012383355
fits_dimensions,row,mlp_positive,128,2000,test,kernel_nmse,27,6,3,20,0.5246366187930107,0.0028359795496945097,98430,10.074961686506867,0.4399104012383355
fits_dimensions,row,mlp_positive,128,2000,test,attention_nmse,0,0,3,20,0.362378686418136,0.01684086424033649,98430,10.074961686506867,0.4399104012383355
fits_dimensions,row,mlp_positive,128,2000,test,attention_nmse,0,6,3,20,0.8876907855272292,0.0009359657360801951,98430,10.074961686506867,0.4399104012383355
fits_dimensions,row,mlp_positive,128,2000,test,attention_nmse,14,0,3,20,0.2078854142377774,0.059947911197929804,98430,10.074961686506867,0.4399104012383355
fits_dimensions,row,mlp_positive,128,2000,test,attention_nmse,14,6,3,20,0.17698592233161134,0.018754083786898485,98430,10.074961686506867,0.4399104012383355
fits_dimensions,row,mlp_positive,128,2000,test,attention_nmse,27,0,3,20,0.5017638886968294,0.004023864877199549,98430,10.074961686506867,0.4399104012383355
fits_dimensions,row,mlp_positive,128,2000,test,attention_nmse,27,6,3,20,0.5003408983349801,0.0018659078409245192,98430,10.074961686506867,0.4399104012383355
fits_dimensions,row,mlp_positive,128,2000,test,output_nmse,0,0,3,20,0.008485566972134014,0.00046947382511904225,98430,10.074961686506867,0.4399104012383355
fits_dimensions,row,mlp_positive,128,2000,test,output_nmse,0,6,3,20,0.7310902327299118,0.007841410847192533,98430,10.074961686506867,0.4399104012383355
fits_dimensions,row,mlp_positive,128,2000,test,output_nmse,14,0,3,20,0.8250958482424418,0.12521652393103258,98430,10.074961686506867,0.4399104012383355
fits_dimensions,row,mlp_positive,128,2000,test,output_nmse,14,6,3,20,0.6391535267233849,0.03473561966339874,98430,10.074961686506867,0.4399104012383355
fits_dimensions,row,mlp_positive,128,2000,test,output_nmse,27,0,3,20,0.11090702234456935,0.0017486777082489696,98430,10.074961686506867,0.4399104012383355
fits_dimensions,row,mlp_positive,128,2000,test,output_nmse,27,6,3,20,0.21619071488579114,0.0012495439310356842,98430,10.074961686506867,0.4399104012383355
fits_dimensions,row,mlp_positive,128,2000,test,row_l1,0,0,3,20,0.4799875497817993,0.0026922054969552114,98430,10.074961686506867,0.4399104012383355
fits_dimensions,row,mlp_positive,128,2000,test,row_l1,0,6,3,20,1.846749816338221,0.0013087914901982636,98430,10.074961686506867,0.4399104012383355
fits_dimensions,row,mlp_positive,128,2000,test,row_l1,14,0,3,20,0.6470800300439198,0.01987288668407516,98430,10.074961686506867,0.4399104012383355
fits_dimensions,row,mlp_positive,128,2000,test,row_l1,14,6,3,20,0.8524715572595597,0.016277298626223055,98430,10.074961686506867,0.4399104012383355
fits_dimensions,row,mlp_positive,128,2000,test,row_l1,27,0,3,20,0.6990825533866882,0.0026044988388817503,98430,10.074961686506867,0.4399104012383355
fits_dimensions,row,mlp_positive,128,2000,test,row_l1,27,6,3,20,0.6879688719908397,0.002033409357265847,98430,10.074961686506867,0.4399104012383355
fits_dimensions,row,mlp_positive,128,2000,test,negative_fraction,0,0,3,20,0.0,0.0,98430,10.074961686506867,0.4399104012383355
fits_dimensions,row,mlp_positive,128,2000,test,negative_fraction,0,6,3,20,0.0,0.0,98430,10.074961686506867,0.4399104012383355
fits_dimensions,row,mlp_positive,128,2000,test,negative_fraction,14,0,3,20,0.0,0.0,98430,10.074961686506867,0.4399104012383355
fits_dimensions,row,mlp_positive,128,2000,test,negative_fraction,14,6,3,20,0.0,0.0,98430,10.074961686506867,0.4399104012383355
fits_dimensions,row,mlp_positive,128,2000,test,negative_fraction,27,0,3,20,0.0,0.0,98430,10.074961686506867,0.4399104012383355
fits_dimensions,row,mlp_positive,128,2000,test,negative_fraction,27,6,3,20,0.0,0.0,98430,10.074961686506867,0.4399104012383355
fits_dimensions,row,mlp_positive,128,2000,test,nonpositive_denominator_fraction,0,0,3,20,0.0,0.0,98430,10.074961686506867,0.4399104012383355
fits_dimensions,row,mlp_positive,128,2000,test,nonpositive_denominator_fraction,0,6,3,20,0.0,0.0,98430,10.074961686506867,0.4399104012383355
fits_dimensions,row,mlp_positive,128,2000,test,nonpositive_denominator_fraction,14,0,3,20,0.0,0.0,98430,10.074961686506867,0.4399104012383355
fits_dimensions,row,mlp_positive,128,2000,test,nonpositive_denominator_fraction,14,6,3,20,0.0,0.0,98430,10.074961686506867,0.4399104012383355
fits_dimensions,row,mlp_positive,128,2000,test,nonpositive_denominator_fraction,27,0,3,20,0.0,0.0,98430,10.074961686506867,0.4399104012383355
fits_dimensions,row,mlp_positive,128,2000,test,nonpositive_denominator_fraction,27,6,3,20,0.0,0.0,98430,10.074961686506867,0.4399104012383355
fits_dimensions,row,mlp_positive,128,2000,test,top1_agreement,0,0,3,20,0.5171875,0.002429659239184501,98430,10.074961686506867,0.4399104012383355
fits_dimensions,row,mlp_positive,128,2000,test,top1_agreement,0,6,3,20,0.43043619791666665,0.006386101524711248,98430,10.074961686506867,0.4399104012383355
fits_dimensions,row,mlp_positive,128,2000,test,top1_agreement,14,0,3,20,0.82802734375,0.0,98430,10.074961686506867,0.4399104012383355
fits_dimensions,row,mlp_positive,128,2000,test,top1_agreement,14,6,3,20,0.89365234375,0.0,98430,10.074961686506867,0.4399104012383355
fits_dimensions,row,mlp_positive,128,2000,test,top1_agreement,27,0,3,20,0.29420572916666665,0.003636083736629099,98430,10.074961686506867,0.4399104012383355
fits_dimensions,row,mlp_positive,128,2000,test,top1_agreement,27,6,3,20,0.27496744791666666,0.0012210286024421295,98430,10.074961686506867,0.4399104012383355
fits_dimensions,row,mlp_positive,128,2000,test_long,kernel_nmse,0,0,3,8,7.124395122130712,0.702906051361106,98430,10.074961686506867,0.4399104012383355
fits_dimensions,row,mlp_positive,128,2000,test_long,kernel_nmse,0,6,3,8,15.203417579332987,3.0783558095763603,98430,10.074961686506867,0.4399104012383355
fits_dimensions,row,mlp_positive,128,2000,test_long,kernel_nmse,14,0,3,8,2.8063231309254966,0.04170114830227025,98430,10.074961686506867,0.4399104012383355
fits_dimensions,row,mlp_positive,128,2000,test_long,kernel_nmse,14,6,3,8,0.5861909314990044,0.04494216350984821,98430,10.074961686506867,0.4399104012383355
fits_dimensions,row,mlp_positive,128,2000,test_long,kernel_nmse,27,0,3,8,1.0989274233579636,0.04743218697953189,98430,10.074961686506867,0.4399104012383355
fits_dimensions,row,mlp_positive,128,2000,test_long,kernel_nmse,27,6,3,8,1.208291620016098,0.05483507135709708,98430,10.074961686506867,0.4399104012383355
fits_dimensions,row,mlp_positive,128,2000,test_long,attention_nmse,0,0,3,8,0.9666198641061783,0.0064664409204756535,98430,10.074961686506867,0.4399104012383355
fits_dimensions,row,mlp_positive,128,2000,test_long,attention_nmse,0,6,3,8,1.0015829851229985,0.0004491692456751984,98430,10.074961686506867,0.4399104012383355
fits_dimensions,row,mlp_positive,128,2000,test_long,attention_nmse,14,0,3,8,0.9666974867383639,0.0005111033364942525,98430,10.074961686506867,0.4399104012383355
fits_dimensions,row,mlp_positive,128,2000,test_long,attention_nmse,14,6,3,8,0.8507338811953863,0.01418166825650391,98430,10.074961686506867,0.4399104012383355
fits_dimensions,row,mlp_positive,128,2000,test_long,attention_nmse,27,0,3,8,0.8850998282432556,0.01753182785962025,98430,10.074961686506867,0.4399104012383355
fits_dimensions,row,mlp_positive,128,2000,test_long,attention_nmse,27,6,3,8,0.895112027724584,0.0062551192714575335,98430,10.074961686506867,0.4399104012383355
fits_dimensions,row,mlp_positive,128,2000,test_long,output_nmse,0,0,3,8,0.04726700632212063,0.00438585093984961,98430,10.074961686506867,0.4399104012383355
fits_dimensions,row,mlp_positive,128,2000,test_long,output_nmse,0,6,3,8,0.9007341414690018,0.009112317992362456,98430,10.074961686506867,0.4399104012383355
fits_dimensions,row,mlp_positive,128,2000,test_long,output_nmse,14,0,3,8,2.403257663051287,0.005822183745694192,98430,10.074961686506867,0.4399104012383355
fits_dimensions,row,mlp_positive,128,2000,test_long,output_nmse,14,6,3,8,1.857802465558052,0.03163359836613057,98430,10.074961686506867,0.4399104012383355
fits_dimensions,row,mlp_positive,128,2000,test_long,output_nmse,27,0,3,8,0.19221070501953363,0.006255276427538963,98430,10.074961686506867,0.4399104012383355
fits_dimensions,row,mlp_positive,128,2000,test_long,output_nmse,27,6,3,8,0.282003424440821,0.0018387575220790437,98430,10.074961686506867,0.4399104012383355
fits_dimensions,row,mlp_positive,128,2000,test_long,row_l1,0,0,3,8,1.1504787256320317,0.0020371064464657276,98430,10.074961686506867,0.4399104012383355
fits_dimensions,row,mlp_positive,128,2000,test_long,row_l1,0,6,3,8,1.9975534826517105,0.000291974820566341,98430,10.074961686506867,0.4399104012383355
fits_dimensions,row,mlp_positive,128,2000,test_long,row_l1,14,0,3,8,1.869238903125127,0.0017296620744417864,98430,10.074961686506867,0.4399104012383355
fits_dimensions,row,mlp_positive,128,2000,test_long,row_l1,14,6,3,8,1.6442714234193165,0.008873884698842987,98430,10.074961686506867,0.4399104012383355
fits_dimensions,row,mlp_positive,128,2000,test_long,row_l1,27,0,3,8,1.209357167283694,0.017714885437112474,98430,10.074961686506867,0.4399104012383355
fits_dimensions,row,mlp_positive,128,2000,test_long,row_l1,27,6,3,8,1.1127955863873165,0.004722102770420375,98430,10.074961686506867,0.4399104012383355
fits_dimensions,row,mlp_positive,128,2000,test_long,negative_fraction,0,0,3,8,0.0,0.0,98430,10.074961686506867,0.4399104012383355
fits_dimensions,row,mlp_positive,128,2000,test_long,negative_fraction,0,6,3,8,0.0,0.0,98430,10.074961686506867,0.4399104012383355
fits_dimensions,row,mlp_positive,128,2000,test_long,negative_fraction,14,0,3,8,0.0,0.0,98430,10.074961686506867,0.4399104012383355
fits_dimensions,row,mlp_positive,128,2000,test_long,negative_fraction,14,6,3,8,0.0,0.0,98430,10.074961686506867,0.4399104012383355
fits_dimensions,row,mlp_positive,128,2000,test_long,negative_fraction,27,0,3,8,0.0,0.0,98430,10.074961686506867,0.4399104012383355
fits_dimensions,row,mlp_positive,128,2000,test_long,negative_fraction,27,6,3,8,0.0,0.0,98430,10.074961686506867,0.4399104012383355
fits_dimensions,row,mlp_positive,128,2000,test_long,nonpositive_denominator_fraction,0,0,3,8,0.0,0.0,98430,10.074961686506867,0.4399104012383355
fits_dimensions,row,mlp_positive,128,2000,test_long,nonpositive_denominator_fraction,0,6,3,8,0.0,0.0,98430,10.074961686506867,0.4399104012383355
fits_dimensions,row,mlp_positive,128,2000,test_long,nonpositive_denominator_fraction,14,0,3,8,0.0,0.0,98430,10.074961686506867,0.4399104012383355
fits_dimensions,row,mlp_positive,128,2000,test_long,nonpositive_denominator_fraction,14,6,3,8,0.0,0.0,98430,10.074961686506867,0.4399104012383355
fits_dimensions,row,mlp_positive,128,2000,test_long,nonpositive_denominator_fraction,27,0,3,8,0.0,0.0,98430,10.074961686506867,0.4399104012383355
fits_dimensions,row,mlp_positive,128,2000,test_long,nonpositive_denominator_fraction,27,6,3,8,0.0,0.0,98430,10.074961686506867,0.4399104012383355
fits_dimensions,row,mlp_positive,128,2000,test_long,top1_agreement,0,0,3,8,0.0,0.0,98430,10.074961686506867,0.4399104012383355
fits_dimensions,row,mlp_positive,128,2000,test_long,top1_agreement,0,6,3,8,0.0,0.0,98430,10.074961686506867,0.4399104012383355
fits_dimensions,row,mlp_positive,128,2000,test_long,top1_agreement,14,0,3,8,0.833984375,0.0,98430,10.074961686506867,0.4399104012383355
fits_dimensions,row,mlp_positive,128,2000,test_long,top1_agreement,14,6,3,8,0.88232421875,0.0,98430,10.074961686506867,0.4399104012383355
fits_dimensions,row,mlp_positive,128,2000,test_long,top1_agreement,27,0,3,8,0.10546875,0.015625,98430,10.074961686506867,0.4399104012383355
fits_dimensions,row,mlp_positive,128,2000,test_long,top1_agreement,27,6,3,8,0.033772786458333336,0.0024697250822743357,98430,10.074961686506867,0.4399104012383355
fits_dimensions,row,mlp_positive,128,2000,ood,kernel_nmse,0,0,3,8,0.5107218151291212,0.016968893052522027,98430,10.074961686506867,0.4399104012383355
fits_dimensions,row,mlp_positive,128,2000,ood,kernel_nmse,0,6,3,8,0.8701744303107262,0.001261222784487938,98430,10.074961686506867,0.4399104012383355
fits_dimensions,row,mlp_positive,128,2000,ood,kernel_nmse,14,0,3,8,0.14667068313186368,0.0017468850533732742,98430,10.074961686506867,0.4399104012383355
fits_dimensions,row,mlp_positive,128,2000,ood,kernel_nmse,14,6,3,8,0.15567220095545053,0.002879322364453586,98430,10.074961686506867,0.4399104012383355
fits_dimensions,row,mlp_positive,128,2000,ood,kernel_nmse,27,0,3,8,0.5898587020734946,0.00793660428759663,98430,10.074961686506867,0.4399104012383355
fits_dimensions,row,mlp_positive,128,2000,ood,kernel_nmse,27,6,3,8,0.6642634123563766,0.0037234623622191937,98430,10.074961686506867,0.4399104012383355
fits_dimensions,row,mlp_positive,128,2000,ood,attention_nmse,0,0,3,8,0.5181328505277634,0.019669346419606323,98430,10.074961686506867,0.4399104012383355
fits_dimensions,row,mlp_positive,128,2000,ood,attention_nmse,0,6,3,8,0.8992997035384178,0.0018615496066641127,98430,10.074961686506867,0.4399104012383355
fits_dimensions,row,mlp_positive,128,2000,ood,attention_nmse,14,0,3,8,0.1961471070535481,0.05647551883332356,98430,10.074961686506867,0.4399104012383355
fits_dimensions,row,mlp_positive,128,2000,ood,attention_nmse,14,6,3,8,0.192398133687675,0.02082868820290555,98430,10.074961686506867,0.4399104012383355
fits_dimensions,row,mlp_positive,128,2000,ood,attention_nmse,27,0,3,8,0.5274638794362545,0.003482564016552596,98430,10.074961686506867,0.4399104012383355
fits_dimensions,row,mlp_positive,128,2000,ood,attention_nmse,27,6,3,8,0.5200602672994137,0.003940024254192902,98430,10.074961686506867,0.4399104012383355
fits_dimensions,row,mlp_positive,128,2000,ood,output_nmse,0,0,3,8,0.030594322131946683,0.0012954854839761214,98430,10.074961686506867,0.4399104012383355
fits_dimensions,row,mlp_positive,128,2000,ood,output_nmse,0,6,3,8,0.77639622737964,0.003172652447893839,98430,10.074961686506867,0.4399104012383355
fits_dimensions,row,mlp_positive,128,2000,ood,output_nmse,14,0,3,8,0.8422689139842987,0.11998107858431063,98430,10.074961686506867,0.4399104012383355
fits_dimensions,row,mlp_positive,128,2000,ood,output_nmse,14,6,3,8,0.6582064653436343,0.04387981767651571,98430,10.074961686506867,0.4399104012383355
fits_dimensions,row,mlp_positive,128,2000,ood,output_nmse,27,0,3,8,0.12077392001325886,0.0022754409620284253,98430,10.074961686506867,0.4399104012383355
fits_dimensions,row,mlp_positive,128,2000,ood,output_nmse,27,6,3,8,0.19059345653901497,0.001703262462038857,98430,10.074961686506867,0.4399104012383355
fits_dimensions,row,mlp_positive,128,2000,ood,row_l1,0,0,3,8,0.5969384014606476,0.004578752044004925,98430,10.074961686506867,0.4399104012383355
fits_dimensions,row,mlp_positive,128,2000,ood,row_l1,0,6,3,8,1.8573897232611973,0.0032001914413420664,98430,10.074961686506867,0.4399104012383355
fits_dimensions,row,mlp_positive,128,2000,ood,row_l1,14,0,3,8,0.6114663742482662,0.02238717483945254,98430,10.074961686506867,0.4399104012383355
fits_dimensions,row,mlp_positive,128,2000,ood,row_l1,14,6,3,8,0.8502917339404424,0.013711045024645287,98430,10.074961686506867,0.4399104012383355
fits_dimensions,row,mlp_positive,128,2000,ood,row_l1,27,0,3,8,0.73180623849233,0.0013841406993567978,98430,10.074961686506867,0.4399104012383355
fits_dimensions,row,mlp_positive,128,2000,ood,row_l1,27,6,3,8,0.7213922639687856,0.003896452876895267,98430,10.074961686506867,0.4399104012383355
fits_dimensions,row,mlp_positive,128,2000,ood,negative_fraction,0,0,3,8,0.0,0.0,98430,10.074961686506867,0.4399104012383355
fits_dimensions,row,mlp_positive,128,2000,ood,negative_fraction,0,6,3,8,0.0,0.0,98430,10.074961686506867,0.4399104012383355
fits_dimensions,row,mlp_positive,128,2000,ood,negative_fraction,14,0,3,8,0.0,0.0,98430,10.074961686506867,0.4399104012383355
fits_dimensions,row,mlp_positive,128,2000,ood,negative_fraction,14,6,3,8,0.0,0.0,98430,10.074961686506867,0.4399104012383355
fits_dimensions,row,mlp_positive,128,2000,ood,negative_fraction,27,0,3,8,0.0,0.0,98430,10.074961686506867,0.4399104012383355
fits_dimensions,row,mlp_positive,128,2000,ood,negative_fraction,27,6,3,8,0.0,0.0,98430,10.074961686506867,0.4399104012383355
fits_dimensions,row,mlp_positive,128,2000,ood,nonpositive_denominator_fraction,0,0,3,8,0.0,0.0,98430,10.074961686506867,0.4399104012383355
fits_dimensions,row,mlp_positive,128,2000,ood,nonpositive_denominator_fraction,0,6,3,8,0.0,0.0,98430,10.074961686506867,0.4399104012383355
fits_dimensions,row,mlp_positive,128,2000,ood,nonpositive_denominator_fraction,14,0,3,8,0.0,0.0,98430,10.074961686506867,0.4399104012383355
fits_dimensions,row,mlp_positive,128,2000,ood,nonpositive_denominator_fraction,14,6,3,8,0.0,0.0,98430,10.074961686506867,0.4399104012383355
fits_dimensions,row,mlp_positive,128,2000,ood,nonpositive_denominator_fraction,27,0,3,8,0.0,0.0,98430,10.074961686506867,0.4399104012383355
fits_dimensions,row,mlp_positive,128,2000,ood,nonpositive_denominator_fraction,27,6,3,8,0.0,0.0,98430,10.074961686506867,0.4399104012383355
fits_dimensions,row,mlp_positive,128,2000,ood,top1_agreement,0,0,3,8,0.3484700520833333,0.006488508875415901,98430,10.074961686506867,0.4399104012383355
fits_dimensions,row,mlp_positive,128,2000,ood,top1_agreement,0,6,3,8,0.36669921875,0.0016914558667664816,98430,10.074961686506867,0.4399104012383355
fits_dimensions,row,mlp_positive,128,2000,ood,top1_agreement,14,0,3,8,0.855712890625,0.0,98430,10.074961686506867,0.4399104012383355
fits_dimensions,row,mlp_positive,128,2000,ood,top1_agreement,14,6,3,8,0.8994140625,0.0,98430,10.074961686506867,0.4399104012383355
fits_dimensions,row,mlp_positive,128,2000,ood,top1_agreement,27,0,3,8,0.288818359375,0.007623288572263669,98430,10.074961686506867,0.4399104012383355
fits_dimensions,row,mlp_positive,128,2000,ood,top1_agreement,27,6,3,8,0.24560546875,0.00761546580101671,98430,10.074961686506867,0.4399104012383355
fits_dimensions,row,mlp_positive,128,2000,test_block,kernel_nmse,0,0,3,20,0.53455923696359,0.005940701990389371,98430,10.074961686506867,0.4399104012383355
fits_dimensions,row,mlp_positive,128,2000,test_block,kernel_nmse,0,6,3,20,1.0075152317682903,0.0012579688339558733,98430,10.074961686506867,0.4399104012383355
fits_dimensions,row,mlp_positive,128,2000,test_block,kernel_nmse,14,0,3,20,0.212593741218249,0.00312146368643836,98430,10.074961686506867,0.4399104012383355
fits_dimensions,row,mlp_positive,128,2000,test_block,kernel_nmse,14,6,3,20,0.12825091915826003,0.0037564918803729267,98430,10.074961686506867,0.4399104012383355
fits_dimensions,row,mlp_positive,128,2000,test_block,kernel_nmse,27,0,3,20,0.4891374309857686,0.0036191189878885103,98430,10.074961686506867,0.4399104012383355
fits_dimensions,row,mlp_positive,128,2000,test_block,kernel_nmse,27,6,3,20,0.4970749060312907,0.005293570249153353,98430,10.074961686506867,0.4399104012383355
fits_dimensions,row,mlp_positive,128,2000,test_block,attention_nmse,0,0,3,20,0.5103271702925364,0.064240938558913,98430,10.074961686506867,0.4399104012383355
fits_dimensions,row,mlp_positive,128,2000,test_block,attention_nmse,0,6,3,20,1.325375274817149,0.006704071315559995,98430,10.074961686506867,0.4399104012383355
fits_dimensions,row,mlp_positive,128,2000,test_block,attention_nmse,14,0,3,20,0.06824632445350289,0.0026341121220038012,98430,10.074961686506867,0.4399104012383355
fits_dimensions,row,mlp_positive,128,2000,test_block,attention_nmse,14,6,3,20,0.08289218470454215,0.013559690139218912,98430,10.074961686506867,0.4399104012383355
fits_dimensions,row,mlp_positive,128,2000,test_block,attention_nmse,27,0,3,20,0.44216665029525754,0.00568579716327877,98430,10.074961686506867,0.4399104012383355
fits_dimensions,row,mlp_positive,128,2000,test_block,attention_nmse,27,6,3,20,0.44786452849706015,0.0021945937835421217,98430,10.074961686506867,0.4399104012383355
fits_dimensions,row,mlp_positive,128,2000,test_block,output_nmse,0,0,3,20,0.022199095878750085,0.004986320947148408,98430,10.074961686506867,0.4399104012383355
fits_dimensions,row,mlp_positive,128,2000,test_block,output_nmse,0,6,3,20,1.4129843970139824,0.011061551233297166,98430,10.074961686506867,0.4399104012383355
fits_dimensions,row,mlp_positive,128,2000,test_block,output_nmse,14,0,3,20,0.9142074396212895,0.010018777046669815,98430,10.074961686506867,0.4399104012383355
fits_dimensions,row,mlp_positive,128,2000,test_block,output_nmse,14,6,3,20,0.3450988256682952,0.02911266481553947,98430,10.074961686506867,0.4399104012383355
fits_dimensions,row,mlp_positive,128,2000,test_block,output_nmse,27,0,3,20,0.12478606787820656,0.002101345969958912,98430,10.074961686506867,0.4399104012383355
fits_dimensions,row,mlp_positive,128,2000,test_block,output_nmse,27,6,3,20,0.2243938592573007,0.0018036031779203386,98430,10.074961686506867,0.4399104012383355
fits_dimensions,row,mlp_positive,128,2000,test_block,row_l1,0,0,3,20,0.5428038895130158,0.008147470528877805,98430,10.074961686506867,0.4399104012383355
fits_dimensions,row,mlp_positive,128,2000,test_block,row_l1,0,6,3,20,1.9472358763217927,0.004003770819693816,98430,10.074961686506867,0.4399104012383355
fits_dimensions,row,mlp_positive,128,2000,test_block,row_l1,14,0,3,20,0.29793727907041706,0.07526435498984572,98430,10.074961686506867,0.4399104012383355
fits_dimensions,row,mlp_positive,128,2000,test_block,row_l1,14,6,3,20,0.5782936597863833,0.03384182751862756,98430,10.074961686506867,0.4399104012383355
fits_dimensions,row,mlp_positive,128,2000,test_block,row_l1,27,0,3,20,0.675284441312154,0.0019021800921774836,98430,10.074961686506867,0.4399104012383355
fits_dimensions,row,mlp_positive,128,2000,test_block,row_l1,27,6,3,20,0.6686084399620693,0.001747222850377945,98430,10.074961686506867,0.4399104012383355
fits_dimensions,row,mlp_positive,128,2000,test_block,negative_fraction,0,0,3,20,0.0,0.0,98430,10.074961686506867,0.4399104012383355
fits_dimensions,row,mlp_positive,128,2000,test_block,negative_fraction,0,6,3,20,0.0,0.0,98430,10.074961686506867,0.4399104012383355
fits_dimensions,row,mlp_positive,128,2000,test_block,negative_fraction,14,0,3,20,0.0,0.0,98430,10.074961686506867,0.4399104012383355
fits_dimensions,row,mlp_positive,128,2000,test_block,negative_fraction,14,6,3,20,0.0,0.0,98430,10.074961686506867,0.4399104012383355
fits_dimensions,row,mlp_positive,128,2000,test_block,negative_fraction,27,0,3,20,0.0,0.0,98430,10.074961686506867,0.4399104012383355
fits_dimensions,row,mlp_positive,128,2000,test_block,negative_fraction,27,6,3,20,0.0,0.0,98430,10.074961686506867,0.4399104012383355
fits_dimensions,row,mlp_positive,128,2000,test_block,nonpositive_denominator_fraction,0,0,3,20,0.0,0.0,98430,10.074961686506867,0.4399104012383355
fits_dimensions,row,mlp_positive,128,2000,test_block,nonpositive_denominator_fraction,0,6,3,20,0.0,0.0,98430,10.074961686506867,0.4399104012383355
fits_dimensions,row,mlp_positive,128,2000,test_block,nonpositive_denominator_fraction,14,0,3,20,0.0,0.0,98430,10.074961686506867,0.4399104012383355
fits_dimensions,row,mlp_positive,128,2000,test_block,nonpositive_denominator_fraction,14,6,3,20,0.0,0.0,98430,10.074961686506867,0.4399104012383355
fits_dimensions,row,mlp_positive,128,2000,test_block,nonpositive_denominator_fraction,27,0,3,20,0.0,0.0,98430,10.074961686506867,0.4399104012383355
fits_dimensions,row,mlp_positive,128,2000,test_block,nonpositive_denominator_fraction,27,6,3,20,0.0,0.0,98430,10.074961686506867,0.4399104012383355
fits_dimensions,row,mlp_positive,128,2000,test_block,top1_agreement,0,0,3,20,0.27236328125000003,0.005894264614579129,98430,10.074961686506867,0.4399104012383355
fits_dimensions,row,mlp_positive,128,2000,test_block,top1_agreement,0,6,3,20,0.0037760416666666667,5.638186222554944e-05,98430,10.074961686506867,0.4399104012383355
fits_dimensions,row,mlp_positive,128,2000,test_block,top1_agreement,14,0,3,20,0.95947265625,0.0,98430,10.074961686506867,0.4399104012383355
fits_dimensions,row,mlp_positive,128,2000,test_block,top1_agreement,14,6,3,20,0.9504882812499998,1.3597399555105182e-16,98430,10.074961686506867,0.4399104012383355
fits_dimensions,row,mlp_positive,128,2000,test_block,top1_agreement,27,0,3,20,0.3788736979166667,0.007596082875862149,98430,10.074961686506867,0.4399104012383355
fits_dimensions,row,mlp_positive,128,2000,test_block,top1_agreement,27,6,3,20,0.30706380208333334,0.001698021009862604,98430,10.074961686506867,0.4399104012383355
fits_dimensions,row,mlp_positive,32,2000,validation,kernel_nmse,0,0,3,12,0.38790663331747055,0.007734284245531252,61566,9.950391165912151,0.45104924307929145
fits_dimensions,row,mlp_positive,32,2000,validation,kernel_nmse,0,6,3,12,0.8501663406689962,0.0026760990965742303,61566,9.950391165912151,0.45104924307929145
fits_dimensions,row,mlp_positive,32,2000,validation,kernel_nmse,14,0,3,12,0.16202278393838143,0.001502696843541184,61566,9.950391165912151,0.45104924307929145
fits_dimensions,row,mlp_positive,32,2000,validation,kernel_nmse,14,6,3,12,0.15809522486395308,0.005417524215074997,61566,9.950391165912151,0.45104924307929145
fits_dimensions,row,mlp_positive,32,2000,validation,kernel_nmse,27,0,3,12,0.5754684756199518,0.0022999865399418746,61566,9.950391165912151,0.45104924307929145
fits_dimensions,row,mlp_positive,32,2000,validation,kernel_nmse,27,6,3,12,0.577823645538754,0.001256409775197863,61566,9.950391165912151,0.45104924307929145
fits_dimensions,row,mlp_positive,32,2000,validation,attention_nmse,0,0,3,12,0.37634910850061315,0.01464166242584769,61566,9.950391165912151,0.45104924307929145
fits_dimensions,row,mlp_positive,32,2000,validation,attention_nmse,0,6,3,12,0.8880357576741112,0.004176101677078691,61566,9.950391165912151,0.45104924307929145
fits_dimensions,row,mlp_positive,32,2000,validation,attention_nmse,14,0,3,12,0.262911196384165,0.02175580613319446,61566,9.950391165912151,0.45104924307929145
fits_dimensions,row,mlp_positive,32,2000,validation,attention_nmse,14,6,3,12,0.4498398577173551,0.16343185895778065,61566,9.950391165912151,0.45104924307929145
fits_dimensions,row,mlp_positive,32,2000,validation,attention_nmse,27,0,3,12,0.5566181913018227,0.0023307657246012265,61566,9.950391165912151,0.45104924307929145
fits_dimensions,row,mlp_positive,32,2000,validation,attention_nmse,27,6,3,12,0.5564370453357697,0.0008530730915952407,61566,9.950391165912151,0.45104924307929145
fits_dimensions,row,mlp_positive,32,2000,validation,output_nmse,0,0,3,12,0.011312589579675758,0.0009748698064028946,61566,9.950391165912151,0.45104924307929145
fits_dimensions,row,mlp_positive,32,2000,validation,output_nmse,0,6,3,12,0.7190860377417669,0.007105610964640663,61566,9.950391165912151,0.45104924307929145
fits_dimensions,row,mlp_positive,32,2000,validation,output_nmse,14,0,3,12,0.9317120197746488,0.045155162947408845,61566,9.950391165912151,0.45104924307929145
fits_dimensions,row,mlp_positive,32,2000,validation,output_nmse,14,6,3,12,0.9611742115683025,0.21030441646068737,61566,9.950391165912151,0.45104924307929145
fits_dimensions,row,mlp_positive,32,2000,validation,output_nmse,27,0,3,12,0.13302789483633307,0.0007444761808766463,61566,9.950391165912151,0.45104924307929145
fits_dimensions,row,mlp_positive,32,2000,validation,output_nmse,27,6,3,12,0.23545187339186668,0.0009544478590527651,61566,9.950391165912151,0.45104924307929145
fits_dimensions,row,mlp_positive,32,2000,validation,row_l1,0,0,3,12,0.5050052627921104,0.00808980199524158,61566,9.950391165912151,0.45104924307929145
fits_dimensions,row,mlp_positive,32,2000,validation,row_l1,0,6,3,12,1.841410262717141,0.004984476603393702,61566,9.950391165912151,0.45104924307929145
fits_dimensions,row,mlp_positive,32,2000,validation,row_l1,14,0,3,12,0.645511171884007,0.009359559677503857,61566,9.950391165912151,0.45104924307929145
fits_dimensions,row,mlp_positive,32,2000,validation,row_l1,14,6,3,12,0.8718016081386143,0.004291999614484291,61566,9.950391165912151,0.45104924307929145
fits_dimensions,row,mlp_positive,32,2000,validation,row_l1,27,0,3,12,0.7597273339827856,0.004446576483849207,61566,9.950391165912151,0.45104924307929145
fits_dimensions,row,mlp_positive,32,2000,validation,row_l1,27,6,3,12,0.7392607380946478,0.001427997231533222,61566,9.950391165912151,0.45104924307929145
fits_dimensions,row,mlp_positive,32,2000,validation,negative_fraction,0,0,3,12,0.0,0.0,61566,9.950391165912151,0.45104924307929145
fits_dimensions,row,mlp_positive,32,2000,validation,negative_fraction,0,6,3,12,0.0,0.0,61566,9.950391165912151,0.45104924307929145
fits_dimensions,row,mlp_positive,32,2000,validation,negative_fraction,14,0,3,12,0.0,0.0,61566,9.950391165912151,0.45104924307929145
fits_dimensions,row,mlp_positive,32,2000,validation,negative_fraction,14,6,3,12,0.0,0.0,61566,9.950391165912151,0.45104924307929145
fits_dimensions,row,mlp_positive,32,2000,validation,negative_fraction,27,0,3,12,0.0,0.0,61566,9.950391165912151,0.45104924307929145
fits_dimensions,row,mlp_positive,32,2000,validation,negative_fraction,27,6,3,12,0.0,0.0,61566,9.950391165912151,0.45104924307929145
fits_dimensions,row,mlp_positive,32,2000,validation,nonpositive_denominator_fraction,0,0,3,12,0.0,0.0,61566,9.950391165912151,0.45104924307929145
fits_dimensions,row,mlp_positive,32,2000,validation,nonpositive_denominator_fraction,0,6,3,12,0.0,0.0,61566,9.950391165912151,0.45104924307929145
fits_dimensions,row,mlp_positive,32,2000,validation,nonpositive_denominator_fraction,14,0,3,12,0.0,0.0,61566,9.950391165912151,0.45104924307929145
fits_dimensions,row,mlp_positive,32,2000,validation,nonpositive_denominator_fraction,14,6,3,12,0.0,0.0,61566,9.950391165912151,0.45104924307929145
fits_dimensions,row,mlp_positive,32,2000,validation,nonpositive_denominator_fraction,27,0,3,12,0.0,0.0,61566,9.950391165912151,0.45104924307929145
fits_dimensions,row,mlp_positive,32,2000,validation,nonpositive_denominator_fraction,27,6,3,12,0.0,0.0,61566,9.950391165912151,0.45104924307929145
fits_dimensions,row,mlp_positive,32,2000,validation,top1_agreement,0,0,3,12,0.5250108506944445,0.0019417892977618364,61566,9.950391165912151,0.45104924307929145
fits_dimensions,row,mlp_positive,32,2000,validation,top1_agreement,0,6,3,12,0.41162109375,0.01185807656255663,61566,9.950391165912151,0.45104924307929145
fits_dimensions,row,mlp_positive,32,2000,validation,top1_agreement,14,0,3,12,0.8299153645833334,0.0,61566,9.950391165912151,0.45104924307929145
fits_dimensions,row,mlp_positive,32,2000,validation,top1_agreement,14,6,3,12,0.8766276041666666,0.0,61566,9.950391165912151,0.45104924307929145
fits_dimensions,row,mlp_positive,32,2000,validation,top1_agreement,27,0,3,12,0.2898763020833333,0.00899168445112833,61566,9.950391165912151,0.45104924307929145
fits_dimensions,row,mlp_positive,32,2000,validation,top1_agreement,27,6,3,12,0.2518446180555555,0.0070238867615113635,61566,9.950391165912151,0.45104924307929145
fits_dimensions,row,mlp_positive,32,2000,test,kernel_nmse,0,0,3,20,0.3941709299882253,0.007274453160421795,61566,9.950391165912151,0.45104924307929145
fits_dimensions,row,mlp_positive,32,2000,test,kernel_nmse,0,6,3,20,0.8536083350578944,0.0034656107746573414,61566,9.950391165912151,0.45104924307929145
fits_dimensions,row,mlp_positive,32,2000,test,kernel_nmse,14,0,3,20,0.15693910606205463,0.0009485228976885676,61566,9.950391165912151,0.45104924307929145
fits_dimensions,row,mlp_positive,32,2000,test,kernel_nmse,14,6,3,20,0.14263876030842462,0.004879007574064236,61566,9.950391165912151,0.45104924307929145
fits_dimensions,row,mlp_positive,32,2000,test,kernel_nmse,27,0,3,20,0.5366363257169723,0.0013403207188843367,61566,9.950391165912151,0.45104924307929145
fits_dimensions,row,mlp_positive,32,2000,test,kernel_nmse,27,6,3,20,0.5489816422263781,0.0038295334817082943,61566,9.950391165912151,0.45104924307929145
fits_dimensions,row,mlp_positive,32,2000,test,attention_nmse,0,0,3,20,0.379111077884833,0.015080952376779607,61566,9.950391165912151,0.45104924307929145
fits_dimensions,row,mlp_positive,32,2000,test,attention_nmse,0,6,3,20,0.8888564139604568,0.004432281308614353,61566,9.950391165912151,0.45104924307929145
fits_dimensions,row,mlp_positive,32,2000,test,attention_nmse,14,0,3,20,0.2662807737787565,0.020541043725098775,61566,9.950391165912151,0.45104924307929145
fits_dimensions,row,mlp_positive,32,2000,test,attention_nmse,14,6,3,20,0.35982453028361006,0.12724209523893384,61566,9.950391165912151,0.45104924307929145
fits_dimensions,row,mlp_positive,32,2000,test,attention_nmse,27,0,3,20,0.5206219524145126,0.0008918796041103327,61566,9.950391165912151,0.45104924307929145
fits_dimensions,row,mlp_positive,32,2000,test,attention_nmse,27,6,3,20,0.5258294180035592,0.0018225764457031318,61566,9.950391165912151,0.45104924307929145
fits_dimensions,row,mlp_positive,32,2000,test,output_nmse,0,0,3,20,0.009621175937354565,0.0005752254818897553,61566,9.950391165912151,0.45104924307929145
fits_dimensions,row,mlp_positive,32,2000,test,output_nmse,0,6,3,20,0.7226300487915674,0.007884740106929947,61566,9.950391165912151,0.45104924307929145
fits_dimensions,row,mlp_positive,32,2000,test,output_nmse,14,0,3,20,0.9366914391517639,0.04259617777061449,61566,9.950391165912151,0.45104924307929145
fits_dimensions,row,mlp_positive,32,2000,test,output_nmse,14,6,3,20,0.9016600643595059,0.19385794196434813,61566,9.950391165912151,0.45104924307929145
fits_dimensions,row,mlp_positive,32,2000,test,output_nmse,27,0,3,20,0.11468266950299344,0.0006624399204952716,61566,9.950391165912151,0.45104924307929145
fits_dimensions,row,mlp_positive,32,2000,test,output_nmse,27,6,3,20,0.2296769273777803,0.005058144914909118,61566,9.950391165912151,0.45104924307929145
fits_dimensions,row,mlp_positive,32,2000,test,row_l1,0,0,3,20,0.5064726213614147,0.00764281747187332,61566,9.950391165912151,0.45104924307929145
fits_dimensions,row,mlp_positive,32,2000,test,row_l1,0,6,3,20,1.8422593692938485,0.005523559486691313,61566,9.950391165912151,0.45104924307929145
fits_dimensions,row,mlp_positive,32,2000,test,row_l1,14,0,3,20,0.6546736811598142,0.00993122974258698,61566,9.950391165912151,0.45104924307929145
fits_dimensions,row,mlp_positive,32,2000,test,row_l1,14,6,3,20,0.8370602478583654,0.0038280615861561846,61566,9.950391165912151,0.45104924307929145
fits_dimensions,row,mlp_positive,32,2000,test,row_l1,27,0,3,20,0.7285176247358324,0.0016344708974605712,61566,9.950391165912151,0.45104924307929145
fits_dimensions,row,mlp_positive,32,2000,test,row_l1,27,6,3,20,0.7193811247746149,0.0030736288237106506,61566,9.950391165912151,0.45104924307929145
fits_dimensions,row,mlp_positive,32,2000,test,negative_fraction,0,0,3,20,0.0,0.0,61566,9.950391165912151,0.45104924307929145
fits_dimensions,row,mlp_positive,32,2000,test,negative_fraction,0,6,3,20,0.0,0.0,61566,9.950391165912151,0.45104924307929145
fits_dimensions,row,mlp_positive,32,2000,test,negative_fraction,14,0,3,20,0.0,0.0,61566,9.950391165912151,0.45104924307929145
fits_dimensions,row,mlp_positive,32,2000,test,negative_fraction,14,6,3,20,0.0,0.0,61566,9.950391165912151,0.45104924307929145
fits_dimensions,row,mlp_positive,32,2000,test,negative_fraction,27,0,3,20,0.0,0.0,61566,9.950391165912151,0.45104924307929145
fits_dimensions,row,mlp_positive,32,2000,test,negative_fraction,27,6,3,20,0.0,0.0,61566,9.950391165912151,0.45104924307929145
fits_dimensions,row,mlp_positive,32,2000,test,nonpositive_denominator_fraction,0,0,3,20,0.0,0.0,61566,9.950391165912151,0.45104924307929145
fits_dimensions,row,mlp_positive,32,2000,test,nonpositive_denominator_fraction,0,6,3,20,0.0,0.0,61566,9.950391165912151,0.45104924307929145
fits_dimensions,row,mlp_positive,32,2000,test,nonpositive_denominator_fraction,14,0,3,20,0.0,0.0,61566,9.950391165912151,0.45104924307929145
fits_dimensions,row,mlp_positive,32,2000,test,nonpositive_denominator_fraction,14,6,3,20,0.0,0.0,61566,9.950391165912151,0.45104924307929145
fits_dimensions,row,mlp_positive,32,2000,test,nonpositive_denominator_fraction,27,0,3,20,0.0,0.0,61566,9.950391165912151,0.45104924307929145
fits_dimensions,row,mlp_positive,32,2000,test,nonpositive_denominator_fraction,27,6,3,20,0.0,0.0,61566,9.950391165912151,0.45104924307929145
fits_dimensions,row,mlp_positive,32,2000,test,top1_agreement,0,0,3,20,0.5089192708333333,0.006577373784921712,61566,9.950391165912151,0.45104924307929145
fits_dimensions,row,mlp_positive,32,2000,test,top1_agreement,0,6,3,20,0.41289062499999996,0.017700043776291,61566,9.950391165912151,0.45104924307929145
fits_dimensions,row,mlp_positive,32,2000,test,top1_agreement,14,0,3,20,0.82802734375,0.0,61566,9.950391165912151,0.45104924307929145
fits_dimensions,row,mlp_positive,32,2000,test,top1_agreement,14,6,3,20,0.89365234375,0.0,61566,9.950391165912151,0.45104924307929145
fits_dimensions,row,mlp_positive,32,2000,test,top1_agreement,27,0,3,20,0.27975260416666664,0.004980787877847721,61566,9.950391165912151,0.45104924307929145
fits_dimensions,row,mlp_positive,32,2000,test,top1_agreement,27,6,3,20,0.2586263020833333,0.009612735481172358,61566,9.950391165912151,0.45104924307929145
fits_dimensions,row,mlp_positive,32,2000,test_long,kernel_nmse,0,0,3,8,5.851171950499217,1.1183621509834982,61566,9.950391165912151,0.45104924307929145
fits_dimensions,row,mlp_positive,32,2000,test_long,kernel_nmse,0,6,3,8,8.70765874783198,1.2118253794745197,61566,9.950391165912151,0.45104924307929145
fits_dimensions,row,mlp_positive,32,2000,test_long,kernel_nmse,14,0,3,8,2.6102640529473624,0.673910066919047,61566,9.950391165912151,0.45104924307929145
fits_dimensions,row,mlp_positive,32,2000,test_long,kernel_nmse,14,6,3,8,0.5781521101792654,0.10923010068960474,61566,9.950391165912151,0.45104924307929145
fits_dimensions,row,mlp_positive,32,2000,test_long,kernel_nmse,27,0,3,8,1.052498961488406,0.015994456685160547,61566,9.950391165912151,0.45104924307929145
fits_dimensions,row,mlp_positive,32,2000,test_long,kernel_nmse,27,6,3,8,1.2066818997263908,0.038586022637704505,61566,9.950391165912151,0.45104924307929145
fits_dimensions,row,mlp_positive,32,2000,test_long,attention_nmse,0,0,3,8,0.9584508960445722,0.002165876158190347,61566,9.950391165912151,0.45104924307929145
fits_dimensions,row,mlp_positive,32,2000,test_long,attention_nmse,0,6,3,8,1.0005643193920453,0.00019062530309000615,61566,9.950391165912151,0.45104924307929145
fits_dimensions,row,mlp_positive,32,2000,test_long,attention_nmse,14,0,3,8,0.9638735155264536,0.006102554833509551,61566,9.950391165912151,0.45104924307929145
fits_dimensions,row,mlp_positive,32,2000,test_long,attention_nmse,14,6,3,8,0.8369533121585846,0.04043846798236879,61566,9.950391165912151,0.45104924307929145
fits_dimensions,row,mlp_positive,32,2000,test_long,attention_nmse,27,0,3,8,0.8770316193501154,0.012684546647981016,61566,9.950391165912151,0.45104924307929145
fits_dimensions,row,mlp_positive,32,2000,test_long,attention_nmse,27,6,3,8,0.9055749600132307,0.0064329506057177795,61566,9.950391165912151,0.45104924307929145
fits_dimensions,row,mlp_positive,32,2000,test_long,output_nmse,0,0,3,8,0.04725397091048459,0.003117069810933654,61566,9.950391165912151,0.45104924307929145
fits_dimensions,row,mlp_positive,32,2000,test_long,output_nmse,0,6,3,8,0.8970425650477409,0.003873505423159346,61566,9.950391165912151,0.45104924307929145
fits_dimensions,row,mlp_positive,32,2000,test_long,output_nmse,14,0,3,8,2.3861102908849716,0.023184509057608476,61566,9.950391165912151,0.45104924307929145
fits_dimensions,row,mlp_positive,32,2000,test_long,output_nmse,14,6,3,8,1.8203167865673702,0.08726477145350071,61566,9.950391165912151,0.45104924307929145
fits_dimensions,row,mlp_positive,32,2000,test_long,output_nmse,27,0,3,8,0.18954768311232328,0.0037226320208835796,61566,9.950391165912151,0.45104924307929145
fits_dimensions,row,mlp_positive,32,2000,test_long,output_nmse,27,6,3,8,0.28874961162606877,0.002630634189020833,61566,9.950391165912151,0.45104924307929145
fits_dimensions,row,mlp_positive,32,2000,test_long,row_l1,0,0,3,8,1.1725300947825115,0.008008524509547732,61566,9.950391165912151,0.45104924307929145
fits_dimensions,row,mlp_positive,32,2000,test_long,row_l1,0,6,3,8,1.9970042010148366,0.00015349208865302993,61566,9.950391165912151,0.45104924307929145
fits_dimensions,row,mlp_positive,32,2000,test_long,row_l1,14,0,3,8,1.8668984721104305,0.0052084169944334405,61566,9.950391165912151,0.45104924307929145
fits_dimensions,row,mlp_positive,32,2000,test_long,row_l1,14,6,3,8,1.6401923298835754,0.034437926937560474,61566,9.950391165912151,0.45104924307929145
fits_dimensions,row,mlp_positive,32,2000,test_long,row_l1,27,0,3,8,1.2089268565177917,0.01377918071246636,61566,9.950391165912151,0.45104924307929145
fits_dimensions,row,mlp_positive,32,2000,test_long,row_l1,27,6,3,8,1.1434458245833714,0.011835646311866389,61566,9.950391165912151,0.45104924307929145
fits_dimensions,row,mlp_positive,32,2000,test_long,negative_fraction,0,0,3,8,0.0,0.0,61566,9.950391165912151,0.45104924307929145
fits_dimensions,row,mlp_positive,32,2000,test_long,negative_fraction,0,6,3,8,0.0,0.0,61566,9.950391165912151,0.45104924307929145
fits_dimensions,row,mlp_positive,32,2000,test_long,negative_fraction,14,0,3,8,0.0,0.0,61566,9.950391165912151,0.45104924307929145
fits_dimensions,row,mlp_positive,32,2000,test_long,negative_fraction,14,6,3,8,0.0,0.0,61566,9.950391165912151,0.45104924307929145
fits_dimensions,row,mlp_positive,32,2000,test_long,negative_fraction,27,0,3,8,0.0,0.0,61566,9.950391165912151,0.45104924307929145
fits_dimensions,row,mlp_positive,32,2000,test_long,negative_fraction,27,6,3,8,0.0,0.0,61566,9.950391165912151,0.45104924307929145
fits_dimensions,row,mlp_positive,32,2000,test_long,nonpositive_denominator_fraction,0,0,3,8,0.0,0.0,61566,9.950391165912151,0.45104924307929145
fits_dimensions,row,mlp_positive,32,2000,test_long,nonpositive_denominator_fraction,0,6,3,8,0.0,0.0,61566,9.950391165912151,0.45104924307929145
fits_dimensions,row,mlp_positive,32,2000,test_long,nonpositive_denominator_fraction,14,0,3,8,0.0,0.0,61566,9.950391165912151,0.45104924307929145
fits_dimensions,row,mlp_positive,32,2000,test_long,nonpositive_denominator_fraction,14,6,3,8,0.0,0.0,61566,9.950391165912151,0.45104924307929145
fits_dimensions,row,mlp_positive,32,2000,test_long,nonpositive_denominator_fraction,27,0,3,8,0.0,0.0,61566,9.950391165912151,0.45104924307929145
fits_dimensions,row,mlp_positive,32,2000,test_long,nonpositive_denominator_fraction,27,6,3,8,0.0,0.0,61566,9.950391165912151,0.45104924307929145
fits_dimensions,row,mlp_positive,32,2000,test_long,top1_agreement,0,0,3,8,0.0,0.0,61566,9.950391165912151,0.45104924307929145
fits_dimensions,row,mlp_positive,32,2000,test_long,top1_agreement,0,6,3,8,0.0,0.0,61566,9.950391165912151,0.45104924307929145
fits_dimensions,row,mlp_positive,32,2000,test_long,top1_agreement,14,0,3,8,0.833984375,0.0,61566,9.950391165912151,0.45104924307929145
fits_dimensions,row,mlp_positive,32,2000,test_long,top1_agreement,14,6,3,8,0.88232421875,0.0,61566,9.950391165912151,0.45104924307929145
fits_dimensions,row,mlp_positive,32,2000,test_long,top1_agreement,27,0,3,8,0.10579427083333333,0.004188512119940681,61566,9.950391165912151,0.45104924307929145
fits_dimensions,row,mlp_positive,32,2000,test_long,top1_agreement,27,6,3,8,0.034993489583333336,0.00331468291901307,61566,9.950391165912151,0.45104924307929145
fits_dimensions,row,mlp_positive,32,2000,ood,kernel_nmse,0,0,3,8,0.5338236006597677,0.011250308144617839,61566,9.950391165912151,0.45104924307929145
fits_dimensions,row,mlp_positive,32,2000,ood,kernel_nmse,0,6,3,8,0.8771896213293076,0.005864955122589003,61566,9.950391165912151,0.45104924307929145
fits_dimensions,row,mlp_positive,32,2000,ood,kernel_nmse,14,0,3,8,0.1453230439995726,0.0029026652703595915,61566,9.950391165912151,0.45104924307929145
fits_dimensions,row,mlp_positive,32,2000,ood,kernel_nmse,14,6,3,8,0.15491819785286984,0.002989895622728998,61566,9.950391165912151,0.45104924307929145
fits_dimensions,row,mlp_positive,32,2000,ood,kernel_nmse,27,0,3,8,0.609030211965243,0.008007659741938171,61566,9.950391165912151,0.45104924307929145
fits_dimensions,row,mlp_positive,32,2000,ood,kernel_nmse,27,6,3,8,0.6652722358703613,0.011437638322205032,61566,9.950391165912151,0.45104924307929145
fits_dimensions,row,mlp_positive,32,2000,ood,attention_nmse,0,0,3,8,0.5330584868788719,0.009420404523201012,61566,9.950391165912151,0.45104924307929145
fits_dimensions,row,mlp_positive,32,2000,ood,attention_nmse,0,6,3,8,0.903811996181806,0.007313377986487716,61566,9.950391165912151,0.45104924307929145
fits_dimensions,row,mlp_positive,32,2000,ood,attention_nmse,14,0,3,8,0.254936168435961,0.019043896985282808,61566,9.950391165912151,0.45104924307929145
fits_dimensions,row,mlp_positive,32,2000,ood,attention_nmse,14,6,3,8,0.4357448785255353,0.1468543591806948,61566,9.950391165912151,0.45104924307929145
fits_dimensions,row,mlp_positive,32,2000,ood,attention_nmse,27,0,3,8,0.5472525333364805,0.0019254453221329401,61566,9.950391165912151,0.45104924307929145
fits_dimensions,row,mlp_positive,32,2000,ood,attention_nmse,27,6,3,8,0.5437062047421932,0.0033925791332192466,61566,9.950391165912151,0.45104924307929145
fits_dimensions,row,mlp_positive,32,2000,ood,output_nmse,0,0,3,8,0.031927842336396374,0.0019925282833676145,61566,9.950391165912151,0.45104924307929145
fits_dimensions,row,mlp_positive,32,2000,ood,output_nmse,0,6,3,8,0.7791852305332819,0.002081085548164131,61566,9.950391165912151,0.45104924307929145
fits_dimensions,row,mlp_positive,32,2000,ood,output_nmse,14,0,3,8,0.964260625342528,0.03308664538711327,61566,9.950391165912151,0.45104924307929145
fits_dimensions,row,mlp_positive,32,2000,ood,output_nmse,14,6,3,8,1.0177609821160634,0.23001737405898093,61566,9.950391165912151,0.45104924307929145
fits_dimensions,row,mlp_positive,32,2000,ood,output_nmse,27,0,3,8,0.12428287866835792,0.0007708341241174102,61566,9.950391165912151,0.45104924307929145
fits_dimensions,row,mlp_positive,32,2000,ood,output_nmse,27,6,3,8,0.20462282995382944,0.002567034837308292,61566,9.950391165912151,0.45104924307929145
fits_dimensions,row,mlp_positive,32,2000,ood,row_l1,0,0,3,8,0.622469998896122,0.013475818002043784,61566,9.950391165912151,0.45104924307929145
fits_dimensions,row,mlp_positive,32,2000,ood,row_l1,0,6,3,8,1.854621519645055,0.007758286922822376,61566,9.950391165912151,0.45104924307929145
fits_dimensions,row,mlp_positive,32,2000,ood,row_l1,14,0,3,8,0.6065094421307246,0.006424951580973389,61566,9.950391165912151,0.45104924307929145
fits_dimensions,row,mlp_positive,32,2000,ood,row_l1,14,6,3,8,0.8471474746863047,0.015184791408374448,61566,9.950391165912151,0.45104924307929145
fits_dimensions,row,mlp_positive,32,2000,ood,row_l1,27,0,3,8,0.7549376636743546,0.0020784504195495487,61566,9.950391165912151,0.45104924307929145
fits_dimensions,row,mlp_positive,32,2000,ood,row_l1,27,6,3,8,0.7475524966915449,0.005952815628209248,61566,9.950391165912151,0.45104924307929145
fits_dimensions,row,mlp_positive,32,2000,ood,negative_fraction,0,0,3,8,0.0,0.0,61566,9.950391165912151,0.45104924307929145
fits_dimensions,row,mlp_positive,32,2000,ood,negative_fraction,0,6,3,8,0.0,0.0,61566,9.950391165912151,0.45104924307929145
fits_dimensions,row,mlp_positive,32,2000,ood,negative_fraction,14,0,3,8,0.0,0.0,61566,9.950391165912151,0.45104924307929145
fits_dimensions,row,mlp_positive,32,2000,ood,negative_fraction,14,6,3,8,0.0,0.0,61566,9.950391165912151,0.45104924307929145
fits_dimensions,row,mlp_positive,32,2000,ood,negative_fraction,27,0,3,8,0.0,0.0,61566,9.950391165912151,0.45104924307929145
fits_dimensions,row,mlp_positive,32,2000,ood,negative_fraction,27,6,3,8,0.0,0.0,61566,9.950391165912151,0.45104924307929145
fits_dimensions,row,mlp_positive,32,2000,ood,nonpositive_denominator_fraction,0,0,3,8,0.0,0.0,61566,9.950391165912151,0.45104924307929145
fits_dimensions,row,mlp_positive,32,2000,ood,nonpositive_denominator_fraction,0,6,3,8,0.0,0.0,61566,9.950391165912151,0.45104924307929145
fits_dimensions,row,mlp_positive,32,2000,ood,nonpositive_denominator_fraction,14,0,3,8,0.0,0.0,61566,9.950391165912151,0.45104924307929145
fits_dimensions,row,mlp_positive,32,2000,ood,nonpositive_denominator_fraction,14,6,3,8,0.0,0.0,61566,9.950391165912151,0.45104924307929145
fits_dimensions,row,mlp_positive,32,2000,ood,nonpositive_denominator_fraction,27,0,3,8,0.0,0.0,61566,9.950391165912151,0.45104924307929145
fits_dimensions,row,mlp_positive,32,2000,ood,nonpositive_denominator_fraction,27,6,3,8,0.0,0.0,61566,9.950391165912151,0.45104924307929145
fits_dimensions,row,mlp_positive,32,2000,ood,top1_agreement,0,0,3,8,0.3382161458333333,0.0038781746606262554,61566,9.950391165912151,0.45104924307929145
fits_dimensions,row,mlp_positive,32,2000,ood,top1_agreement,0,6,3,8,0.3387044270833333,0.012850086935221766,61566,9.950391165912151,0.45104924307929145
fits_dimensions,row,mlp_positive,32,2000,ood,top1_agreement,14,0,3,8,0.855712890625,0.0,61566,9.950391165912151,0.45104924307929145
fits_dimensions,row,mlp_positive,32,2000,ood,top1_agreement,14,6,3,8,0.8994140625,0.0,61566,9.950391165912151,0.45104924307929145
fits_dimensions,row,mlp_positive,32,2000,ood,top1_agreement,27,0,3,8,0.2857259114583333,0.008684454148407617,61566,9.950391165912151,0.45104924307929145
fits_dimensions,row,mlp_positive,32,2000,ood,top1_agreement,27,6,3,8,0.239501953125,0.0012918707573557572,61566,9.950391165912151,0.45104924307929145
fits_dimensions,row,mlp_positive,32,2000,test_block,kernel_nmse,0,0,3,20,0.5520327985286713,0.00845272160253853,61566,9.950391165912151,0.45104924307929145
fits_dimensions,row,mlp_positive,32,2000,test_block,kernel_nmse,0,6,3,20,1.0051187932491301,0.0006636066286737514,61566,9.950391165912151,0.45104924307929145
fits_dimensions,row,mlp_positive,32,2000,test_block,kernel_nmse,14,0,3,20,0.20471324548125266,0.014435956235314724,61566,9.950391165912151,0.45104924307929145
fits_dimensions,row,mlp_positive,32,2000,test_block,kernel_nmse,14,6,3,20,0.13251782841980456,0.005735025199209989,61566,9.950391165912151,0.45104924307929145
fits_dimensions,row,mlp_positive,32,2000,test_block,kernel_nmse,27,0,3,20,0.49476268688837693,0.002072906171790939,61566,9.950391165912151,0.45104924307929145
fits_dimensions,row,mlp_positive,32,2000,test_block,kernel_nmse,27,6,3,20,0.514448755979538,0.004645894878551736,61566,9.950391165912151,0.45104924307929145
fits_dimensions,row,mlp_positive,32,2000,test_block,attention_nmse,0,0,3,20,0.569821814695994,0.026310344245353327,61566,9.950391165912151,0.45104924307929145
fits_dimensions,row,mlp_positive,32,2000,test_block,attention_nmse,0,6,3,20,1.3811966558297477,0.069990663878386,61566,9.950391165912151,0.45104924307929145
fits_dimensions,row,mlp_positive,32,2000,test_block,attention_nmse,14,0,3,20,0.07040700282280643,0.002485971574277126,61566,9.950391165912151,0.45104924307929145
fits_dimensions,row,mlp_positive,32,2000,test_block,attention_nmse,14,6,3,20,0.16906921475504835,0.04402386328035311,61566,9.950391165912151,0.45104924307929145
fits_dimensions,row,mlp_positive,32,2000,test_block,attention_nmse,27,0,3,20,0.46494520058234534,0.0019393397862602448,61566,9.950391165912151,0.45104924307929145
fits_dimensions,row,mlp_positive,32,2000,test_block,attention_nmse,27,6,3,20,0.4751070603728295,0.0027864894520195325,61566,9.950391165912151,0.45104924307929145
fits_dimensions,row,mlp_positive,32,2000,test_block,output_nmse,0,0,3,20,0.02538532408264776,0.002628243767219391,61566,9.950391165912151,0.45104924307929145
fits_dimensions,row,mlp_positive,32,2000,test_block,output_nmse,0,6,3,20,1.5730351547400157,0.12698013582075152,61566,9.950391165912151,0.45104924307929145
fits_dimensions,row,mlp_positive,32,2000,test_block,output_nmse,14,0,3,20,0.9129988729953765,0.01855856686959549,61566,9.950391165912151,0.45104924307929145
fits_dimensions,row,mlp_positive,32,2000,test_block,output_nmse,14,6,3,20,0.5269695545236269,0.096046040703298,61566,9.950391165912151,0.45104924307929145
fits_dimensions,row,mlp_positive,32,2000,test_block,output_nmse,27,0,3,20,0.12983455024659632,0.00139844601690721,61566,9.950391165912151,0.45104924307929145
fits_dimensions,row,mlp_positive,32,2000,test_block,output_nmse,27,6,3,20,0.23983430167039235,0.0022662917657641614,61566,9.950391165912151,0.45104924307929145
fits_dimensions,row,mlp_positive,32,2000,test_block,row_l1,0,0,3,20,0.5817313333352407,0.01842378387278434,61566,9.950391165912151,0.45104924307929145
fits_dimensions,row,mlp_positive,32,2000,test_block,row_l1,0,6,3,20,1.953197193145752,0.008636020791958384,61566,9.950391165912151,0.45104924307929145
fits_dimensions,row,mlp_positive,32,2000,test_block,row_l1,14,0,3,20,0.21337090233961742,0.005262932040139553,61566,9.950391165912151,0.45104924307929145
fits_dimensions,row,mlp_positive,32,2000,test_block,row_l1,14,6,3,20,0.5176534908513227,0.029170890236852143,61566,9.950391165912151,0.45104924307929145
fits_dimensions,row,mlp_positive,32,2000,test_block,row_l1,27,0,3,20,0.7040159245332083,0.002024012886679553,61566,9.950391165912151,0.45104924307929145
fits_dimensions,row,mlp_positive,32,2000,test_block,row_l1,27,6,3,20,0.6975331624348958,0.005016818517545642,61566,9.950391165912151,0.45104924307929145
fits_dimensions,row,mlp_positive,32,2000,test_block,negative_fraction,0,0,3,20,0.0,0.0,61566,9.950391165912151,0.45104924307929145
fits_dimensions,row,mlp_positive,32,2000,test_block,negative_fraction,0,6,3,20,0.0,0.0,61566,9.950391165912151,0.45104924307929145
fits_dimensions,row,mlp_positive,32,2000,test_block,negative_fraction,14,0,3,20,0.0,0.0,61566,9.950391165912151,0.45104924307929145
fits_dimensions,row,mlp_positive,32,2000,test_block,negative_fraction,14,6,3,20,0.0,0.0,61566,9.950391165912151,0.45104924307929145
fits_dimensions,row,mlp_positive,32,2000,test_block,negative_fraction,27,0,3,20,0.0,0.0,61566,9.950391165912151,0.45104924307929145
fits_dimensions,row,mlp_positive,32,2000,test_block,negative_fraction,27,6,3,20,0.0,0.0,61566,9.950391165912151,0.45104924307929145
fits_dimensions,row,mlp_positive,32,2000,test_block,nonpositive_denominator_fraction,0,0,3,20,0.0,0.0,61566,9.950391165912151,0.45104924307929145
fits_dimensions,row,mlp_positive,32,2000,test_block,nonpositive_denominator_fraction,0,6,3,20,0.0,0.0,61566,9.950391165912151,0.45104924307929145
fits_dimensions,row,mlp_positive,32,2000,test_block,nonpositive_denominator_fraction,14,0,3,20,0.0,0.0,61566,9.950391165912151,0.45104924307929145
fits_dimensions,row,mlp_positive,32,2000,test_block,nonpositive_denominator_fraction,14,6,3,20,0.0,0.0,61566,9.950391165912151,0.45104924307929145
fits_dimensions,row,mlp_positive,32,2000,test_block,nonpositive_denominator_fraction,27,0,3,20,0.0,0.0,61566,9.950391165912151,0.45104924307929145
fits_dimensions,row,mlp_positive,32,2000,test_block,nonpositive_denominator_fraction,27,6,3,20,0.0,0.0,61566,9.950391165912151,0.45104924307929145
fits_dimensions,row,mlp_positive,32,2000,test_block,top1_agreement,0,0,3,20,0.258984375,0.008719341517792864,61566,9.950391165912151,0.45104924307929145
fits_dimensions,row,mlp_positive,32,2000,test_block,top1_agreement,0,6,3,20,0.004752604166666666,0.0017203398778286216,61566,9.950391165912151,0.45104924307929145
fits_dimensions,row,mlp_positive,32,2000,test_block,top1_agreement,14,0,3,20,0.95947265625,0.0,61566,9.950391165912151,0.45104924307929145
fits_dimensions,row,mlp_positive,32,2000,test_block,top1_agreement,14,6,3,20,0.9504882812499998,1.3597399555105182e-16,61566,9.950391165912151,0.45104924307929145
fits_dimensions,row,mlp_positive,32,2000,test_block,top1_agreement,27,0,3,20,0.3634440104166667,0.0032817924898772364,61566,9.950391165912151,0.45104924307929145
fits_dimensions,row,mlp_positive,32,2000,test_block,top1_agreement,27,6,3,20,0.28772786458333327,0.010893962128077268,61566,9.950391165912151,0.45104924307929145
fits_longer,row,kan_positive,64,10000,validation,kernel_nmse,0,0,3,12,0.3470586645934317,0.0019219589320884395,73888,118.82472591164212,2.8523748609754773
fits_longer,row,kan_positive,64,10000,validation,kernel_nmse,0,6,3,12,0.8315556512938604,0.004087761217951065,73888,118.82472591164212,2.8523748609754773
fits_longer,row,kan_positive,64,10000,validation,kernel_nmse,14,0,3,12,0.14684049081471232,0.000348836778955466,73888,118.82472591164212,2.8523748609754773
fits_longer,row,kan_positive,64,10000,validation,kernel_nmse,14,6,3,12,0.12189893548687299,0.0006114115929201701,73888,118.82472591164212,2.8523748609754773
fits_longer,row,kan_positive,64,10000,validation,kernel_nmse,27,0,3,12,0.5888636882106463,0.003177406647752855,73888,118.82472591164212,2.8523748609754773
fits_longer,row,kan_positive,64,10000,validation,kernel_nmse,27,6,3,12,0.5806145966053009,0.003897910734270063,73888,118.82472591164212,2.8523748609754773
fits_longer,row,kan_positive,64,10000,validation,attention_nmse,0,0,3,12,0.3264003218048149,0.01048908035953733,73888,118.82472591164212,2.8523748609754773
fits_longer,row,kan_positive,64,10000,validation,attention_nmse,0,6,3,12,0.8729973965220981,0.003662445780043393,73888,118.82472591164212,2.8523748609754773
fits_longer,row,kan_positive,64,10000,validation,attention_nmse,14,0,3,12,0.14841318109797108,0.002696566843329571,73888,118.82472591164212,2.8523748609754773
fits_longer,row,kan_positive,64,10000,validation,attention_nmse,14,6,3,12,0.11755393693844478,0.0022306393111696933,73888,118.82472591164212,2.8523748609754773
fits_longer,row,kan_positive,64,10000,validation,attention_nmse,27,0,3,12,0.5659479382965299,0.002618280776415389,73888,118.82472591164212,2.8523748609754773
fits_longer,row,kan_positive,64,10000,validation,attention_nmse,27,6,3,12,0.5548164712058173,0.004428941411186869,73888,118.82472591164212,2.8523748609754773
fits_longer,row,kan_positive,64,10000,validation,output_nmse,0,0,3,12,0.010588459476518134,0.0004055432769729862,73888,118.82472591164212,2.8523748609754773
fits_longer,row,kan_positive,64,10000,validation,output_nmse,0,6,3,12,0.7615041004286871,0.0040160235975290936,73888,118.82472591164212,2.8523748609754773
fits_longer,row,kan_positive,64,10000,validation,output_nmse,14,0,3,12,0.6567167126470141,0.005163837614534507,73888,118.82472591164212,2.8523748609754773
fits_longer,row,kan_positive,64,10000,validation,output_nmse,14,6,3,12,0.5052793381942644,0.005086206562437264,73888,118.82472591164212,2.8523748609754773
fits_longer,row,kan_positive,64,10000,validation,output_nmse,27,0,3,12,0.13709445070061418,0.0016986064194245854,73888,118.82472591164212,2.8523748609754773
fits_longer,row,kan_positive,64,10000,validation,output_nmse,27,6,3,12,0.23627774169047674,0.0018682449561498566,73888,118.82472591164212,2.8523748609754773
fits_longer,row,kan_positive,64,10000,validation,row_l1,0,0,3,12,0.47734717362456847,0.0007724972311348213,73888,118.82472591164212,2.8523748609754773
fits_longer,row,kan_positive,64,10000,validation,row_l1,0,6,3,12,1.8159718645943537,0.006247731328209058,73888,118.82472591164212,2.8523748609754773
fits_longer,row,kan_positive,64,10000,validation,row_l1,14,0,3,12,0.617787029180262,0.011176223896052407,73888,118.82472591164212,2.8523748609754773
fits_longer,row,kan_positive,64,10000,validation,row_l1,14,6,3,12,0.7897328370147281,0.015154538743956489,73888,118.82472591164212,2.8523748609754773
fits_longer,row,kan_positive,64,10000,validation,row_l1,27,0,3,12,0.7561976611614227,0.0009867825904430413,73888,118.82472591164212,2.8523748609754773
fits_longer,row,kan_positive,64,10000,validation,row_l1,27,6,3,12,0.7422939174705082,0.0026463307893832173,73888,118.82472591164212,2.8523748609754773
fits_longer,row,kan_positive,64,10000,validation,negative_fraction,0,0,3,12,0.0,0.0,73888,118.82472591164212,2.8523748609754773
fits_longer,row,kan_positive,64,10000,validation,negative_fraction,0,6,3,12,0.0,0.0,73888,118.82472591164212,2.8523748609754773
fits_longer,row,kan_positive,64,10000,validation,negative_fraction,14,0,3,12,0.0,0.0,73888,118.82472591164212,2.8523748609754773
fits_longer,row,kan_positive,64,10000,validation,negative_fraction,14,6,3,12,0.0,0.0,73888,118.82472591164212,2.8523748609754773
fits_longer,row,kan_positive,64,10000,validation,negative_fraction,27,0,3,12,0.0,0.0,73888,118.82472591164212,2.8523748609754773
fits_longer,row,kan_positive,64,10000,validation,negative_fraction,27,6,3,12,0.0,0.0,73888,118.82472591164212,2.8523748609754773
fits_longer,row,kan_positive,64,10000,validation,nonpositive_denominator_fraction,0,0,3,12,0.0,0.0,73888,118.82472591164212,2.8523748609754773
fits_longer,row,kan_positive,64,10000,validation,nonpositive_denominator_fraction,0,6,3,12,0.0,0.0,73888,118.82472591164212,2.8523748609754773
fits_longer,row,kan_positive,64,10000,validation,nonpositive_denominator_fraction,14,0,3,12,0.0,0.0,73888,118.82472591164212,2.8523748609754773
fits_longer,row,kan_positive,64,10000,validation,nonpositive_denominator_fraction,14,6,3,12,0.0,0.0,73888,118.82472591164212,2.8523748609754773
fits_longer,row,kan_positive,64,10000,validation,nonpositive_denominator_fraction,27,0,3,12,0.0,0.0,73888,118.82472591164212,2.8523748609754773
fits_longer,row,kan_positive,64,10000,validation,nonpositive_denominator_fraction,27,6,3,12,0.0,0.0,73888,118.82472591164212,2.8523748609754773
fits_longer,row,kan_positive,64,10000,validation,top1_agreement,0,0,3,12,0.5225694444444445,0.002215774507016249,73888,118.82472591164212,2.8523748609754773
fits_longer,row,kan_positive,64,10000,validation,top1_agreement,0,6,3,12,0.4232313368055556,0.014974253186257643,73888,118.82472591164212,2.8523748609754773
fits_longer,row,kan_positive,64,10000,validation,top1_agreement,14,0,3,12,0.8306749131944445,0.00037587908150370534,73888,118.82472591164212,2.8523748609754773
fits_longer,row,kan_positive,64,10000,validation,top1_agreement,14,6,3,12,0.8766276041666666,0.0,73888,118.82472591164212,2.8523748609754773
fits_longer,row,kan_positive,64,10000,validation,top1_agreement,27,0,3,12,0.2628580729166667,0.004107887195352835,73888,118.82472591164212,2.8523748609754773
fits_longer,row,kan_positive,64,10000,validation,top1_agreement,27,6,3,12,0.2304144965277778,0.0024915283210080394,73888,118.82472591164212,2.8523748609754773
fits_longer,row,kan_positive,64,10000,test,kernel_nmse,0,0,3,20,0.3464392445981503,0.00377809065795671,73888,118.82472591164212,2.8523748609754773
fits_longer,row,kan_positive,64,10000,test,kernel_nmse,0,6,3,20,0.8333528101444244,0.002685787357053482,73888,118.82472591164212,2.8523748609754773
fits_longer,row,kan_positive,64,10000,test,kernel_nmse,14,0,3,20,0.14054958894848824,0.0005686575986444664,73888,118.82472591164212,2.8523748609754773
fits_longer,row,kan_positive,64,10000,test,kernel_nmse,14,6,3,20,0.10678053305794795,0.0009767340313540961,73888,118.82472591164212,2.8523748609754773
fits_longer,row,kan_positive,64,10000,test,kernel_nmse,27,0,3,20,0.546327198545138,0.004831270666058278,73888,118.82472591164212,2.8523748609754773
fits_longer,row,kan_positive,64,10000,test,kernel_nmse,27,6,3,20,0.5548727785547575,0.0038829905142015804,73888,118.82472591164212,2.8523748609754773
fits_longer,row,kan_positive,64,10000,test,attention_nmse,0,0,3,20,0.33719893246889115,0.008096189118491607,73888,118.82472591164212,2.8523748609754773
fits_longer,row,kan_positive,64,10000,test,attention_nmse,0,6,3,20,0.8728266040484111,0.0024625073072405824,73888,118.82472591164212,2.8523748609754773
fits_longer,row,kan_positive,64,10000,test,attention_nmse,14,0,3,20,0.14841333540777366,0.0017041764647735668,73888,118.82472591164212,2.8523748609754773
fits_longer,row,kan_positive,64,10000,test,attention_nmse,14,6,3,20,0.10408906818677982,0.0005830841159895012,73888,118.82472591164212,2.8523748609754773
fits_longer,row,kan_positive,64,10000,test,attention_nmse,27,0,3,20,0.5233250468969345,0.0030477703527765103,73888,118.82472591164212,2.8523748609754773
fits_longer,row,kan_positive,64,10000,test,attention_nmse,27,6,3,20,0.5269371817509333,0.004004882785066278,73888,118.82472591164212,2.8523748609754773
fits_longer,row,kan_positive,64,10000,test,output_nmse,0,0,3,20,0.009670082394344111,0.0006643199375768112,73888,118.82472591164212,2.8523748609754773
fits_longer,row,kan_positive,64,10000,test,output_nmse,0,6,3,20,0.7596958061059316,0.0027540622035692325,73888,118.82472591164212,2.8523748609754773
fits_longer,row,kan_positive,64,10000,test,output_nmse,14,0,3,20,0.6472037752469381,0.0022536661680802677,73888,118.82472591164212,2.8523748609754773
fits_longer,row,kan_positive,64,10000,test,output_nmse,14,6,3,20,0.4879877845446268,0.0021459322430522755,73888,118.82472591164212,2.8523748609754773
fits_longer,row,kan_positive,64,10000,test,output_nmse,27,0,3,20,0.11744411873320737,0.00036788868457370585,73888,118.82472591164212,2.8523748609754773
fits_longer,row,kan_positive,64,10000,test,output_nmse,27,6,3,20,0.2319358743727207,0.0015042242598109557,73888,118.82472591164212,2.8523748609754773
fits_longer,row,kan_positive,64,10000,test,row_l1,0,0,3,20,0.48017344077428187,0.001896960950411976,73888,118.82472591164212,2.8523748609754773
fits_longer,row,kan_positive,64,10000,test,row_l1,0,6,3,20,1.815118181705475,0.005503804308074278,73888,118.82472591164212,2.8523748609754773
fits_longer,row,kan_positive,64,10000,test,row_l1,14,0,3,20,0.618038077155749,0.012796619940563662,73888,118.82472591164212,2.8523748609754773
fits_longer,row,kan_positive,64,10000,test,row_l1,14,6,3,20,0.7617725541194279,0.013214589266594629,73888,118.82472591164212,2.8523748609754773
fits_longer,row,kan_positive,64,10000,test,row_l1,27,0,3,20,0.7221239596605301,0.002065482259748099,73888,118.82472591164212,2.8523748609754773
fits_longer,row,kan_positive,64,10000,test,row_l1,27,6,3,20,0.7231375972429911,0.0031341659901641724,73888,118.82472591164212,2.8523748609754773
fits_longer,row,kan_positive,64,10000,test,negative_fraction,0,0,3,20,0.0,0.0,73888,118.82472591164212,2.8523748609754773
fits_longer,row,kan_positive,64,10000,test,negative_fraction,0,6,3,20,0.0,0.0,73888,118.82472591164212,2.8523748609754773
fits_longer,row,kan_positive,64,10000,test,negative_fraction,14,0,3,20,0.0,0.0,73888,118.82472591164212,2.8523748609754773
fits_longer,row,kan_positive,64,10000,test,negative_fraction,14,6,3,20,0.0,0.0,73888,118.82472591164212,2.8523748609754773
fits_longer,row,kan_positive,64,10000,test,negative_fraction,27,0,3,20,0.0,0.0,73888,118.82472591164212,2.8523748609754773
fits_longer,row,kan_positive,64,10000,test,negative_fraction,27,6,3,20,0.0,0.0,73888,118.82472591164212,2.8523748609754773
fits_longer,row,kan_positive,64,10000,test,nonpositive_denominator_fraction,0,0,3,20,0.0,0.0,73888,118.82472591164212,2.8523748609754773
fits_longer,row,kan_positive,64,10000,test,nonpositive_denominator_fraction,0,6,3,20,0.0,0.0,73888,118.82472591164212,2.8523748609754773
fits_longer,row,kan_positive,64,10000,test,nonpositive_denominator_fraction,14,0,3,20,0.0,0.0,73888,118.82472591164212,2.8523748609754773
fits_longer,row,kan_positive,64,10000,test,nonpositive_denominator_fraction,14,6,3,20,0.0,0.0,73888,118.82472591164212,2.8523748609754773
fits_longer,row,kan_positive,64,10000,test,nonpositive_denominator_fraction,27,0,3,20,0.0,0.0,73888,118.82472591164212,2.8523748609754773
fits_longer,row,kan_positive,64,10000,test,nonpositive_denominator_fraction,27,6,3,20,0.0,0.0,73888,118.82472591164212,2.8523748609754773
fits_longer,row,kan_positive,64,10000,test,top1_agreement,0,0,3,20,0.50537109375,0.005479203179338095,73888,118.82472591164212,2.8523748609754773
fits_longer,row,kan_positive,64,10000,test,top1_agreement,0,6,3,20,0.41744791666666664,0.006495670148044819,73888,118.82472591164212,2.8523748609754773
fits_longer,row,kan_positive,64,10000,test,top1_agreement,14,0,3,20,0.82958984375,0.0003906249999999778,73888,118.82472591164212,2.8523748609754773
fits_longer,row,kan_positive,64,10000,test,top1_agreement,14,6,3,20,0.8937174479166666,0.00011276372445106033,73888,118.82472591164212,2.8523748609754773
fits_longer,row,kan_positive,64,10000,test,top1_agreement,27,0,3,20,0.2672526041666667,0.001333046564416877,73888,118.82472591164212,2.8523748609754773
fits_longer,row,kan_positive,64,10000,test,top1_agreement,27,6,3,20,0.24622395833333333,0.005500338919629793,73888,118.82472591164212,2.8523748609754773
fits_longer,row,kan_positive,64,10000,test_long,kernel_nmse,0,0,3,8,192.94569651285806,74.55426220998667,73888,118.82472591164212,2.8523748609754773
fits_longer,row,kan_positive,64,10000,test_long,kernel_nmse,0,6,3,8,268.66345977783203,98.29110523199036,73888,118.82472591164212,2.8523748609754773
fits_longer,row,kan_positive,64,10000,test_long,kernel_nmse,14,0,3,8,0.5108427827556928,0.012200915151547288,73888,118.82472591164212,2.8523748609754773
fits_longer,row,kan_positive,64,10000,test_long,kernel_nmse,14,6,3,8,0.4287803880870342,0.015394528883889345,73888,118.82472591164212,2.8523748609754773
fits_longer,row,kan_positive,64,10000,test_long,kernel_nmse,27,0,3,8,1.3702110449473064,0.05042005278509948,73888,118.82472591164212,2.8523748609754773
fits_longer,row,kan_positive,64,10000,test_long,kernel_nmse,27,6,3,8,2.197126423319181,0.3545700092753012,73888,118.82472591164212,2.8523748609754773
fits_longer,row,kan_positive,64,10000,test_long,attention_nmse,0,0,3,8,0.9853975748022398,0.005761212267026442,73888,118.82472591164212,2.8523748609754773
fits_longer,row,kan_positive,64,10000,test_long,attention_nmse,0,6,3,8,1.0073138922452927,0.000205249116267587,73888,118.82472591164212,2.8523748609754773
fits_longer,row,kan_positive,64,10000,test_long,attention_nmse,14,0,3,8,0.401215773075819,0.018709605573236424,73888,118.82472591164212,2.8523748609754773
fits_longer,row,kan_positive,64,10000,test_long,attention_nmse,14,6,3,8,0.33680975437164307,0.04057692463556499,73888,118.82472591164212,2.8523748609754773
fits_longer,row,kan_positive,64,10000,test_long,attention_nmse,27,0,3,8,0.9502395962675413,0.0095167081802921,73888,118.82472591164212,2.8523748609754773
fits_longer,row,kan_positive,64,10000,test_long,attention_nmse,27,6,3,8,1.0096422309676807,0.012168734081803387,73888,118.82472591164212,2.8523748609754773
fits_longer,row,kan_positive,64,10000,test_long,output_nmse,0,0,3,8,0.07535106611127655,0.007019852543498238,73888,118.82472591164212,2.8523748609754773
fits_longer,row,kan_positive,64,10000,test_long,output_nmse,0,6,3,8,0.9298798417051634,0.0056044000087147276,73888,118.82472591164212,2.8523748609754773
fits_longer,row,kan_positive,64,10000,test_long,output_nmse,14,0,3,8,1.307529702782631,0.0606879966079537,73888,118.82472591164212,2.8523748609754773
fits_longer,row,kan_positive,64,10000,test_long,output_nmse,14,6,3,8,0.9664754395683607,0.07217953153834614,73888,118.82472591164212,2.8523748609754773
fits_longer,row,kan_positive,64,10000,test_long,output_nmse,27,0,3,8,0.20630985219031572,0.0010549891163865932,73888,118.82472591164212,2.8523748609754773
fits_longer,row,kan_positive,64,10000,test_long,output_nmse,27,6,3,8,0.3305628728121519,0.004144565982680355,73888,118.82472591164212,2.8523748609754773
fits_longer,row,kan_positive,64,10000,test_long,row_l1,0,0,3,8,1.3464543670415878,0.01433609917620306,73888,118.82472591164212,2.8523748609754773
fits_longer,row,kan_positive,64,10000,test_long,row_l1,0,6,3,8,1.999208504954974,3.215742512737589e-05,73888,118.82472591164212,2.8523748609754773
fits_longer,row,kan_positive,64,10000,test_long,row_l1,14,0,3,8,1.2680669575929642,0.03570304131744696,73888,118.82472591164212,2.8523748609754773
fits_longer,row,kan_positive,64,10000,test_long,row_l1,14,6,3,8,1.2697377502918243,0.044054553038241274,73888,118.82472591164212,2.8523748609754773
fits_longer,row,kan_positive,64,10000,test_long,row_l1,27,0,3,8,1.2505414287249248,0.008656084713289698,73888,118.82472591164212,2.8523748609754773
fits_longer,row,kan_positive,64,10000,test_long,row_l1,27,6,3,8,1.2229347825050354,0.007383066941350118,73888,118.82472591164212,2.8523748609754773
fits_longer,row,kan_positive,64,10000,test_long,negative_fraction,0,0,3,8,0.0,0.0,73888,118.82472591164212,2.8523748609754773
fits_longer,row,kan_positive,64,10000,test_long,negative_fraction,0,6,3,8,0.0,0.0,73888,118.82472591164212,2.8523748609754773
fits_longer,row,kan_positive,64,10000,test_long,negative_fraction,14,0,3,8,0.0,0.0,73888,118.82472591164212,2.8523748609754773
fits_longer,row,kan_positive,64,10000,test_long,negative_fraction,14,6,3,8,0.0,0.0,73888,118.82472591164212,2.8523748609754773
fits_longer,row,kan_positive,64,10000,test_long,negative_fraction,27,0,3,8,0.0,0.0,73888,118.82472591164212,2.8523748609754773
fits_longer,row,kan_positive,64,10000,test_long,negative_fraction,27,6,3,8,0.0,0.0,73888,118.82472591164212,2.8523748609754773
fits_longer,row,kan_positive,64,10000,test_long,nonpositive_denominator_fraction,0,0,3,8,0.0,0.0,73888,118.82472591164212,2.8523748609754773
fits_longer,row,kan_positive,64,10000,test_long,nonpositive_denominator_fraction,0,6,3,8,0.0,0.0,73888,118.82472591164212,2.8523748609754773
fits_longer,row,kan_positive,64,10000,test_long,nonpositive_denominator_fraction,14,0,3,8,0.0,0.0,73888,118.82472591164212,2.8523748609754773
fits_longer,row,kan_positive,64,10000,test_long,nonpositive_denominator_fraction,14,6,3,8,0.0,0.0,73888,118.82472591164212,2.8523748609754773
fits_longer,row,kan_positive,64,10000,test_long,nonpositive_denominator_fraction,27,0,3,8,0.0,0.0,73888,118.82472591164212,2.8523748609754773
fits_longer,row,kan_positive,64,10000,test_long,nonpositive_denominator_fraction,27,6,3,8,0.0,0.0,73888,118.82472591164212,2.8523748609754773
fits_longer,row,kan_positive,64,10000,test_long,top1_agreement,0,0,3,8,0.0,0.0,73888,118.82472591164212,2.8523748609754773
fits_longer,row,kan_positive,64,10000,test_long,top1_agreement,0,6,3,8,0.0,0.0,73888,118.82472591164212,2.8523748609754773
fits_longer,row,kan_positive,64,10000,test_long,top1_agreement,14,0,3,8,0.8321126302083334,0.0005638186222554939,73888,118.82472591164212,2.8523748609754773
fits_longer,row,kan_positive,64,10000,test_long,top1_agreement,14,6,3,8,0.8819986979166666,0.0001409546555638735,73888,118.82472591164212,2.8523748609754773
fits_longer,row,kan_positive,64,10000,test_long,top1_agreement,27,0,3,8,0.065673828125,0.009190200305038433,73888,118.82472591164212,2.8523748609754773
fits_longer,row,kan_positive,64,10000,test_long,top1_agreement,27,6,3,8,0.017008463541666668,0.004159953749717466,73888,118.82472591164212,2.8523748609754773
fits_longer,row,kan_positive,64,10000,ood,kernel_nmse,0,0,3,8,0.48836587741971016,0.0059528539503904245,73888,118.82472591164212,2.8523748609754773
fits_longer,row,kan_positive,64,10000,ood,kernel_nmse,0,6,3,8,0.8695124785105387,0.013781959238766319,73888,118.82472591164212,2.8523748609754773
fits_longer,row,kan_positive,64,10000,ood,kernel_nmse,14,0,3,8,0.12702905122811595,0.00033896352840799305,73888,118.82472591164212,2.8523748609754773
fits_longer,row,kan_positive,64,10000,ood,kernel_nmse,14,6,3,8,0.1272053038701415,0.00473811067039189,73888,118.82472591164212,2.8523748609754773
fits_longer,row,kan_positive,64,10000,ood,kernel_nmse,27,0,3,8,0.6385737756888071,0.005287832008956694,73888,118.82472591164212,2.8523748609754773
fits_longer,row,kan_positive,64,10000,ood,kernel_nmse,27,6,3,8,0.652780699233214,0.008755317074368153,73888,118.82472591164212,2.8523748609754773
fits_longer,row,kan_positive,64,10000,ood,attention_nmse,0,0,3,8,0.4917013918360074,0.019249158779479976,73888,118.82472591164212,2.8523748609754773
fits_longer,row,kan_positive,64,10000,ood,attention_nmse,0,6,3,8,0.8865856826305389,0.00611779328496372,73888,118.82472591164212,2.8523748609754773
fits_longer,row,kan_positive,64,10000,ood,attention_nmse,14,0,3,8,0.1396953297468523,0.0019753692746351495,73888,118.82472591164212,2.8523748609754773
fits_longer,row,kan_positive,64,10000,ood,attention_nmse,14,6,3,8,0.13116641420250139,0.005866668298157952,73888,118.82472591164212,2.8523748609754773
fits_longer,row,kan_positive,64,10000,ood,attention_nmse,27,0,3,8,0.5565483768781027,0.003681541168242114,73888,118.82472591164212,2.8523748609754773
fits_longer,row,kan_positive,64,10000,ood,attention_nmse,27,6,3,8,0.5434001944959164,0.003985683069530686,73888,118.82472591164212,2.8523748609754773
fits_longer,row,kan_positive,64,10000,ood,output_nmse,0,0,3,8,0.035919249329405524,0.0023862759912780017,73888,118.82472591164212,2.8523748609754773
fits_longer,row,kan_positive,64,10000,ood,output_nmse,0,6,3,8,0.7771558637420336,0.007325306193167455,73888,118.82472591164212,2.8523748609754773
fits_longer,row,kan_positive,64,10000,ood,output_nmse,14,0,3,8,0.6604624961813291,0.0037163269501888237,73888,118.82472591164212,2.8523748609754773
fits_longer,row,kan_positive,64,10000,ood,output_nmse,14,6,3,8,0.5248820434014002,0.009092738493531632,73888,118.82472591164212,2.8523748609754773
fits_longer,row,kan_positive,64,10000,ood,output_nmse,27,0,3,8,0.13076302409172058,0.0009805154338742691,73888,118.82472591164212,2.8523748609754773
fits_longer,row,kan_positive,64,10000,ood,output_nmse,27,6,3,8,0.20628308163334927,0.0019462049594411598,73888,118.82472591164212,2.8523748609754773
fits_longer,row,kan_positive,64,10000,ood,row_l1,0,0,3,8,0.6237436830997467,0.01472642056808346,73888,118.82472591164212,2.8523748609754773
fits_longer,row,kan_positive,64,10000,ood,row_l1,0,6,3,8,1.825296734770139,0.008330871613562359,73888,118.82472591164212,2.8523748609754773
fits_longer,row,kan_positive,64,10000,ood,row_l1,14,0,3,8,0.5823565957446893,0.016842770359879137,73888,118.82472591164212,2.8523748609754773
fits_longer,row,kan_positive,64,10000,ood,row_l1,14,6,3,8,0.7489743406573931,0.007522772438501352,73888,118.82472591164212,2.8523748609754773
fits_longer,row,kan_positive,64,10000,ood,row_l1,27,0,3,8,0.7465538953741392,0.0060532832518312915,73888,118.82472591164212,2.8523748609754773
fits_longer,row,kan_positive,64,10000,ood,row_l1,27,6,3,8,0.7415231987833977,0.004519135227004467,73888,118.82472591164212,2.8523748609754773
fits_longer,row,kan_positive,64,10000,ood,negative_fraction,0,0,3,8,0.0,0.0,73888,118.82472591164212,2.8523748609754773
fits_longer,row,kan_positive,64,10000,ood,negative_fraction,0,6,3,8,0.0,0.0,73888,118.82472591164212,2.8523748609754773
fits_longer,row,kan_positive,64,10000,ood,negative_fraction,14,0,3,8,0.0,0.0,73888,118.82472591164212,2.8523748609754773
fits_longer,row,kan_positive,64,10000,ood,negative_fraction,14,6,3,8,0.0,0.0,73888,118.82472591164212,2.8523748609754773
fits_longer,row,kan_positive,64,10000,ood,negative_fraction,27,0,3,8,0.0,0.0,73888,118.82472591164212,2.8523748609754773
fits_longer,row,kan_positive,64,10000,ood,negative_fraction,27,6,3,8,0.0,0.0,73888,118.82472591164212,2.8523748609754773
fits_longer,row,kan_positive,64,10000,ood,nonpositive_denominator_fraction,0,0,3,8,0.0,0.0,73888,118.82472591164212,2.8523748609754773
fits_longer,row,kan_positive,64,10000,ood,nonpositive_denominator_fraction,0,6,3,8,0.0,0.0,73888,118.82472591164212,2.8523748609754773
fits_longer,row,kan_positive,64,10000,ood,nonpositive_denominator_fraction,14,0,3,8,0.0,0.0,73888,118.82472591164212,2.8523748609754773
fits_longer,row,kan_positive,64,10000,ood,nonpositive_denominator_fraction,14,6,3,8,0.0,0.0,73888,118.82472591164212,2.8523748609754773
fits_longer,row,kan_positive,64,10000,ood,nonpositive_denominator_fraction,27,0,3,8,0.0,0.0,73888,118.82472591164212,2.8523748609754773
fits_longer,row,kan_positive,64,10000,ood,nonpositive_denominator_fraction,27,6,3,8,0.0,0.0,73888,118.82472591164212,2.8523748609754773
fits_longer,row,kan_positive,64,10000,ood,top1_agreement,0,0,3,8,0.3667805989583333,0.013918870778010142,73888,118.82472591164212,2.8523748609754773
fits_longer,row,kan_positive,64,10000,ood,top1_agreement,0,6,3,8,0.3531901041666667,0.020968159863903327,73888,118.82472591164212,2.8523748609754773
fits_longer,row,kan_positive,64,10000,ood,top1_agreement,14,0,3,8,0.8563639322916666,0.0005082192381509113,73888,118.82472591164212,2.8523748609754773
fits_longer,row,kan_positive,64,10000,ood,top1_agreement,14,6,3,8,0.8994140625,0.0,73888,118.82472591164212,2.8523748609754773
fits_longer,row,kan_positive,64,10000,ood,top1_agreement,27,0,3,8,0.2596842447916667,0.0021049018809208273,73888,118.82472591164212,2.8523748609754773
fits_longer,row,kan_positive,64,10000,ood,top1_agreement,27,6,3,8,0.22981770833333334,0.007573607891147449,73888,118.82472591164212,2.8523748609754773
fits_longer,row,kan_positive,64,10000,test_block,kernel_nmse,0,0,3,20,0.5344107752044995,0.012684535542781586,73888,118.82472591164212,2.8523748609754773
fits_longer,row,kan_positive,64,10000,test_block,kernel_nmse,0,6,3,20,1.0066793938477834,0.0034075876946754913,73888,118.82472591164212,2.8523748609754773
fits_longer,row,kan_positive,64,10000,test_block,kernel_nmse,14,0,3,20,0.2151838071644306,0.008168670194979445,73888,118.82472591164212,2.8523748609754773
fits_longer,row,kan_positive,64,10000,test_block,kernel_nmse,14,6,3,20,0.156724900752306,0.008978066169398627,73888,118.82472591164212,2.8523748609754773
fits_longer,row,kan_positive,64,10000,test_block,kernel_nmse,27,0,3,20,0.5049347395698228,0.005268968610090923,73888,118.82472591164212,2.8523748609754773
fits_longer,row,kan_positive,64,10000,test_block,kernel_nmse,27,6,3,20,0.5265667289495468,0.004955031734407941,73888,118.82472591164212,2.8523748609754773
fits_longer,row,kan_positive,64,10000,test_block,attention_nmse,0,0,3,20,0.5056206489602725,0.011055690846157868,73888,118.82472591164212,2.8523748609754773
fits_longer,row,kan_positive,64,10000,test_block,attention_nmse,0,6,3,20,1.8475415706634521,0.2545998053869313,73888,118.82472591164212,2.8523748609754773
fits_longer,row,kan_positive,64,10000,test_block,attention_nmse,14,0,3,20,0.05674781892448664,0.00378348417038281,73888,118.82472591164212,2.8523748609754773
fits_longer,row,kan_positive,64,10000,test_block,attention_nmse,14,6,3,20,0.06244665573661525,0.0035196628181715104,73888,118.82472591164212,2.8523748609754773
fits_longer,row,kan_positive,64,10000,test_block,attention_nmse,27,0,3,20,0.46618319253126783,0.008393948431970201,73888,118.82472591164212,2.8523748609754773
fits_longer,row,kan_positive,64,10000,test_block,attention_nmse,27,6,3,20,0.4810921971996625,0.003978024508332831,73888,118.82472591164212,2.8523748609754773
fits_longer,row,kan_positive,64,10000,test_block,output_nmse,0,0,3,20,0.023208937964712583,0.003377996249479499,73888,118.82472591164212,2.8523748609754773
fits_longer,row,kan_positive,64,10000,test_block,output_nmse,0,6,3,20,1.7770844181378684,0.2371391162726244,73888,118.82472591164212,2.8523748609754773
fits_longer,row,kan_positive,64,10000,test_block,output_nmse,14,0,3,20,0.8100902497768402,0.03585824862081413,73888,118.82472591164212,2.8523748609754773
fits_longer,row,kan_positive,64,10000,test_block,output_nmse,14,6,3,20,0.2962335602690776,0.008696784819762042,73888,118.82472591164212,2.8523748609754773
fits_longer,row,kan_positive,64,10000,test_block,output_nmse,27,0,3,20,0.13236181860168775,0.0013873346745826326,73888,118.82472591164212,2.8523748609754773
fits_longer,row,kan_positive,64,10000,test_block,output_nmse,27,6,3,20,0.24202938750386238,0.0025355790192816384,73888,118.82472591164212,2.8523748609754773
fits_longer,row,kan_positive,64,10000,test_block,row_l1,0,0,3,20,0.5337177842855453,0.0062300715038350486,73888,118.82472591164212,2.8523748609754773
fits_longer,row,kan_positive,64,10000,test_block,row_l1,0,6,3,20,1.9559564054012302,0.013345899727286146,73888,118.82472591164212,2.8523748609754773
fits_longer,row,kan_positive,64,10000,test_block,row_l1,14,0,3,20,0.3143792351086934,0.005774537808883239,73888,118.82472591164212,2.8523748609754773
fits_longer,row,kan_positive,64,10000,test_block,row_l1,14,6,3,20,0.5248735601703326,0.014083128222804638,73888,118.82472591164212,2.8523748609754773
fits_longer,row,kan_positive,64,10000,test_block,row_l1,27,0,3,20,0.6975903252760568,0.006471360544468645,73888,118.82472591164212,2.8523748609754773
fits_longer,row,kan_positive,64,10000,test_block,row_l1,27,6,3,20,0.7015125741561254,0.0031635058952394998,73888,118.82472591164212,2.8523748609754773
fits_longer,row,kan_positive,64,10000,test_block,negative_fraction,0,0,3,20,0.0,0.0,73888,118.82472591164212,2.8523748609754773
fits_longer,row,kan_positive,64,10000,test_block,negative_fraction,0,6,3,20,0.0,0.0,73888,118.82472591164212,2.8523748609754773
fits_longer,row,kan_positive,64,10000,test_block,negative_fraction,14,0,3,20,0.0,0.0,73888,118.82472591164212,2.8523748609754773
fits_longer,row,kan_positive,64,10000,test_block,negative_fraction,14,6,3,20,0.0,0.0,73888,118.82472591164212,2.8523748609754773
fits_longer,row,kan_positive,64,10000,test_block,negative_fraction,27,0,3,20,0.0,0.0,73888,118.82472591164212,2.8523748609754773
fits_longer,row,kan_positive,64,10000,test_block,negative_fraction,27,6,3,20,0.0,0.0,73888,118.82472591164212,2.8523748609754773
fits_longer,row,kan_positive,64,10000,test_block,nonpositive_denominator_fraction,0,0,3,20,0.0,0.0,73888,118.82472591164212,2.8523748609754773
fits_longer,row,kan_positive,64,10000,test_block,nonpositive_denominator_fraction,0,6,3,20,0.0,0.0,73888,118.82472591164212,2.8523748609754773
fits_longer,row,kan_positive,64,10000,test_block,nonpositive_denominator_fraction,14,0,3,20,0.0,0.0,73888,118.82472591164212,2.8523748609754773
fits_longer,row,kan_positive,64,10000,test_block,nonpositive_denominator_fraction,14,6,3,20,0.0,0.0,73888,118.82472591164212,2.8523748609754773
fits_longer,row,kan_positive,64,10000,test_block,nonpositive_denominator_fraction,27,0,3,20,0.0,0.0,73888,118.82472591164212,2.8523748609754773
fits_longer,row,kan_positive,64,10000,test_block,nonpositive_denominator_fraction,27,6,3,20,0.0,0.0,73888,118.82472591164212,2.8523748609754773
fits_longer,row,kan_positive,64,10000,test_block,top1_agreement,0,0,3,20,0.24417317708333333,0.006532271261238604,73888,118.82472591164212,2.8523748609754773
fits_longer,row,kan_positive,64,10000,test_block,top1_agreement,0,6,3,20,0.003157552083333333,0.0005722134059650698,73888,118.82472591164212,2.8523748609754773
fits_longer,row,kan_positive,64,10000,test_block,top1_agreement,14,0,3,20,0.9594075520833334,0.0002983447718070281,73888,118.82472591164212,2.8523748609754773
fits_longer,row,kan_positive,64,10000,test_block,top1_agreement,14,6,3,20,0.9503906249999999,9.76562499999667e-05,73888,118.82472591164212,2.8523748609754773
fits_longer,row,kan_positive,64,10000,test_block,top1_agreement,27,0,3,20,0.35930989583333334,0.01105731550954702,73888,118.82472591164212,2.8523748609754773
fits_longer,row,kan_positive,64,10000,test_block,top1_agreement,27,6,3,20,0.2815755208333333,0.008353653610596588,73888,118.82472591164212,2.8523748609754773
fits_longer,row,mlp_positive,64,10000,validation,kernel_nmse,0,0,3,12,0.2679184729026423,0.01848316538415867,73854,50.0330779136469,0.44982044431898327
fits_longer,row,mlp_positive,64,10000,validation,kernel_nmse,0,6,3,12,0.681151595380571,0.0026827490121181636,73854,50.0330779136469,0.44982044431898327
fits_longer,row,mlp_positive,64,10000,validation,kernel_nmse,14,0,3,12,0.14967483116520774,0.00046632686520018735,73854,50.0330779136469,0.44982044431898327
fits_longer,row,mlp_positive,64,10000,validation,kernel_nmse,14,6,3,12,0.135117479496532,0.0012984364705106582,73854,50.0330779136469,0.44982044431898327
fits_longer,row,mlp_positive,64,10000,validation,kernel_nmse,27,0,3,12,0.5132752905289332,0.007760408853769278,73854,50.0330779136469,0.44982044431898327
fits_longer,row,mlp_positive,64,10000,validation,kernel_nmse,27,6,3,12,0.5078553300764826,0.0013427299167344878,73854,50.0330779136469,0.44982044431898327
fits_longer,row,mlp_positive,64,10000,validation,attention_nmse,0,0,3,12,0.23211824024717012,0.012795968164849954,73854,50.0330779136469,0.44982044431898327
fits_longer,row,mlp_positive,64,10000,validation,attention_nmse,0,6,3,12,0.7406356632709503,0.002766260433380299,73854,50.0330779136469,0.44982044431898327
fits_longer,row,mlp_positive,64,10000,validation,attention_nmse,14,0,3,12,0.18517860977186096,0.01827880038350674,73854,50.0330779136469,0.44982044431898327
fits_longer,row,mlp_positive,64,10000,validation,attention_nmse,14,6,3,12,0.14321433825211394,0.0009296905775859596,73854,50.0330779136469,0.44982044431898327
fits_longer,row,mlp_positive,64,10000,validation,attention_nmse,27,0,3,12,0.4898060651289093,0.002535022464505413,73854,50.0330779136469,0.44982044431898327
fits_longer,row,mlp_positive,64,10000,validation,attention_nmse,27,6,3,12,0.4842894284261598,0.0006124222695517758,73854,50.0330779136469,0.44982044431898327
fits_longer,row,mlp_positive,64,10000,validation,output_nmse,0,0,3,12,0.009329806017275486,0.001100469010006444,73854,50.0330779136469,0.44982044431898327
fits_longer,row,mlp_positive,64,10000,validation,output_nmse,0,6,3,12,0.5989575170808369,0.0022798276412077808,73854,50.0330779136469,0.44982044431898327
fits_longer,row,mlp_positive,64,10000,validation,output_nmse,14,0,3,12,0.7175553821855121,0.03519210088725889,73854,50.0330779136469,0.44982044431898327
fits_longer,row,mlp_positive,64,10000,validation,output_nmse,14,6,3,12,0.5491722143358655,0.0006467563117923319,73854,50.0330779136469,0.44982044431898327
fits_longer,row,mlp_positive,64,10000,validation,output_nmse,27,0,3,12,0.11296087503433228,0.0024358235791592485,73854,50.0330779136469,0.44982044431898327
fits_longer,row,mlp_positive,64,10000,validation,output_nmse,27,6,3,12,0.20078597341974577,0.002025743255809944,73854,50.0330779136469,0.44982044431898327
fits_longer,row,mlp_positive,64,10000,validation,row_l1,0,0,3,12,0.4315039200915231,0.011046223625724877,73854,50.0330779136469,0.44982044431898327
fits_longer,row,mlp_positive,64,10000,validation,row_l1,0,6,3,12,1.6114843984444935,0.0022804366141135624,73854,50.0330779136469,0.44982044431898327
fits_longer,row,mlp_positive,64,10000,validation,row_l1,14,0,3,12,0.6132837782303492,0.013415936941610475,73854,50.0330779136469,0.44982044431898327
fits_longer,row,mlp_positive,64,10000,validation,row_l1,14,6,3,12,0.8036472251017889,0.0006863167577416982,73854,50.0330779136469,0.44982044431898327
fits_longer,row,mlp_positive,64,10000,validation,row_l1,27,0,3,12,0.7122152778837415,0.002302780961933269,73854,50.0330779136469,0.44982044431898327
fits_longer,row,mlp_positive,64,10000,validation,row_l1,27,6,3,12,0.6942085441615847,0.002302656531889522,73854,50.0330779136469,0.44982044431898327
fits_longer,row,mlp_positive,64,10000,validation,negative_fraction,0,0,3,12,0.0,0.0,73854,50.0330779136469,0.44982044431898327
fits_longer,row,mlp_positive,64,10000,validation,negative_fraction,0,6,3,12,0.0,0.0,73854,50.0330779136469,0.44982044431898327
fits_longer,row,mlp_positive,64,10000,validation,negative_fraction,14,0,3,12,0.0,0.0,73854,50.0330779136469,0.44982044431898327
fits_longer,row,mlp_positive,64,10000,validation,negative_fraction,14,6,3,12,0.0,0.0,73854,50.0330779136469,0.44982044431898327
fits_longer,row,mlp_positive,64,10000,validation,negative_fraction,27,0,3,12,0.0,0.0,73854,50.0330779136469,0.44982044431898327
fits_longer,row,mlp_positive,64,10000,validation,negative_fraction,27,6,3,12,0.0,0.0,73854,50.0330779136469,0.44982044431898327
fits_longer,row,mlp_positive,64,10000,validation,nonpositive_denominator_fraction,0,0,3,12,0.0,0.0,73854,50.0330779136469,0.44982044431898327
fits_longer,row,mlp_positive,64,10000,validation,nonpositive_denominator_fraction,0,6,3,12,0.0,0.0,73854,50.0330779136469,0.44982044431898327
fits_longer,row,mlp_positive,64,10000,validation,nonpositive_denominator_fraction,14,0,3,12,0.0,0.0,73854,50.0330779136469,0.44982044431898327
fits_longer,row,mlp_positive,64,10000,validation,nonpositive_denominator_fraction,14,6,3,12,0.0,0.0,73854,50.0330779136469,0.44982044431898327
fits_longer,row,mlp_positive,64,10000,validation,nonpositive_denominator_fraction,27,0,3,12,0.0,0.0,73854,50.0330779136469,0.44982044431898327
fits_longer,row,mlp_positive,64,10000,validation,nonpositive_denominator_fraction,27,6,3,12,0.0,0.0,73854,50.0330779136469,0.44982044431898327
fits_longer,row,mlp_positive,64,10000,validation,top1_agreement,0,0,3,12,0.5792643229166666,0.004231770833333315,73854,50.0330779136469,0.44982044431898327
fits_longer,row,mlp_positive,64,10000,validation,top1_agreement,0,6,3,12,0.63330078125,0.015953011869684744,73854,50.0330779136469,0.44982044431898327
fits_longer,row,mlp_positive,64,10000,validation,top1_agreement,14,0,3,12,0.8304036458333334,0.00043062358578528035,73854,50.0330779136469,0.44982044431898327
fits_longer,row,mlp_positive,64,10000,validation,top1_agreement,14,6,3,12,0.8766276041666666,0.0,73854,50.0330779136469,0.44982044431898327
fits_longer,row,mlp_positive,64,10000,validation,top1_agreement,27,0,3,12,0.35622829861111116,0.00286723312971436,73854,50.0330779136469,0.44982044431898327
fits_longer,row,mlp_positive,64,10000,validation,top1_agreement,27,6,3,12,0.3219401041666667,0.003785710725785466,73854,50.0330779136469,0.44982044431898327
fits_longer,row,mlp_positive,64,10000,test,kernel_nmse,0,0,3,20,0.2641218009094397,0.0164207492013776,73854,50.0330779136469,0.44982044431898327
fits_longer,row,mlp_positive,64,10000,test,kernel_nmse,0,6,3,20,0.7131513406833013,0.006197811545869936,73854,50.0330779136469,0.44982044431898327
fits_longer,row,mlp_positive,64,10000,test,kernel_nmse,14,0,3,20,0.14483658447861672,0.00016525778578209868,73854,50.0330779136469,0.44982044431898327
fits_longer,row,mlp_positive,64,10000,test,kernel_nmse,14,6,3,20,0.11904270555824041,0.0008401680877530524,73854,50.0330779136469,0.44982044431898327
fits_longer,row,mlp_positive,64,10000,test,kernel_nmse,27,0,3,20,0.4812479625145594,0.0018507073910782681,73854,50.0330779136469,0.44982044431898327
fits_longer,row,mlp_positive,64,10000,test,kernel_nmse,27,6,3,20,0.48699940145015713,0.0008577277710979235,73854,50.0330779136469,0.44982044431898327
fits_longer,row,mlp_positive,64,10000,test,attention_nmse,0,0,3,20,0.22927561948696773,0.014348772434807783,73854,50.0330779136469,0.44982044431898327
fits_longer,row,mlp_positive,64,10000,test,attention_nmse,0,6,3,20,0.7441460291544596,0.0051930951298908715,73854,50.0330779136469,0.44982044431898327
fits_longer,row,mlp_positive,64,10000,test,attention_nmse,14,0,3,20,0.175853481143713,0.012448588355011952,73854,50.0330779136469,0.44982044431898327
fits_longer,row,mlp_positive,64,10000,test,attention_nmse,14,6,3,20,0.12127703353762626,0.0009068995974227737,73854,50.0330779136469,0.44982044431898327
fits_longer,row,mlp_positive,64,10000,test,attention_nmse,27,0,3,20,0.45632957965135573,0.003579368314580733,73854,50.0330779136469,0.44982044431898327
fits_longer,row,mlp_positive,64,10000,test,attention_nmse,27,6,3,20,0.45453356057405475,0.001337569267305188,73854,50.0330779136469,0.44982044431898327
fits_longer,row,mlp_positive,64,10000,test,output_nmse,0,0,3,20,0.006144985781672101,0.00047852056801881207,73854,50.0330779136469,0.44982044431898327
fits_longer,row,mlp_positive,64,10000,test,output_nmse,0,6,3,20,0.6031215677658718,0.0013459215738366578,73854,50.0330779136469,0.44982044431898327
fits_longer,row,mlp_positive,64,10000,test,output_nmse,14,0,3,20,0.6985124766826628,0.027573559000205923,73854,50.0330779136469,0.44982044431898327
fits_longer,row,mlp_positive,64,10000,test,output_nmse,14,6,3,20,0.5168029641111691,0.0008037338619886449,73854,50.0330779136469,0.44982044431898327
fits_longer,row,mlp_positive,64,10000,test,output_nmse,27,0,3,20,0.09899598391105731,0.0007006624067852973,73854,50.0330779136469,0.44982044431898327
fits_longer,row,mlp_positive,64,10000,test,output_nmse,27,6,3,20,0.18500066995620726,0.0023622652542077136,73854,50.0330779136469,0.44982044431898327
fits_longer,row,mlp_positive,64,10000,test,row_l1,0,0,3,20,0.4314184705416362,0.011110419267168232,73854,50.0330779136469,0.44982044431898327
fits_longer,row,mlp_positive,64,10000,test,row_l1,0,6,3,20,1.6161608735720314,0.0033201410489011184,73854,50.0330779136469,0.44982044431898327
fits_longer,row,mlp_positive,64,10000,test,row_l1,14,0,3,20,0.6169977267583212,0.011054604301393201,73854,50.0330779136469,0.44982044431898327
fits_longer,row,mlp_positive,64,10000,test,row_l1,14,6,3,20,0.772309648990631,0.002298254295648081,73854,50.0330779136469,0.44982044431898327
fits_longer,row,mlp_positive,64,10000,test,row_l1,27,0,3,20,0.6811347742875418,0.004329655021605495,73854,50.0330779136469,0.44982044431898327
fits_longer,row,mlp_positive,64,10000,test,row_l1,27,6,3,20,0.6754662523667018,0.0004701631134717626,73854,50.0330779136469,0.44982044431898327
fits_longer,row,mlp_positive,64,10000,test,negative_fraction,0,0,3,20,0.0,0.0,73854,50.0330779136469,0.44982044431898327
fits_longer,row,mlp_positive,64,10000,test,negative_fraction,0,6,3,20,0.0,0.0,73854,50.0330779136469,0.44982044431898327
fits_longer,row,mlp_positive,64,10000,test,negative_fraction,14,0,3,20,0.0,0.0,73854,50.0330779136469,0.44982044431898327
fits_longer,row,mlp_positive,64,10000,test,negative_fraction,14,6,3,20,0.0,0.0,73854,50.0330779136469,0.44982044431898327
fits_longer,row,mlp_positive,64,10000,test,negative_fraction,27,0,3,20,0.0,0.0,73854,50.0330779136469,0.44982044431898327
fits_longer,row,mlp_positive,64,10000,test,negative_fraction,27,6,3,20,0.0,0.0,73854,50.0330779136469,0.44982044431898327
fits_longer,row,mlp_positive,64,10000,test,nonpositive_denominator_fraction,0,0,3,20,0.0,0.0,73854,50.0330779136469,0.44982044431898327
fits_longer,row,mlp_positive,64,10000,test,nonpositive_denominator_fraction,0,6,3,20,0.0,0.0,73854,50.0330779136469,0.44982044431898327
fits_longer,row,mlp_positive,64,10000,test,nonpositive_denominator_fraction,14,0,3,20,0.0,0.0,73854,50.0330779136469,0.44982044431898327
fits_longer,row,mlp_positive,64,10000,test,nonpositive_denominator_fraction,14,6,3,20,0.0,0.0,73854,50.0330779136469,0.44982044431898327
fits_longer,row,mlp_positive,64,10000,test,nonpositive_denominator_fraction,27,0,3,20,0.0,0.0,73854,50.0330779136469,0.44982044431898327
fits_longer,row,mlp_positive,64,10000,test,nonpositive_denominator_fraction,27,6,3,20,0.0,0.0,73854,50.0330779136469,0.44982044431898327
fits_longer,row,mlp_positive,64,10000,test,top1_agreement,0,0,3,20,0.5655924479166666,0.0025954035501663396,73854,50.0330779136469,0.44982044431898327
fits_longer,row,mlp_positive,64,10000,test,top1_agreement,0,6,3,20,0.6390950520833334,0.014776243667198874,73854,50.0330779136469,0.44982044431898327
fits_longer,row,mlp_positive,64,10000,test,top1_agreement,14,0,3,20,0.8285481770833334,0.0007329642089321164,73854,50.0330779136469,0.44982044431898327
fits_longer,row,mlp_positive,64,10000,test,top1_agreement,14,6,3,20,0.89365234375,0.0,73854,50.0330779136469,0.44982044431898327
fits_longer,row,mlp_positive,64,10000,test,top1_agreement,27,0,3,20,0.34820963541666666,0.004688856140633038,73854,50.0330779136469,0.44982044431898327
fits_longer,row,mlp_positive,64,10000,test,top1_agreement,27,6,3,20,0.3347981770833333,0.004941380517060779,73854,50.0330779136469,0.44982044431898327
fits_longer,row,mlp_positive,64,10000,test_long,kernel_nmse,0,0,3,8,16.300400932629902,3.7069761307766353,73854,50.0330779136469,0.44982044431898327
fits_longer,row,mlp_positive,64,10000,test_long,kernel_nmse,0,6,3,8,83.35179169972737,13.46571038188571,73854,50.0330779136469,0.44982044431898327
fits_longer,row,mlp_positive,64,10000,test_long,kernel_nmse,14,0,3,8,0.8854085343579451,0.26012898114184296,73854,50.0330779136469,0.44982044431898327
fits_longer,row,mlp_positive,64,10000,test_long,kernel_nmse,14,6,3,8,0.45845941454172134,0.009632709943351286,73854,50.0330779136469,0.44982044431898327
fits_longer,row,mlp_positive,64,10000,test_long,kernel_nmse,27,0,3,8,1.0243329058090846,0.07363219246682268,73854,50.0330779136469,0.44982044431898327
fits_longer,row,mlp_positive,64,10000,test_long,kernel_nmse,27,6,3,8,1.1855433757106464,0.05764307386211997,73854,50.0330779136469,0.44982044431898327
fits_longer,row,mlp_positive,64,10000,test_long,attention_nmse,0,0,3,8,0.972954586148262,0.010482052430310295,73854,50.0330779136469,0.44982044431898327
fits_longer,row,mlp_positive,64,10000,test_long,attention_nmse,0,6,3,8,1.003906786441803,0.0004685423751161985,73854,50.0330779136469,0.44982044431898327
fits_longer,row,mlp_positive,64,10000,test_long,attention_nmse,14,0,3,8,0.8599025830626488,0.07137922336100211,73854,50.0330779136469,0.44982044431898327
fits_longer,row,mlp_positive,64,10000,test_long,attention_nmse,14,6,3,8,0.709201288719972,0.03224509823663886,73854,50.0330779136469,0.44982044431898327
fits_longer,row,mlp_positive,64,10000,test_long,attention_nmse,27,0,3,8,0.8477546721696854,0.012486628072332124,73854,50.0330779136469,0.44982044431898327
fits_longer,row,mlp_positive,64,10000,test_long,attention_nmse,27,6,3,8,0.8882124672333399,0.018373846526610022,73854,50.0330779136469,0.44982044431898327
fits_longer,row,mlp_positive,64,10000,test_long,output_nmse,0,0,3,8,0.04221544577740133,0.00689209573539944,73854,50.0330779136469,0.44982044431898327
fits_longer,row,mlp_positive,64,10000,test_long,output_nmse,0,6,3,8,0.9057611152529716,0.00160017350278219,73854,50.0330779136469,0.44982044431898327
fits_longer,row,mlp_positive,64,10000,test_long,output_nmse,14,0,3,8,2.1869645019372306,0.12438498043341885,73854,50.0330779136469,0.44982044431898327
fits_longer,row,mlp_positive,64,10000,test_long,output_nmse,14,6,3,8,1.5943257162968318,0.04119230565880146,73854,50.0330779136469,0.44982044431898327
fits_longer,row,mlp_positive,64,10000,test_long,output_nmse,27,0,3,8,0.1696838770682613,0.0026028130149883303,73854,50.0330779136469,0.44982044431898327
fits_longer,row,mlp_positive,64,10000,test_long,output_nmse,27,6,3,8,0.26296908408403397,0.0036294330981116005,73854,50.0330779136469,0.44982044431898327
fits_longer,row,mlp_positive,64,10000,test_long,row_l1,0,0,3,8,1.1124085237582524,0.02050532350089968,73854,50.0330779136469,0.44982044431898327
fits_longer,row,mlp_positive,64,10000,test_long,row_l1,0,6,3,8,1.997957135240237,0.0002487558148296181,73854,50.0330779136469,0.44982044431898327
fits_longer,row,mlp_positive,64,10000,test_long,row_l1,14,0,3,8,1.7796944081783295,0.07152233909317042,73854,50.0330779136469,0.44982044431898327
fits_longer,row,mlp_positive,64,10000,test_long,row_l1,14,6,3,8,1.5661622534195583,0.015577808289270427,73854,50.0330779136469,0.44982044431898327
fits_longer,row,mlp_positive,64,10000,test_long,row_l1,27,0,3,8,1.1688435624043148,0.010968065443060502,73854,50.0330779136469,0.44982044431898327
fits_longer,row,mlp_positive,64,10000,test_long,row_l1,27,6,3,8,1.1197764252622922,0.019672424967265286,73854,50.0330779136469,0.44982044431898327
fits_longer,row,mlp_positive,64,10000,test_long,negative_fraction,0,0,3,8,0.0,0.0,73854,50.0330779136469,0.44982044431898327
fits_longer,row,mlp_positive,64,10000,test_long,negative_fraction,0,6,3,8,0.0,0.0,73854,50.0330779136469,0.44982044431898327
fits_longer,row,mlp_positive,64,10000,test_long,negative_fraction,14,0,3,8,0.0,0.0,73854,50.0330779136469,0.44982044431898327
fits_longer,row,mlp_positive,64,10000,test_long,negative_fraction,14,6,3,8,0.0,0.0,73854,50.0330779136469,0.44982044431898327
fits_longer,row,mlp_positive,64,10000,test_long,negative_fraction,27,0,3,8,0.0,0.0,73854,50.0330779136469,0.44982044431898327
fits_longer,row,mlp_positive,64,10000,test_long,negative_fraction,27,6,3,8,0.0,0.0,73854,50.0330779136469,0.44982044431898327
fits_longer,row,mlp_positive,64,10000,test_long,nonpositive_denominator_fraction,0,0,3,8,0.0,0.0,73854,50.0330779136469,0.44982044431898327
fits_longer,row,mlp_positive,64,10000,test_long,nonpositive_denominator_fraction,0,6,3,8,0.0,0.0,73854,50.0330779136469,0.44982044431898327
fits_longer,row,mlp_positive,64,10000,test_long,nonpositive_denominator_fraction,14,0,3,8,0.0,0.0,73854,50.0330779136469,0.44982044431898327
fits_longer,row,mlp_positive,64,10000,test_long,nonpositive_denominator_fraction,14,6,3,8,0.0,0.0,73854,50.0330779136469,0.44982044431898327
fits_longer,row,mlp_positive,64,10000,test_long,nonpositive_denominator_fraction,27,0,3,8,0.0,0.0,73854,50.0330779136469,0.44982044431898327
fits_longer,row,mlp_positive,64,10000,test_long,nonpositive_denominator_fraction,27,6,3,8,0.0,0.0,73854,50.0330779136469,0.44982044431898327
fits_longer,row,mlp_positive,64,10000,test_long,top1_agreement,0,0,3,8,0.0006510416666666666,0.00028190931112774694,73854,50.0330779136469,0.44982044431898327
fits_longer,row,mlp_positive,64,10000,test_long,top1_agreement,0,6,3,8,0.0,0.0,73854,50.0330779136469,0.44982044431898327
fits_longer,row,mlp_positive,64,10000,test_long,top1_agreement,14,0,3,8,0.833984375,0.0,73854,50.0330779136469,0.44982044431898327
fits_longer,row,mlp_positive,64,10000,test_long,top1_agreement,14,6,3,8,0.88232421875,0.0,73854,50.0330779136469,0.44982044431898327
fits_longer,row,mlp_positive,64,10000,test_long,top1_agreement,27,0,3,8,0.134521484375,0.00733641562564293,73854,50.0330779136469,0.44982044431898327
fits_longer,row,mlp_positive,64,10000,test_long,top1_agreement,27,6,3,8,0.049072265625,0.00698685938537802,73854,50.0330779136469,0.44982044431898327
fits_longer,row,mlp_positive,64,10000,ood,kernel_nmse,0,0,3,8,0.38560408477981883,0.022453831695293268,73854,50.0330779136469,0.44982044431898327
fits_longer,row,mlp_positive,64,10000,ood,kernel_nmse,0,6,3,8,0.7344611088434855,0.0020109330030768976,73854,50.0330779136469,0.44982044431898327
fits_longer,row,mlp_positive,64,10000,ood,kernel_nmse,14,0,3,8,0.1313341970089823,0.0002900010515849435,73854,50.0330779136469,0.44982044431898327
fits_longer,row,mlp_positive,64,10000,ood,kernel_nmse,14,6,3,8,0.14338347439964613,0.0017495917885797252,73854,50.0330779136469,0.44982044431898327
fits_longer,row,mlp_positive,64,10000,ood,kernel_nmse,27,0,3,8,0.5551033752659956,0.002494505417430475,73854,50.0330779136469,0.44982044431898327
fits_longer,row,mlp_positive,64,10000,ood,kernel_nmse,27,6,3,8,0.5915521581967672,0.012773214130561041,73854,50.0330779136469,0.44982044431898327
fits_longer,row,mlp_positive,64,10000,ood,attention_nmse,0,0,3,8,0.38796884814898175,0.011709282669804115,73854,50.0330779136469,0.44982044431898327
fits_longer,row,mlp_positive,64,10000,ood,attention_nmse,0,6,3,8,0.7782858808835348,0.004396054064232521,73854,50.0330779136469,0.44982044431898327
fits_longer,row,mlp_positive,64,10000,ood,attention_nmse,14,0,3,8,0.17032461985945702,0.019898087569176874,73854,50.0330779136469,0.44982044431898327
fits_longer,row,mlp_positive,64,10000,ood,attention_nmse,14,6,3,8,0.18648778895537058,0.0026419724399120398,73854,50.0330779136469,0.44982044431898327
fits_longer,row,mlp_positive,64,10000,ood,attention_nmse,27,0,3,8,0.49444520473480225,0.0027359277770827714,73854,50.0330779136469,0.44982044431898327
fits_longer,row,mlp_positive,64,10000,ood,attention_nmse,27,6,3,8,0.4907549358904362,0.005078801834781852,73854,50.0330779136469,0.44982044431898327
fits_longer,row,mlp_positive,64,10000,ood,output_nmse,0,0,3,8,0.029818134382367134,0.0012019611032123504,73854,50.0330779136469,0.44982044431898327
fits_longer,row,mlp_positive,64,10000,ood,output_nmse,0,6,3,8,0.6682945887247721,0.0009158372628933224,73854,50.0330779136469,0.44982044431898327
fits_longer,row,mlp_positive,64,10000,ood,output_nmse,14,0,3,8,0.7456657687822977,0.043535176641712,73854,50.0330779136469,0.44982044431898327
fits_longer,row,mlp_positive,64,10000,ood,output_nmse,14,6,3,8,0.6251515957216421,0.0017249986538750712,73854,50.0330779136469,0.44982044431898327
fits_longer,row,mlp_positive,64,10000,ood,output_nmse,27,0,3,8,0.10907576326280832,0.001219644486215929,73854,50.0330779136469,0.44982044431898327
fits_longer,row,mlp_positive,64,10000,ood,output_nmse,27,6,3,8,0.18662951669345298,0.005973973004184326,73854,50.0330779136469,0.44982044431898327
fits_longer,row,mlp_positive,64,10000,ood,row_l1,0,0,3,8,0.5629384045799574,0.002546218194134776,73854,50.0330779136469,0.44982044431898327
fits_longer,row,mlp_positive,64,10000,ood,row_l1,0,6,3,8,1.6531193107366562,0.0005170468220619168,73854,50.0330779136469,0.44982044431898327
fits_longer,row,mlp_positive,64,10000,ood,row_l1,14,0,3,8,0.5953533612191677,0.023141414401903166,73854,50.0330779136469,0.44982044431898327
fits_longer,row,mlp_positive,64,10000,ood,row_l1,14,6,3,8,0.7769468128681183,0.0036825397768724772,73854,50.0330779136469,0.44982044431898327
fits_longer,row,mlp_positive,64,10000,ood,row_l1,27,0,3,8,0.7149448568622271,0.0018293898397208131,73854,50.0330779136469,0.44982044431898327
fits_longer,row,mlp_positive,64,10000,ood,row_l1,27,6,3,8,0.7063016593456268,0.004950475637503579,73854,50.0330779136469,0.44982044431898327
fits_longer,row,mlp_positive,64,10000,ood,negative_fraction,0,0,3,8,0.0,0.0,73854,50.0330779136469,0.44982044431898327
fits_longer,row,mlp_positive,64,10000,ood,negative_fraction,0,6,3,8,0.0,0.0,73854,50.0330779136469,0.44982044431898327
fits_longer,row,mlp_positive,64,10000,ood,negative_fraction,14,0,3,8,0.0,0.0,73854,50.0330779136469,0.44982044431898327
fits_longer,row,mlp_positive,64,10000,ood,negative_fraction,14,6,3,8,0.0,0.0,73854,50.0330779136469,0.44982044431898327
fits_longer,row,mlp_positive,64,10000,ood,negative_fraction,27,0,3,8,0.0,0.0,73854,50.0330779136469,0.44982044431898327
fits_longer,row,mlp_positive,64,10000,ood,negative_fraction,27,6,3,8,0.0,0.0,73854,50.0330779136469,0.44982044431898327
fits_longer,row,mlp_positive,64,10000,ood,nonpositive_denominator_fraction,0,0,3,8,0.0,0.0,73854,50.0330779136469,0.44982044431898327
fits_longer,row,mlp_positive,64,10000,ood,nonpositive_denominator_fraction,0,6,3,8,0.0,0.0,73854,50.0330779136469,0.44982044431898327
fits_longer,row,mlp_positive,64,10000,ood,nonpositive_denominator_fraction,14,0,3,8,0.0,0.0,73854,50.0330779136469,0.44982044431898327
fits_longer,row,mlp_positive,64,10000,ood,nonpositive_denominator_fraction,14,6,3,8,0.0,0.0,73854,50.0330779136469,0.44982044431898327
fits_longer,row,mlp_positive,64,10000,ood,nonpositive_denominator_fraction,27,0,3,8,0.0,0.0,73854,50.0330779136469,0.44982044431898327
fits_longer,row,mlp_positive,64,10000,ood,nonpositive_denominator_fraction,27,6,3,8,0.0,0.0,73854,50.0330779136469,0.44982044431898327
fits_longer,row,mlp_positive,64,10000,ood,top1_agreement,0,0,3,8,0.3920084635416667,0.01388886239791039,73854,50.0330779136469,0.44982044431898327
fits_longer,row,mlp_positive,64,10000,ood,top1_agreement,0,6,3,8,0.5399576822916666,0.0108918828178581,73854,50.0330779136469,0.44982044431898327
fits_longer,row,mlp_positive,64,10000,ood,top1_agreement,14,0,3,8,0.855712890625,0.0,73854,50.0330779136469,0.44982044431898327
fits_longer,row,mlp_positive,64,10000,ood,top1_agreement,14,6,3,8,0.8994140625,0.0,73854,50.0330779136469,0.44982044431898327
fits_longer,row,mlp_positive,64,10000,ood,top1_agreement,27,0,3,8,0.325927734375,0.001118792894276328,73854,50.0330779136469,0.44982044431898327
fits_longer,row,mlp_positive,64,10000,ood,top1_agreement,27,6,3,8,0.2870279947916667,0.011265795885854303,73854,50.0330779136469,0.44982044431898327
fits_longer,row,mlp_positive,64,10000,test_block,kernel_nmse,0,0,3,20,0.5166749040285746,0.004747328260325205,73854,50.0330779136469,0.44982044431898327
fits_longer,row,mlp_positive,64,10000,test_block,kernel_nmse,0,6,3,20,1.0180050532023113,0.004686097637545142,73854,50.0330779136469,0.44982044431898327
fits_longer,row,mlp_positive,64,10000,test_block,kernel_nmse,14,0,3,20,0.2079483481744925,0.002397680294410995,73854,50.0330779136469,0.44982044431898327
fits_longer,row,mlp_positive,64,10000,test_block,kernel_nmse,14,6,3,20,0.1604282303402821,0.001984986794910812,73854,50.0330779136469,0.44982044431898327
fits_longer,row,mlp_positive,64,10000,test_block,kernel_nmse,27,0,3,20,0.45073108822107316,0.009096984325637283,73854,50.0330779136469,0.44982044431898327
fits_longer,row,mlp_positive,64,10000,test_block,kernel_nmse,27,6,3,20,0.4684563274184863,0.004707100799908703,73854,50.0330779136469,0.44982044431898327
fits_longer,row,mlp_positive,64,10000,test_block,attention_nmse,0,0,3,20,0.5906056453784307,0.07939791049487488,73854,50.0330779136469,0.44982044431898327
fits_longer,row,mlp_positive,64,10000,test_block,attention_nmse,0,6,3,20,2.3379269798596702,0.06170327808416478,73854,50.0330779136469,0.44982044431898327
fits_longer,row,mlp_positive,64,10000,test_block,attention_nmse,14,0,3,20,0.07018579378103217,0.002120927133637499,73854,50.0330779136469,0.44982044431898327
fits_longer,row,mlp_positive,64,10000,test_block,attention_nmse,14,6,3,20,0.07450513305763402,0.0017513707134951503,73854,50.0330779136469,0.44982044431898327
fits_longer,row,mlp_positive,64,10000,test_block,attention_nmse,27,0,3,20,0.40874297469854354,0.005542491277251964,73854,50.0330779136469,0.44982044431898327
fits_longer,row,mlp_positive,64,10000,test_block,attention_nmse,27,6,3,20,0.4293238694469134,0.0022853211019709598,73854,50.0330779136469,0.44982044431898327
fits_longer,row,mlp_positive,64,10000,test_block,output_nmse,0,0,3,20,0.023067699760819477,0.004526612205404164,73854,50.0330779136469,0.44982044431898327
fits_longer,row,mlp_positive,64,10000,test_block,output_nmse,0,6,3,20,2.2564912895361586,0.04277210883988028,73854,50.0330779136469,0.44982044431898327
fits_longer,row,mlp_positive,64,10000,test_block,output_nmse,14,0,3,20,0.9350612392028174,0.01616998242513391,73854,50.0330779136469,0.44982044431898327
fits_longer,row,mlp_positive,64,10000,test_block,output_nmse,14,6,3,20,0.3197512129942576,0.004968246521214905,73854,50.0330779136469,0.44982044431898327
fits_longer,row,mlp_positive,64,10000,test_block,output_nmse,27,0,3,20,0.11115958814819653,0.001498357523128972,73854,50.0330779136469,0.44982044431898327
fits_longer,row,mlp_positive,64,10000,test_block,output_nmse,27,6,3,20,0.19973559056719145,0.0014487226726603636,73854,50.0330779136469,0.44982044431898327
fits_longer,row,mlp_positive,64,10000,test_block,row_l1,0,0,3,20,0.5232662702600162,0.01429007614410513,73854,50.0330779136469,0.44982044431898327
fits_longer,row,mlp_positive,64,10000,test_block,row_l1,0,6,3,20,1.9789597769578295,0.0024113655165053697,73854,50.0330779136469,0.44982044431898327
fits_longer,row,mlp_positive,64,10000,test_block,row_l1,14,0,3,20,0.3126526437699795,0.040208475733001535,73854,50.0330779136469,0.44982044431898327
fits_longer,row,mlp_positive,64,10000,test_block,row_l1,14,6,3,20,0.5364211792747179,0.003733565372274548,73854,50.0330779136469,0.44982044431898327
fits_longer,row,mlp_positive,64,10000,test_block,row_l1,27,0,3,20,0.662171600262324,0.005242523309006765,73854,50.0330779136469,0.44982044431898327
fits_longer,row,mlp_positive,64,10000,test_block,row_l1,27,6,3,20,0.6713262816270192,0.002871542888072423,73854,50.0330779136469,0.44982044431898327
fits_longer,row,mlp_positive,64,10000,test_block,negative_fraction,0,0,3,20,0.0,0.0,73854,50.0330779136469,0.44982044431898327
fits_longer,row,mlp_positive,64,10000,test_block,negative_fraction,0,6,3,20,0.0,0.0,73854,50.0330779136469,0.44982044431898327
fits_longer,row,mlp_positive,64,10000,test_block,negative_fraction,14,0,3,20,0.0,0.0,73854,50.0330779136469,0.44982044431898327
fits_longer,row,mlp_positive,64,10000,test_block,negative_fraction,14,6,3,20,0.0,0.0,73854,50.0330779136469,0.44982044431898327
fits_longer,row,mlp_positive,64,10000,test_block,negative_fraction,27,0,3,20,0.0,0.0,73854,50.0330779136469,0.44982044431898327
fits_longer,row,mlp_positive,64,10000,test_block,negative_fraction,27,6,3,20,0.0,0.0,73854,50.0330779136469,0.44982044431898327
fits_longer,row,mlp_positive,64,10000,test_block,nonpositive_denominator_fraction,0,0,3,20,0.0,0.0,73854,50.0330779136469,0.44982044431898327
fits_longer,row,mlp_positive,64,10000,test_block,nonpositive_denominator_fraction,0,6,3,20,0.0,0.0,73854,50.0330779136469,0.44982044431898327
fits_longer,row,mlp_positive,64,10000,test_block,nonpositive_denominator_fraction,14,0,3,20,0.0,0.0,73854,50.0330779136469,0.44982044431898327
fits_longer,row,mlp_positive,64,10000,test_block,nonpositive_denominator_fraction,14,6,3,20,0.0,0.0,73854,50.0330779136469,0.44982044431898327
fits_longer,row,mlp_positive,64,10000,test_block,nonpositive_denominator_fraction,27,0,3,20,0.0,0.0,73854,50.0330779136469,0.44982044431898327
fits_longer,row,mlp_positive,64,10000,test_block,nonpositive_denominator_fraction,27,6,3,20,0.0,0.0,73854,50.0330779136469,0.44982044431898327
fits_longer,row,mlp_positive,64,10000,test_block,top1_agreement,0,0,3,20,0.29345703125,0.009326555334067003,73854,50.0330779136469,0.44982044431898327
fits_longer,row,mlp_positive,64,10000,test_block,top1_agreement,0,6,3,20,0.004524739583333334,0.0010756973725168171,73854,50.0330779136469,0.44982044431898327
fits_longer,row,mlp_positive,64,10000,test_block,top1_agreement,14,0,3,20,0.95947265625,9.76562500000222e-05,73854,50.0330779136469,0.44982044431898327
fits_longer,row,mlp_positive,64,10000,test_block,top1_agreement,14,6,3,20,0.9504882812499998,1.3597399555105182e-16,73854,50.0330779136469,0.44982044431898327
fits_longer,row,mlp_positive,64,10000,test_block,top1_agreement,27,0,3,20,0.4214192708333333,0.004834066576531714,73854,50.0330779136469,0.44982044431898327
fits_longer,row,mlp_positive,64,10000,test_block,top1_agreement,27,6,3,20,0.3383463541666667,0.0052018188425620145,73854,50.0330779136469,0.44982044431898327
